1,812873.7544,151339.1390,848.4158,ES,B
2,812853.2212,151338.7528,848.5617,ES
3,812828.2352,151338.5945,848.7652,ES
4,812803.2154,151338.2744,848.9270,ES
5,812778.2185,151337.9483,849.0927,ES
6,812753.2194,151337.5834,849.2399,ES
7,812728.2123,151337.2239,849.3893,ES
8,812703.2155,151337.3821,849.5843,ES
9,812678.2269,151337.0410,849.6575,ES
10,812653.2451,151336.8119,849.8090,ES
11,812628.2432,151336.4053,849.9290,ES
12,812603.2662,151336.0323,850.0389,ES
13,812578.2729,151335.8964,850.1243,ES
14,812553.2836,151335.5236,850.2519,ES
15,812528.2710,151335.0727,850.3100,ES
16,812503.2622,151334.6559,850.3502,ES
17,812478.2433,151334.3287,850.4035,ES
18,812453.2553,151334.1160,850.4764,ES
19,812428.2404,151333.8288,850.4869,ES
20,812403.2570,151333.5879,850.5374,ES
21,812378.2543,151333.2795,850.5571,ES
22,812353.2593,151333.1269,850.5680,ES
23,812328.2520,151332.7120,850.5558,ES
24,812303.2625,151332.3819,850.5284,ES
25,812278.2799,151332.1035,850.5102,ES
26,812253.2586,151331.9494,850.4848,ES
27,812228.2678,151331.5751,850.4042,ES
28,812203.2790,151331.3194,850.3593,ES
29,812178.2944,151330.9621,850.3058,ES
30,812153.3007,151330.6192,850.2473,ES
31,812128.2985,151330.2657,850.1946,ES
32,812103.2751,151330.0929,850.1234,ES
33,812078.2599,151329.8181,850.0808,ES
34,812053.2561,151329.5218,850.0158,ES
35,812028.2650,151329.3092,849.9720,ES
36,812003.2872,151329.0190,849.9107,ES
37,811978.2990,151328.6660,849.8335,ES
38,811953.3226,151328.3501,849.7606,ES
39,811928.3271,151328.1678,849.6969,ES
40,811903.3106,151327.7613,849.6257,ES
41,811878.3086,151327.5285,849.5853,ES
42,811853.2942,151327.2731,849.5323,ES
43,811828.2983,151327.0935,849.4665,ES
44,811803.2707,151326.7729,849.4062,ES
45,811778.2955,151326.5134,849.3501,ES
46,811753.2929,151326.2801,849.3177,ES
47,811728.3121,151325.7781,849.2485,ES
48,811703.3108,151325.4011,849.1736,ES
49,811678.2990,151325.1286,849.1141,ES
50,811653.3081,151324.7752,849.0363,ES
51,811628.3147,151324.4470,848.9722,ES
52,811603.3099,151324.2001,848.9225,ES
53,811578.3084,151323.9326,848.8852,ES
54,811553.3222,151323.6733,848.8276,ES
55,811528.3323,151323.4299,848.7391,ES
56,811478.3242,151322.8131,848.6225,ES
57,811453.3045,151322.5475,848.5657,ES
58,811428.3253,151322.0735,848.4779,ES
59,811403.3223,151321.8196,848.4182,ES
60,811378.3370,151321.5095,848.3793,ES
61,811353.3443,151321.2149,848.3074,ES
62,811328.3390,151320.9367,848.2606,ES
63,811303.3311,151320.7700,848.2104,ES
64,811278.3326,151320.5016,848.1580,ES
65,811275.2460,151320.4685,848.1503,ES,E
66,811224.8700,151320.0514,848.1038,ES,B
67,811203.3576,151319.6099,848.0229,ES
68,811178.3514,151319.2881,847.9807,ES
69,811153.3490,151319.0778,847.9610,ES
70,811128.3402,151318.6986,847.9027,ES
71,811103.3421,151318.3177,847.7997,ES
72,811078.3542,151318.1277,847.7467,ES
73,811053.3686,151317.8405,847.6850,ES
74,811028.3675,151317.5189,847.6243,ES
75,811003.3749,151317.2061,847.5882,ES
76,810978.3788,151316.9454,847.5171,ES
77,810953.3745,151316.6111,847.4353,ES
78,810928.3615,151316.5279,847.3464,ES
79,810903.3547,151315.9797,847.2302,ES
80,810878.3653,151315.8068,847.1769,ES
81,810853.3585,151315.3624,847.1094,ES
82,810828.3540,151315.1121,847.0276,ES
83,810803.3711,151315.0108,846.9511,ES
84,810778.3892,151314.7299,846.8799,ES
85,810753.3788,151314.4596,846.8230,ES
86,810728.3857,151314.3997,846.7719,ES
87,810703.3792,151314.0844,846.7119,ES
88,810678.3806,151313.6159,846.6205,ES
89,810653.3861,151313.3428,846.5417,ES
90,810628.3725,151313.0810,846.5071,ES
91,810603.3698,151312.7054,846.4782,ES
92,810578.3622,151312.3442,846.4145,ES
93,810553.3776,151312.0876,846.3663,ES
94,810528.3812,151311.9597,846.3042,ES
95,810503.4084,151311.6674,846.2446,ES
96,810478.3888,151311.4056,846.1597,ES
97,810453.4017,151311.1570,846.1132,ES
98,810428.4063,151310.8768,846.0317,ES
99,810403.4124,151310.5664,845.9773,ES
100,810378.4107,151310.1782,845.9260,ES
101,810353.4119,151309.8693,845.8938,ES
102,810328.4054,151309.6067,845.8385,ES
103,810303.3738,151309.3431,845.7620,ES
104,810278.4153,151309.0933,845.7119,ES
105,810253.4107,151308.6891,845.6385,ES
106,810228.4104,151308.3283,845.5719,ES
107,810203.4228,151307.9972,845.5168,ES
108,810178.4424,151307.6948,845.4425,ES
109,810153.4377,151307.3564,845.3883,ES
110,810128.4240,151307.4691,845.4186,ES
111,810103.4178,151307.2884,845.3656,ES
112,810078.4115,151307.0041,845.3181,ES
113,810053.4269,151306.5097,845.2404,ES
114,810028.4400,151306.2166,845.1568,ES
115,810003.4527,151305.9147,845.0475,ES
116,809978.4689,151305.6833,844.9726,ES
117,809953.4587,151305.2976,844.8873,ES
118,809928.4437,151304.9383,844.8022,ES
119,809903.4747,151304.5739,844.7180,ES
120,809878.4793,151304.0971,844.6455,ES
121,809853.4934,151303.6871,844.5344,ES
122,809828.5170,151303.1145,844.5086,ES
123,809803.5364,151302.7944,844.4705,ES
124,809778.5812,151302.3484,844.4271,ES
125,809753.6024,151301.7665,844.3565,ES
126,809728.5884,151301.3767,844.2995,ES
127,809703.5906,151300.5438,844.2178,ES
128,809678.6054,151299.9525,844.1390,ES
129,809653.6448,151299.2406,844.0822,ES
130,809628.7138,151298.4926,843.9936,ES
131,809603.7672,151297.6853,843.9084,ES
132,809578.8115,151296.8552,843.8403,ES
133,809553.8651,151295.9391,843.7431,ES
134,809528.9429,151294.7076,843.6510,ES
135,809504.0066,151293.4635,843.5492,ES
136,809479.0492,151292.1144,843.4332,ES
137,809454.1111,151290.7159,843.3473,ES
138,809429.1938,151289.2545,843.2376,ES
139,809404.2655,151287.5455,843.1397,ES
140,809379.3509,151285.9335,843.0427,ES
141,809354.4352,151284.1615,842.9503,ES
142,809329.5260,151282.3971,842.8613,ES
143,809304.6201,151280.5540,842.7610,ES
144,809279.7254,151278.6396,842.6510,ES
145,809254.8370,151276.6377,842.5462,ES
146,809229.9908,151274.5971,842.4352,ES
147,809205.0972,151272.4114,842.3346,ES
148,809180.2033,151270.1179,842.2065,ES
149,809155.3268,151267.8136,842.1030,ES
150,809130.4749,151265.3857,842.0086,ES
151,809105.6724,151262.7782,841.8888,ES
152,809080.8604,151260.1671,841.7785,ES
153,809056.0384,151257.4806,841.6824,ES
154,809031.2091,151254.7006,841.5607,ES
155,809006.3948,151251.8009,841.4235,ES
156,808981.5445,151248.8277,841.3352,ES
157,808956.7485,151245.9839,841.2523,ES
158,808931.9948,151242.9396,841.1842,ES
159,808907.2807,151239.6441,841.0553,ES
160,808882.5222,151236.3920,840.9139,ES
161,808857.7580,151233.1050,840.7856,ES
162,808833.0255,151229.7031,840.6881,ES
163,808808.3134,151226.1848,840.5479,ES
164,808783.5964,151222.5793,840.3900,ES
165,808758.8938,151218.8712,840.2930,ES
166,808734.2439,151215.0009,840.2036,ES
167,808709.5698,151211.1712,840.1121,ES
168,808684.8673,151207.2397,840.0492,ES
169,808660.2009,151203.2402,839.9320,ES
170,808561.6364,151187.0377,839.4211,ES
171,808537.0299,151182.7923,839.2449,ES
172,808512.3964,151178.4468,839.1478,ES
173,808487.8328,151174.1320,839.0210,ES
174,808463.2711,151169.7029,838.9271,ES
175,808438.7265,151165.1003,838.8225,ES
176,808414.1917,151160.4775,838.7194,ES
177,808389.6725,151155.7613,838.6339,ES
178,808365.1968,151150.8385,838.5234,ES
179,808340.7488,151145.7893,838.3961,ES
180,808316.3208,151140.6752,838.2790,ES
181,808291.9303,151135.4606,838.1632,ES
182,808267.5107,151130.1773,838.0709,ES
183,808243.1239,151124.7104,837.9430,ES
184,808218.7116,151119.3291,837.8216,ES
185,808194.2981,151114.0005,837.7675,ES
186,808169.9222,151108.6129,837.6531,ES
187,808145.5994,151103.0220,837.5378,ES
188,808121.2666,151097.4218,837.4321,ES
189,808096.9700,151091.7199,837.3203,ES
190,808072.6961,151085.8664,837.2100,ES
191,808048.4422,151079.9894,837.1048,ES
192,808024.1783,151074.0525,837.0509,ES
193,807999.9927,151067.8702,836.9595,ES
194,807975.7746,151061.7691,836.8684,ES
195,807951.5233,151055.7581,836.8211,ES
196,807927.3472,151049.3979,836.7263,ES
197,807903.1933,151042.9940,836.6533,ES
198,807879.0634,151036.5509,836.5509,ES
199,807854.9753,151030.0933,836.4637,ES
200,807830.9032,151023.5556,836.3566,ES
201,807806.8423,151016.9411,836.2301,ES
202,807782.8124,151010.1074,836.0753,ES
203,807758.8050,151003.1728,835.9388,ES
204,807734.8062,150996.2093,835.8063,ES
205,807710.8344,150989.1983,835.7119,ES
206,807686.9215,150982.0782,835.6348,ES
207,807663.0323,150974.8001,835.5873,ES
208,807639.1025,150967.6538,835.5613,ES
209,807615.2299,150960.3586,835.4557,ES
210,807591.2918,150953.2389,835.4083,ES
211,807567.4640,150945.7964,835.3714,ES
212,807543.7279,150938.1590,835.3003,ES
213,807520.0064,150930.3715,835.2386,ES
214,807496.2691,150922.5660,835.1963,ES
215,807472.4675,150914.9146,835.1823,ES
216,807448.6558,150907.2726,835.1527,ES
217,807424.9713,150899.2736,835.1010,ES
218,807401.2164,150891.5145,835.0852,ES
219,807377.5511,150883.5565,835.0346,ES
220,807353.8334,150875.8479,835.0115,ES
221,807330.2077,150867.8673,834.9158,ES
222,807306.7070,150859.5032,834.8174,ES
223,807283.2391,150850.9482,834.7118,ES
224,807259.8087,150842.3186,834.6472,ES
225,807236.3117,150833.8563,834.6315,ES
226,807212.8926,150825.1927,834.5528,ES
227,807189.5025,150816.3928,834.4852,ES
228,807166.0906,150807.6404,834.4274,ES
229,807142.7185,150798.8989,834.3100,ES
230,807119.3501,150790.1059,834.2782,ES
231,807096.0795,150781.0781,834.2688,ES
232,807072.7495,150772.1374,834.1886,ES
233,807049.4817,150763.1032,834.1237,ES
234,807026.1999,150754.0404,834.1245,ES
235,807002.9713,150744.8645,834.0425,ES
236,806979.7918,150735.5257,833.9725,ES
237,806956.6397,150726.1083,833.9020,ES
238,806933.4653,150716.7956,833.8364,ES
239,806910.3416,150707.3463,833.8421,ES
240,806887.2414,150697.9427,833.7454,ES
241,806864.2405,150688.2466,833.6638,ES
242,806841.1966,150678.6328,833.6260,ES
243,806818.2371,150668.8643,833.6089,ES
244,806795.2157,150659.2000,833.6046,ES
245,806772.3380,150649.2395,833.5485,ES
246,806749.5164,150639.1055,833.4926,ES
247,806726.7236,150628.9047,833.3908,ES
248,806703.9321,150618.7125,833.3312,ES
249,806681.1526,150608.4327,833.2682,ES
250,806658.4733,150597.9521,833.1829,ES
251,806635.8030,150587.4611,833.0980,ES
252,806613.1122,150577.0203,832.9989,ES
253,806590.4523,150566.5481,832.9372,ES
254,806567.8356,150555.9541,832.8204,ES
255,806545.3407,150545.1542,832.7248,ES
256,806522.8950,150534.2422,832.6618,ES
257,806500.4553,150523.2626,832.5636,ES
258,806478.0406,150512.2520,832.4757,ES
259,806455.6002,150501.2941,832.3858,ES
260,806433.2232,150490.1967,832.3229,ES
261,806410.8774,150479.0459,832.1934,ES
262,806388.6210,150467.7095,832.0832,ES
263,806366.3229,150456.4311,831.9760,ES
264,806344.0472,150445.1283,831.8787,ES
265,806321.8630,150433.6717,831.7555,ES
266,806299.6759,150422.1775,831.6700,ES
267,806277.4787,150410.7538,831.5357,ES
268,806255.2769,150399.3198,831.4257,ES
269,806233.2358,150387.6494,831.2877,ES
270,806211.2263,150375.9387,831.2059,ES
271,806189.2392,150364.1169,831.1279,ES
272,806167.2988,150352.2075,830.9755,ES
273,806145.5148,150339.9929,830.8366,ES
274,806123.6143,150327.9643,830.7268,ES
275,806101.7750,150315.8371,830.6146,ES
276,806080.0440,150303.5177,830.4548,ES
277,806058.3079,150291.2349,830.3154,ES
278,806036.5630,150278.9695,830.2413,ES
279,806014.8560,150266.5900,830.1195,ES
280,805993.1828,150254.1942,829.9918,ES
281,805971.5818,150241.6449,829.8583,ES
282,805950.0452,150229.0102,829.7469,ES
283,805928.5205,150216.3467,829.6245,ES
284,805907.0344,150203.6202,829.4975,ES
285,805885.5820,150190.8238,829.3846,ES
286,805864.1898,150177.9435,829.2796,ES
287,805842.8221,150165.0341,829.1383,ES
288,805821.5837,150151.9065,828.9961,ES
289,805800.2558,150138.8935,828.8480,ES
290,805778.8920,150125.9508,828.7924,ES
291,805757.7202,150112.6352,828.6693,ES
292,805736.5177,150099.4144,828.5425,ES
293,805715.2664,150086.2510,828.4502,ES
294,805694.0719,150072.9856,828.3658,ES
295,805672.7649,150059.9101,828.2721,ES
296,805651.5087,150046.7720,828.1578,ES
297,805630.2412,150033.6428,828.0575,ES
298,805609.0581,150020.3624,827.9467,ES
299,805587.8328,150007.1408,827.8274,ES
300,805566.6464,149993.8745,827.6525,ES
301,805545.4337,149980.6487,827.5020,ES
302,805524.1787,149967.4963,827.3408,ES
303,805502.8829,149954.4215,827.2407,ES
304,805481.7573,149941.0757,827.1696,ES
305,805460.5535,149927.8635,827.0319,ES
306,805439.3406,149914.5899,826.9464,ES
307,805418.0727,149901.3883,826.8028,ES
308,805396.9145,149888.0771,826.6985,ES
309,805375.6797,149874.8913,826.5816,ES
310,805354.5269,149861.5859,826.4141,ES
311,805333.3445,149848.3448,826.3282,ES
312,805312.1194,149835.1313,826.2564,ES
313,805290.9137,149821.8849,826.1617,ES
314,805269.7122,149808.6255,826.0535,ES
315,805248.4926,149795.3767,825.9502,ES
316,805227.3360,149782.0902,825.8385,ES
317,805206.0420,149768.9749,825.7661,ES
318,805184.8235,149755.7523,825.6955,ES
319,805163.5881,149742.5237,825.6131,ES
320,805142.4578,149729.1487,825.4789,ES
321,805128.2872,149720.2209,825.4474,ES,E
322,805110.5775,149709.1150,825.3738,ES,B
323,805089.8204,149696.2102,825.2926,ES
324,805068.5317,149683.1391,825.2813,ES
325,805047.3592,149669.8608,825.2041,ES
326,805026.2000,149656.5650,825.1251,ES
327,805005.0109,149643.2866,825.0225,ES
328,804983.8384,149629.9689,824.9909,ES
329,804962.5631,149616.8459,824.9753,ES
330,804941.3892,149603.5567,824.9623,ES
331,804920.2218,149590.2679,824.9473,ES
332,804898.9739,149577.0542,824.9616,ES
333,804877.8163,149563.7170,824.9212,ES
334,804856.6587,149550.4027,824.9286,ES
335,804835.5158,149537.0342,824.9051,ES
336,804814.2568,149523.9028,824.9084,ES
337,804793.0078,149510.7485,824.8730,ES
338,804771.8100,149497.4937,824.8678,ES
339,804750.5875,149484.2830,824.8826,ES
340,804729.3491,149471.0684,824.9037,ES
341,804708.1781,149457.7592,824.9213,ES
342,804686.9702,149444.5064,824.9240,ES
343,804665.8215,149431.1690,824.9547,ES
344,804644.6583,149417.8765,824.9693,ES
345,804623.4198,149404.6686,825.0209,ES
346,804602.2305,149391.4218,825.0832,ES
347,804581.0501,149378.1810,825.1450,ES
348,804559.8128,149365.0093,825.1813,ES
349,804538.5328,149351.8943,825.2313,ES
350,804517.2616,149338.7267,825.2404,ES
351,804495.9566,149325.6039,825.2461,ES
352,804474.9934,149311.9665,825.2290,ES
353,804453.8198,149298.6774,825.2838,ES
354,804432.7853,149285.1953,825.3142,ES
355,804411.6393,149271.8865,825.3468,ES
356,804390.4551,149258.5792,825.3477,ES
357,804369.2483,149245.3653,825.3989,ES
358,804348.0565,149232.1222,825.4384,ES
359,804326.8497,149218.9074,825.4228,ES
360,804305.6261,149205.7012,825.5011,ES
361,804284.4779,149192.3953,825.5159,ES
362,804263.2484,149179.2020,825.5660,ES
363,804241.9840,149165.9935,825.5726,ES
364,804220.8432,149152.6186,825.5700,ES
365,804199.6699,149139.3418,825.5801,ES
366,804178.4349,149126.1494,825.6050,ES
367,804157.2457,149112.8916,825.6323,ES
368,804136.0545,149099.6174,825.6603,ES
369,804114.8852,149086.3280,825.6947,ES
370,804093.6735,149073.0994,825.7258,ES
371,804072.5223,149059.7788,825.7649,ES
372,804051.2620,149046.6071,825.7802,ES
373,804030.0474,149033.3793,825.8049,ES
374,804008.8574,149020.1233,825.8388,ES
375,803987.6454,149006.8715,825.8928,ES
376,803966.4954,148993.5675,825.9000,ES
377,803945.3048,148980.2873,825.9200,ES
378,803924.1140,148967.0320,825.9389,ES
379,803902.9268,148953.7637,825.9674,ES
380,803881.7428,148940.4945,825.9704,ES
381,803860.5533,148927.2116,825.9721,ES
382,803839.2782,148914.0736,825.9651,ES
383,803818.1089,148900.7752,825.9295,ES
384,803796.8779,148887.5747,825.9133,ES
385,803775.8275,148874.0985,825.8206,ES
386,803754.6428,148860.8379,825.7846,ES
387,803733.4504,148847.5501,825.7724,ES
388,803712.2397,148834.3499,825.7819,ES
389,803691.0654,148821.0623,825.8073,ES
390,803669.7835,148807.9308,825.8380,ES
391,803648.6833,148794.5555,825.8029,ES
392,803627.4713,148781.3413,825.8182,ES
393,803606.3938,148767.8509,825.8362,ES
394,803585.2761,148754.4798,825.8537,ES
395,803564.0462,148741.1825,825.8891,ES
396,803542.8561,148727.9387,825.9158,ES
397,803521.6247,148714.7250,825.9242,ES
398,803500.3466,148701.6191,825.9357,ES
399,803479.2588,148688.2021,825.9542,ES
400,803457.9169,148675.1662,825.9994,ES
401,803436.7018,148661.9339,826.0481,ES
402,803415.5155,148648.6848,826.0945,ES
403,803394.1466,148635.6627,826.1431,ES
404,803373.0094,148622.3418,826.2196,ES
405,803351.7857,148609.1465,826.2467,ES
406,803330.5539,148595.9197,826.3140,ES
407,803309.2976,148582.7346,826.3582,ES
408,803288.0580,148569.5675,826.4303,ES
409,803266.8117,148556.3997,826.5193,ES
410,803245.6295,148543.1682,826.6072,ES
411,803224.5144,148529.7882,826.6932,ES
412,803203.2090,148516.6810,826.8102,ES
413,803182.0142,148503.4796,826.8844,ES
414,803160.8159,148490.1720,826.9644,ES
415,803139.4937,148477.0841,827.0518,ES
416,803118.3426,148463.7942,827.0930,ES
417,803097.0830,148450.6016,827.1353,ES
418,803075.8481,148437.3966,827.1674,ES
419,803054.6939,148424.0892,827.1707,ES
420,803033.5433,148410.7801,827.1917,ES
421,803012.3909,148397.4605,827.2131,ES
422,802991.0791,148384.3851,827.2975,ES
423,802969.7943,148371.2543,827.3666,ES
424,802948.7176,148357.8467,827.3768,ES
425,802927.3911,148344.7674,827.4204,ES
426,802906.1614,148331.5833,827.4771,ES
427,802884.9563,148318.3391,827.4736,ES
428,802863.7549,148305.0557,827.5212,ES
429,802842.5018,148291.8558,827.5404,ES
430,802821.2323,148278.7030,827.5585,ES
431,802799.8636,148265.7068,827.5439,ES
432,802778.6610,148252.4908,827.5878,ES
433,802757.1482,148239.8202,827.7266,ES
434,802736.1695,148226.2359,827.7205,ES
435,802714.9815,148212.9791,827.7671,ES
436,802693.7540,148199.8146,827.7822,ES
437,802672.5496,148186.5720,827.7880,ES
438,802651.4140,148173.1767,827.8158,ES
439,802630.1533,148160.0163,827.8617,ES
440,802608.9150,148146.8369,827.8781,ES
441,802587.7691,148133.5163,827.9093,ES
442,802566.5831,148120.2467,827.9533,ES
443,802545.4110,148106.9470,828.0223,ES
444,802524.1425,148093.7792,828.0546,ES
445,802502.9820,148080.4862,828.0602,ES
446,802481.7986,148067.2239,828.0944,ES
447,802460.5363,148054.0594,828.1008,ES
448,802439.3269,148040.8266,828.1088,ES
449,802418.1170,148027.5440,828.1160,ES
450,802396.8855,148014.3126,828.1586,ES
451,802375.6638,148001.0987,828.2193,ES
452,802354.4813,147987.8502,828.2562,ES
453,802333.2963,147974.5593,828.2827,ES
454,802312.0372,147961.4461,828.3141,ES
455,802290.8232,147948.1959,828.2997,ES
456,802269.6452,147934.9401,828.3479,ES
457,802248.4130,147921.6906,828.3788,ES
458,802227.1758,147908.5284,828.4633,ES
459,802205.9848,147895.2427,828.4578,ES
460,802184.7893,147882.0491,828.4983,ES
461,802163.5904,147868.7875,828.5498,ES
462,802142.3701,147855.5760,828.5966,ES
463,802121.2370,147842.2252,828.6119,ES
464,802100.0133,147829.0248,828.6375,ES
465,802078.8140,147815.7616,828.6665,ES
466,802057.5747,147802.5295,828.6758,ES
467,802036.3323,147789.2854,828.6939,ES
468,802015.1591,147776.0025,828.7429,ES
469,801993.9808,147762.7431,828.7517,ES
470,801972.7492,147749.5884,828.7703,ES
471,801951.5449,147736.3728,828.7905,ES
472,801930.3515,147723.1043,828.8098,ES
473,801909.1703,147709.8122,828.8546,ES
474,801887.9966,147696.5234,828.8815,ES
475,801866.6186,147683.5706,828.9353,ES
476,801845.5159,147670.1262,828.9822,ES
477,801824.3046,147656.8793,829.0210,ES
478,801803.0219,147643.7634,829.0723,ES
479,801781.8326,147630.4982,829.1067,ES
480,801760.5553,147617.3231,829.1378,ES
481,801739.3710,147604.0892,829.1682,ES
482,801718.1569,147590.8998,829.1858,ES
483,801696.9524,147577.6492,829.1908,ES
484,801675.7573,147564.3613,829.1846,ES
485,801654.5533,147551.1214,829.2095,ES
486,801633.3711,147537.9001,829.2389,ES
487,801612.1221,147524.7196,829.2847,ES
488,801590.9637,147511.3944,829.3339,ES
489,801569.7406,147498.2048,829.3633,ES
490,801548.5451,147484.9450,829.3938,ES
491,801527.3244,147471.7201,829.4299,ES
492,801506.1526,147458.3915,829.4449,ES
493,801484.8924,147445.2169,829.4644,ES
494,801463.7009,147432.0204,829.4539,ES
495,801442.5213,147418.7339,829.4719,ES
496,801421.3432,147405.4101,829.5157,ES
497,801400.1440,147392.1430,829.5667,ES
498,801378.9304,147378.9409,829.5989,ES
499,801357.7399,147365.7072,829.6139,ES
500,801336.5308,147352.4061,829.6211,ES
501,801315.2980,147339.2073,829.6575,ES
502,801294.0875,147326.0253,829.6975,ES
503,801272.8284,147312.8599,829.7442,ES
504,801251.6233,147299.6093,829.7891,ES
505,801230.4818,147286.2887,829.8310,ES
506,801209.2834,147273.0177,829.8694,ES
507,801188.0912,147259.7838,829.9013,ES
508,801166.8820,147246.5455,829.9100,ES
509,801145.6902,147233.2666,829.9290,ES
510,801124.5620,147219.8842,829.9462,ES
511,801103.2895,147206.7631,829.9516,ES
512,801082.0516,147193.5729,830.0131,ES
513,801060.8402,147180.3209,830.0368,ES
514,801039.6373,147167.1109,830.0597,ES
515,801018.4473,147153.8457,830.0748,ES
516,800997.2371,147140.6010,830.0859,ES
517,800976.0128,147127.3335,830.1138,ES
518,800954.7653,147114.1536,830.1456,ES
519,800933.6088,147100.9163,830.1811,ES
520,800912.4293,147087.6432,830.2141,ES
521,800891.2576,147074.3581,830.2417,ES
522,800870.0216,147061.1180,830.2929,ES
523,800848.7408,147047.9818,830.3543,ES
524,800827.5112,147034.7577,830.3796,ES
525,800806.2721,147021.5673,830.4003,ES
526,800785.1444,147008.2696,830.4098,ES
527,800763.9949,146994.9154,830.4221,ES
528,800742.7630,146981.6550,830.4389,ES
529,800721.5129,146968.4927,830.4618,ES
530,800700.2676,146955.3211,830.4973,ES
531,800679.0509,146942.1576,830.5407,ES
532,800657.8629,146928.9065,830.5796,ES
533,800636.6589,146915.6936,830.6017,ES
534,800615.4145,146902.5032,830.6313,ES
535,800594.1336,146889.3213,830.6719,ES
536,800572.8775,146876.0742,830.7103,ES
537,800551.7828,146862.7124,830.7351,ES
538,800530.5510,146849.5356,830.7559,ES
539,800509.3641,146836.3020,830.7832,ES
540,800488.2231,146822.9503,830.7795,ES
541,800467.0130,146809.7403,830.7988,ES
542,800445.8241,146796.4675,830.8500,ES
543,800424.6305,146783.1895,830.8705,ES
544,800403.4332,146769.9410,830.8821,ES
545,800382.2299,146756.6786,830.9013,ES
546,800360.9772,146743.5199,830.9398,ES
547,800339.7728,146730.2764,830.9631,ES
548,800318.5516,146717.0239,831.0073,ES
549,800297.3102,146703.8245,831.0629,ES
550,800276.1033,146690.6297,831.1418,ES
551,800255.0100,146677.2216,831.1632,ES
552,800233.8133,146663.9783,831.1787,ES
553,800212.6167,146650.7145,831.2205,ES
554,800191.4166,146637.4634,831.2559,ES
555,800170.1317,146624.3335,831.2861,ES
556,800148.9316,146611.1128,831.3187,ES
557,800127.6450,146598.0044,831.3809,ES
558,800106.4426,146584.7256,831.4240,ES
559,800085.2318,146571.5010,831.4635,ES
560,800064.0099,146558.2551,831.4898,ES
561,800042.8636,146544.9412,831.5155,ES
562,800021.7094,146531.6282,831.5225,ES
563,800000.4837,146518.4239,831.5313,ES
564,799979.3230,146505.1497,831.5792,ES
565,799958.1104,146491.9012,831.6250,ES
566,799936.9135,146478.6270,831.6468,ES
567,799915.6759,146465.4420,831.6661,ES
568,799894.4729,146452.1903,831.7066,ES
569,799873.2555,146438.9529,831.7389,ES
570,799852.0721,146425.6954,831.7341,ES
571,799830.8633,146412.4461,831.7616,ES
572,799809.6518,146399.2187,831.7785,ES
573,799788.5083,146385.9008,831.7863,ES
574,799767.3246,146372.5873,831.8255,ES
575,799746.1084,146359.3760,831.8587,ES
576,799724.8996,146346.1478,831.8994,ES
577,799703.7116,146332.9193,831.9365,ES
578,799682.4735,146319.7033,831.9685,ES
579,799661.2756,146306.4455,831.9889,ES
580,799640.0887,146293.2026,832.0174,ES
581,799618.9023,146279.9108,832.0463,ES
582,799597.7003,146266.6453,832.0761,ES
583,799576.4928,146253.4094,832.1085,ES
584,799555.2883,146240.1719,832.1410,ES
585,799534.0851,146226.9265,832.1690,ES
586,799512.8872,146213.6853,832.2000,ES
587,799491.7387,146200.3628,832.2379,ES
588,799470.5607,146187.0963,832.2667,ES
589,799449.3296,146173.8672,832.2990,ES
590,799428.1240,146160.6021,832.3535,ES
591,799406.8635,146147.4255,832.4209,ES
592,799385.6139,146134.2637,832.4296,ES
593,799321.9077,146094.7383,832.5282,ES
594,799300.7652,146081.3831,832.5391,ES
595,799279.6101,146068.0789,832.5234,ES
596,799258.3846,146054.8369,832.5600,ES
597,799237.1136,146041.6712,832.5849,ES
598,799215.9035,146028.4252,832.6154,ES
599,799194.7484,146015.0990,832.6568,ES
600,799173.5098,146001.9217,832.6762,ES
601,799152.1665,145988.8890,832.7392,ES
602,799130.9879,145975.6402,832.7507,ES
603,799109.7864,145962.4165,832.8025,ES
604,799088.5335,145949.2554,832.8188,ES
605,799067.3737,145935.9051,832.8312,ES
606,799046.1614,145922.6783,832.9017,ES
607,799024.9629,145909.4426,832.9427,ES
608,799003.7894,145896.1472,832.9644,ES
609,798982.5826,145882.9167,832.9698,ES
610,798961.3816,145869.6747,832.9903,ES
611,798940.1170,145856.5078,833.0223,ES
612,798918.8968,145843.2793,833.0468,ES
613,798897.7372,145829.9709,833.0781,ES
614,798876.5206,145816.7532,833.1091,ES
615,798855.2997,145803.5230,833.1364,ES
616,798834.0793,145790.3173,833.1726,ES
617,798812.8550,145777.0892,833.2099,ES
618,798791.6365,145763.8953,833.2334,ES
619,798770.4458,145750.6729,833.2481,ES
620,798749.2547,145737.3756,833.2787,ES
621,798728.0365,145724.1547,833.3107,ES
622,798706.8052,145710.9485,833.3239,ES
623,798685.5994,145697.7129,833.3531,ES
624,798664.4416,145684.4298,833.4102,ES
625,798643.2542,145671.1362,833.4370,ES
626,798622.0423,145657.8690,833.4536,ES
627,798600.8175,145644.6582,833.4757,ES
628,798579.5347,145631.5495,833.4939,ES
629,798558.3301,145618.3378,833.5438,ES
630,798537.1354,145605.0776,833.5740,ES
631,798515.9336,145591.8164,833.6081,ES
632,798494.7276,145578.5782,833.6467,ES
633,798473.5059,145565.3266,833.6736,ES
634,798452.2388,145552.2148,833.6956,ES
635,798431.0398,145538.9884,833.6897,ES
636,798409.8526,145525.7240,833.7083,ES
637,798388.6617,145512.4465,833.7283,ES
638,798367.4687,145499.1914,833.7603,ES
639,798346.2694,145485.9217,833.7788,ES
640,798325.0659,145472.6832,833.7939,ES
641,798303.8581,145459.4314,833.8120,ES
642,798282.6431,145446.2014,833.8231,ES
643,798261.4205,145432.9741,833.8023,ES
644,798240.2061,145419.7765,833.8038,ES
645,798219.0194,145406.5435,833.8141,ES
646,798197.8502,145393.2526,833.8215,ES
647,798176.6833,145379.9599,833.8602,ES
648,798155.5122,145366.6349,833.8470,ES
649,798134.3138,145353.3453,833.8284,ES
650,798113.0930,145340.1093,833.8278,ES
651,798091.8668,145326.9051,833.8255,ES
652,798070.6566,145313.7045,833.8072,ES
653,798049.4610,145300.4536,833.7838,ES
654,798028.2425,145287.1775,833.7484,ES
655,798007.0396,145273.8865,833.7104,ES
656,798002.6510,145271.1782,833.7065,ES,E
657,797992.6809,145264.9053,833.6727,ES,B
658,797973.5599,145252.9640,833.6563,ES
659,797952.3787,145239.7339,833.6271,ES
660,797931.1742,145226.4792,833.6071,ES
661,797909.9772,145213.2504,833.5736,ES
662,797888.7536,145200.0377,833.5309,ES
663,797867.4782,145186.8890,833.4898,ES
664,797846.2773,145173.5966,833.4605,ES
665,797825.0725,145160.3547,833.4248,ES
666,797803.8736,145147.1071,833.3562,ES
667,797782.7308,145133.8263,833.3159,ES
668,797761.5621,145120.5535,833.2652,ES
669,797740.4008,145107.2207,833.1984,ES
670,797719.2333,145093.9042,833.1147,ES
671,797698.0194,145080.6536,833.0483,ES
672,797676.7945,145067.4188,832.9804,ES
673,797655.4765,145054.3509,832.9579,ES
674,797634.2811,145041.1132,832.8895,ES
675,797613.0733,145027.9119,832.8323,ES
676,797591.8943,145014.6138,832.7597,ES
677,797570.6870,145001.3758,832.6908,ES
678,797549.4917,144988.1453,832.6135,ES
679,797528.3075,144974.8754,832.5329,ES
680,797507.1507,144961.6141,832.4482,ES
681,797485.8625,144948.4221,832.3566,ES
682,797464.7363,144935.0880,832.2728,ES
683,797443.5320,144921.7932,832.1884,ES
684,797422.3055,144908.5674,832.0952,ES
685,797401.0772,144895.3735,832.0142,ES
686,797379.8478,144882.1606,831.9233,ES
687,797358.6245,144868.9699,831.8411,ES
688,797337.4301,144855.7594,831.7666,ES
689,797316.2287,144842.4602,831.6863,ES
690,797295.0066,144829.2392,831.5826,ES
691,797273.7903,144816.0339,831.4987,ES
692,797252.6743,144802.6774,831.3918,ES
693,797231.4980,144789.4173,831.2841,ES
694,797210.3096,144776.1026,831.1723,ES
695,797188.9864,144763.0188,831.0878,ES
696,797167.7210,144749.8880,831.0431,ES
697,797146.4293,144736.7680,830.9542,ES
698,797125.1976,144723.5698,830.8605,ES
699,797103.9946,144710.3889,830.7700,ES
700,797082.8128,144697.1064,830.6741,ES
701,797061.7255,144683.6647,830.5566,ES
702,797040.4210,144670.5255,830.4478,ES
703,797019.2691,144657.2032,830.3373,ES
704,796983.4074,144634.7174,830.1272,ES,E
705,812888.5059,151189.7473,848.2484,ES,B
706,812888.5035,151189.7101,848.2838,ES
707,812863.5039,151190.0827,848.4449,ES
708,812838.4843,151190.3683,848.6273,ES
709,812813.4981,151190.7294,848.8602,ES
710,812788.5023,151191.1028,849.0076,ES
711,812763.5117,151191.4252,849.1650,ES
712,812738.4918,151191.7318,849.3188,ES
713,812713.5008,151192.0908,849.4745,ES
714,812688.5095,151192.6082,849.6060,ES
715,812663.5315,151192.8709,849.7479,ES
716,812638.4935,151193.0976,849.8298,ES
717,812613.4825,151193.3929,849.9336,ES
718,812588.4842,151193.7308,850.0726,ES
719,812563.5100,151194.0579,850.1446,ES
720,812538.5163,151194.3183,850.2130,ES
721,812513.5360,151194.7765,850.2842,ES
722,812488.5211,151195.0756,850.3419,ES
723,812463.5168,151195.5242,850.4189,ES
724,812438.5264,151195.8440,850.4720,ES
725,812413.5437,151196.1961,850.4933,ES
726,812388.5329,151196.4277,850.4796,ES
727,812363.5216,151196.8836,850.4977,ES
728,812338.5331,151197.1779,850.5074,ES
729,812313.5445,151197.5354,850.5039,ES
730,812288.5473,151197.8724,850.5159,ES
731,812263.5425,151198.1345,850.5091,ES
732,812238.5520,151198.7801,850.5505,ES
733,812188.5264,151199.4238,850.4125,ES
734,812163.5358,151199.7389,850.3575,ES
735,812138.5529,151200.0488,850.2995,ES
736,812113.5678,151200.4093,850.2551,ES
737,812088.5634,151200.8401,850.2220,ES
738,812063.5624,151201.0680,850.1229,ES
739,812038.5469,151201.3002,850.0420,ES
740,812013.5541,151201.6929,849.9827,ES
741,811988.5873,151202.0760,849.9343,ES
742,811963.6034,151202.3898,849.8628,ES
743,811938.6159,151202.6714,849.7920,ES
744,811913.6042,151202.9283,849.7301,ES
745,811888.6090,151203.3016,849.6852,ES
746,811863.6131,151203.7192,849.6372,ES
747,811838.5912,151203.9994,849.5854,ES
748,811813.5826,151204.3349,849.5289,ES
749,811788.5636,151204.7700,849.4778,ES
750,811763.5715,151205.1845,849.4138,ES
751,811738.5961,151205.5022,849.3934,ES
752,811713.5994,151205.8533,849.2987,ES
753,811688.6134,151206.2396,849.2676,ES
754,811663.6141,151206.5634,849.2015,ES
755,811638.5740,151206.8543,849.1295,ES
756,811613.5875,151207.3659,849.0581,ES
757,811588.6112,151207.8454,849.0132,ES
758,811563.6076,151208.3290,848.9389,ES
759,811538.6264,151208.3512,848.8635,ES
760,811513.6117,151208.5832,848.7960,ES
761,811488.6406,151209.0974,848.7363,ES
762,811463.6577,151209.3710,848.7049,ES
763,811438.6508,151209.6701,848.6205,ES
764,811413.6649,151209.9032,848.5410,ES
765,811388.6372,151210.2299,848.4677,ES
766,811363.6203,151210.7371,848.4238,ES
767,811338.6886,151210.9494,848.3137,ES
768,811313.6370,151211.2263,848.2077,ES
769,811288.6104,151211.5788,848.1423,ES
770,811263.6005,151211.8151,848.1332,ES
771,811238.6618,151212.7397,848.1398,ES
772,811213.6912,151213.2395,848.0723,ES
773,811188.7054,151213.4689,847.9911,ES
774,811163.6247,151213.5813,847.9281,ES
775,811138.6032,151213.7282,847.8294,ES
776,811114.0136,151214.0955,847.7116,ES
777,811089.1867,151213.5554,847.5696,ES
778,811064.1047,151213.0041,847.4490,ES
779,811039.1565,151212.3054,847.3817,ES
780,811014.1332,151211.5550,847.3362,ES
781,810989.1173,151210.8625,847.2505,ES
782,810964.1443,151210.1206,847.1309,ES
783,810939.1687,151209.4890,847.0283,ES
784,810914.1996,151208.8077,846.8553,ES
785,810889.1573,151208.1614,846.7373,ES
786,810864.1733,151207.6354,846.6775,ES
787,810839.1243,151207.0095,846.6399,ES
788,810813.9429,151206.2172,846.5962,ES
789,810788.8412,151206.4169,846.5344,ES
790,810763.8008,151206.6056,846.4549,ES
791,810738.7584,151206.7970,846.3337,ES
792,810713.9920,151207.2397,846.3161,ES
793,810699.5536,151207.2880,846.2330,ES,E
794,809681.6325,151227.1753,844.3475,ES,B
795,809681.2171,151227.2827,844.3374,ES
796,809656.2600,151226.2922,843.9405,ES
797,809631.3391,151225.2787,843.7303,ES
798,809606.3972,151224.4385,843.5510,ES
799,809581.4595,151223.4443,843.4513,ES
800,809556.5043,151222.2026,843.3665,ES
801,809531.5836,151221.0229,843.3228,ES
802,809506.6407,151219.7949,843.2673,ES
803,809456.7633,151217.3918,843.0306,ES
804,809431.8363,151215.6445,842.9276,ES
805,809406.9107,151214.1010,842.8496,ES
806,809382.0108,151212.4809,842.7662,ES
807,809357.0815,151210.7584,842.6825,ES
808,809332.1821,151208.9785,842.6052,ES
809,809307.2963,151207.0542,842.5205,ES
810,809257.5553,151203.0135,842.2812,ES
811,809232.6859,151201.0001,842.1883,ES
812,809207.8319,151198.6528,842.0403,ES
813,809182.9603,151196.2938,841.9289,ES
814,809158.0854,151193.9277,841.8111,ES
815,809133.2355,151191.5854,841.6604,ES
816,809108.4010,151189.2514,841.6062,ES
817,809083.5452,151186.6619,841.4988,ES
818,809058.7358,151183.7811,841.3953,ES
819,809033.8749,151181.3331,841.2975,ES
820,809009.1062,151178.3268,841.1545,ES
821,808984.3043,151175.3664,841.0116,ES
822,808959.5130,151172.3398,840.9035,ES
823,808934.7456,151169.4352,840.8136,ES
824,808910.0168,151166.2380,840.6794,ES
825,808885.2490,151162.8597,840.5705,ES
826,808860.4745,151159.6867,840.4830,ES
827,808835.7919,151156.1323,840.3777,ES
828,808811.0286,151152.6319,840.2901,ES
829,808786.3593,151148.9096,840.2270,ES
830,808761.5202,151146.2724,840.2008,ES
831,808712.1890,151138.4223,840.0344,ES
832,808687.5622,151134.3526,839.9158,ES
833,808662.9709,151130.2116,839.7894,ES
834,808638.2958,151126.0669,839.5853,ES
835,808632.1257,151125.0233,839.5560,ES
836,808628.8673,151125.0045,839.5069,ES
837,808613.5224,151122.5906,839.4762,ES
838,808588.9648,151118.3552,839.3244,ES
839,808564.4225,151113.5069,839.1878,ES
840,808539.8880,151108.7831,839.0303,ES
841,808515.3109,151104.6491,838.9312,ES
842,808490.7703,151100.0122,838.8185,ES
843,808466.1901,151095.5504,838.6859,ES
844,808441.6959,151090.9705,838.5647,ES
845,808417.1803,151086.3645,838.4620,ES
846,808368.2118,151076.4770,838.2240,ES
847,808343.8316,151071.0494,838.1299,ES
848,808319.3692,151065.9960,838.0355,ES
849,808294.8873,151060.8566,837.9163,ES
850,808270.4994,151055.8002,837.8585,ES
851,808246.0855,151050.6379,837.7770,ES
852,808221.7420,151044.9524,837.6312,ES
853,808197.3122,151039.7650,837.5013,ES
854,808173.0307,151033.9296,837.4113,ES
855,808148.6938,151028.2746,837.3041,ES
856,808124.4178,151022.5561,837.1866,ES
857,808100.1443,151016.9112,837.0966,ES
858,808075.8711,151011.0673,837.0004,ES
859,808051.6139,151005.0787,836.8883,ES
860,808027.3527,150999.1383,836.7916,ES
861,808003.1674,150993.0407,836.6982,ES
862,807979.0151,150986.7337,836.5864,ES
863,807954.7946,150980.4962,836.5038,ES
864,807930.6286,150974.1303,836.4328,ES
865,807906.4905,150967.7719,836.3525,ES
866,807882.3127,150961.6469,836.2635,ES
867,807858.3310,150954.7828,836.2109,ES
868,807834.2199,150948.2565,836.1369,ES
869,807810.0866,150941.8698,836.0518,ES
870,807786.1151,150934.7999,835.9315,ES
871,807762.0726,150927.9129,835.8360,ES
872,807738.1446,150921.1088,835.7435,ES
873,807714.2181,150913.8227,835.6084,ES
874,807690.2404,150906.7148,835.5355,ES
875,807666.3651,150899.5999,835.4803,ES
876,807642.5330,150892.3266,835.4695,ES
877,807618.7169,150884.6398,835.3880,ES
878,807594.8728,150877.2591,835.3590,ES
879,807570.9997,150869.5986,835.3717,ES
880,807547.2676,150861.9380,835.4486,ES,E
881,812853.8452,151394.7817,848.6870,ES,B
882,812842.2437,151394.6159,848.7666,ES
883,812817.2343,151394.3197,848.9353,ES
884,812792.2454,151393.9747,849.1217,ES
885,812767.2211,151393.6039,849.3059,ES
886,812742.2363,151393.3616,849.4586,ES
887,812717.2441,151393.2020,849.5754,ES
888,812692.2465,151392.8456,849.7400,ES
889,812667.2569,151392.6720,849.8456,ES
890,812642.2307,151392.4095,849.9681,ES
891,812617.2161,151392.0843,850.0724,ES
892,812592.2188,151391.6549,850.1793,ES
893,812567.2323,151391.3114,850.2630,ES
894,812542.2198,151391.0291,850.3453,ES
895,812517.1898,151390.8101,850.4080,ES
896,812492.2753,151390.5397,850.4665,ES
897,812467.3103,151390.3943,850.4814,ES
898,812442.3348,151390.0300,850.5742,ES
899,812417.3176,151389.8099,850.5825,ES
900,812392.2635,151389.5860,850.6047,ES
901,812367.2317,151389.1953,850.6378,ES
902,812342.2453,151388.9845,850.6076,ES
903,812317.2526,151388.6558,850.6285,ES
904,812292.2644,151388.3238,850.6170,ES
905,812267.2645,151387.9834,850.5870,ES
906,812242.2665,151388.0646,850.5003,ES
907,812217.2505,151387.7812,850.4750,ES
908,812192.2664,151387.2621,850.4319,ES
909,812167.3184,151386.9878,850.3783,ES
910,812142.3121,151386.6237,850.3469,ES
911,812117.3262,151386.2995,850.2380,ES
912,812092.3193,151386.0680,850.1738,ES
913,812067.3065,151385.8479,850.1334,ES
914,812042.2881,151385.4501,850.0864,ES
915,812017.2300,151385.0481,850.0360,ES
916,811992.2391,151384.5596,850.0055,ES
917,811967.2942,151384.3316,849.9255,ES
918,811942.3292,151384.2184,849.8168,ES
919,811917.3395,151383.8369,849.7759,ES
920,811892.3146,151383.8620,849.6602,ES
921,811867.2626,151383.5992,849.5976,ES
922,811842.2680,151383.2203,849.5434,ES
923,811817.2861,151382.9206,849.4893,ES
924,811792.3189,151382.5021,849.4566,ES
925,811767.3160,151382.1987,849.4218,ES
926,811742.3085,151381.7965,849.3718,ES
927,811717.3289,151381.6435,849.2691,ES
928,811692.3438,151381.1451,849.2102,ES
929,811667.2898,151381.0450,849.1324,ES
930,811642.3033,151380.7019,849.0631,ES
931,811617.3227,151380.2656,848.9903,ES
932,811592.3238,151380.1725,848.9088,ES
933,811567.3298,151379.9360,848.8420,ES
934,811542.3224,151379.6585,848.8310,ES
935,811517.3249,151379.3541,848.7681,ES
936,811492.3154,151378.9185,848.7362,ES
937,811467.3237,151378.5868,848.6691,ES
938,811442.3458,151378.3493,848.5548,ES
939,811392.3503,151377.6961,848.4179,ES
940,811367.3319,151377.3496,848.3247,ES
941,811342.3653,151376.9943,848.2900,ES
942,811317.3525,151376.6776,848.2333,ES
943,811292.3245,151376.3936,848.1732,ES
944,811267.3233,151376.0434,848.1265,ES
945,811242.3119,151375.7069,848.0824,ES
946,811217.3568,151375.4287,848.0205,ES
947,811192.3935,151375.2024,847.9335,ES
948,811167.3790,151374.8261,847.8987,ES
949,811142.3930,151374.5739,847.8208,ES
950,811117.3924,151374.3276,847.7496,ES
951,811092.3368,151374.2380,847.6820,ES
952,811067.3477,151373.7695,847.6519,ES
953,811042.3879,151373.7132,847.5670,ES
954,811017.3725,151373.3793,847.5058,ES
955,810992.3818,151373.0953,847.4185,ES
956,810967.4143,151372.8282,847.3334,ES
957,810942.3887,151372.5402,847.2808,ES
958,810917.3580,151372.3680,847.2025,ES
959,810892.3588,151371.7528,847.1731,ES
960,810867.3942,151371.6260,847.0752,ES
961,810842.4340,151371.4020,847.0047,ES
962,810817.5262,151370.9542,846.9647,ES
963,810793.2976,151371.2026,846.8884,ES
964,810768.3504,151372.5483,846.7461,ES
965,810743.3875,151374.9736,846.5442,ES
966,810718.6718,151377.4885,846.5390,ES
967,810693.6787,151379.4259,846.4165,ES
968,810668.3045,151380.2978,846.3601,ES,E
969,809588.2969,151352.2103,844.4842,ES,B
970,809570.8999,151351.5280,844.3475,ES
971,809545.9362,151350.5808,844.1590,ES
972,809520.9198,151349.3418,844.0806,ES
973,809470.9604,151346.5332,843.9169,ES
974,809445.9760,151345.0332,843.8296,ES
975,809420.9289,151343.5714,843.7146,ES
976,809396.0047,151341.8433,843.5942,ES
977,809371.0464,151340.2348,843.4604,ES
978,809346.0460,151338.5366,843.3332,ES
979,809321.0690,151336.7544,843.2436,ES
980,809296.1182,151334.7970,843.1556,ES
981,809271.1493,151332.8611,843.0512,ES
982,809246.2238,151330.7827,842.9638,ES
983,809221.2484,151328.7463,842.8693,ES
984,809196.2933,151326.5669,842.7545,ES
985,809171.3696,151324.3187,842.6578,ES
986,809146.4601,151321.9234,842.5647,ES
987,809121.5219,151319.6187,842.4384,ES
988,809096.6177,151317.0616,842.3635,ES
989,809071.7067,151314.4386,842.2336,ES
990,809046.8627,151311.7307,842.1342,ES
991,809022.0216,151308.9988,842.0112,ES
992,808997.1203,151306.1422,841.9069,ES
993,808972.2138,151303.1946,841.8222,ES
994,808947.3739,151300.2152,841.7224,ES
995,808922.5500,151297.0292,841.6417,ES
996,808897.7247,151293.8709,841.5382,ES
997,808872.9030,151290.6653,841.4400,ES
998,808823.2146,151283.7965,841.2204,ES
999,808798.4628,151280.2834,841.1285,ES
1000,808773.7292,151276.4055,841.0519,ES
1001,808748.9966,151272.3660,840.9255,ES
1002,808724.3166,151268.4615,840.8183,ES
1003,808699.6250,151264.5647,840.7120,ES
1004,808674.8787,151260.6702,840.6268,ES
1005,808650.1524,151256.7667,840.5013,ES
1006,808625.5202,151252.4458,840.3717,ES
1007,808610.6872,151250.3116,840.2908,ES
1008,808600.7660,151248.8751,840.2616,ES
1009,808576.1102,151244.7521,840.2003,ES
1010,808551.3850,151240.5995,840.1278,ES
1011,808526.7014,151236.4286,839.9267,ES
1012,808502.0670,151232.0748,839.8434,ES
1013,808477.4084,151227.7924,839.7273,ES
1014,808452.7347,151223.4681,839.5626,ES
1015,808428.0625,151219.0180,839.4169,ES
1016,808403.4836,151214.3281,839.3360,ES
1017,808378.9232,151209.4521,839.2390,ES
1018,808354.2832,151204.7588,839.1141,ES
1019,808329.7367,151199.8102,838.9952,ES
1020,808305.1848,151194.7259,838.9003,ES
1021,808280.7598,151189.4879,838.8174,ES
1022,808256.2916,151184.2629,838.6969,ES
1023,808231.8647,151178.9440,838.5716,ES
1024,808207.4036,151173.5277,838.4591,ES
1025,808182.9425,151168.1681,838.3435,ES
1026,808158.5506,151162.6536,838.2413,ES
1027,808134.1267,151157.0796,838.1246,ES
1028,808109.7115,151151.4316,837.9941,ES
1029,808085.3370,151145.7268,837.8948,ES
1030,808061.0622,151139.6033,837.8138,ES
1031,808036.6557,151134.0125,837.6970,ES
1032,808012.3670,151128.0640,837.6027,ES
1033,807988.0629,151122.0390,837.4879,ES
1034,807963.7736,151115.9433,837.4218,ES
1035,807939.5413,151109.7875,837.3523,ES
1036,807915.3235,151103.5165,837.2673,ES
1037,807891.0565,151097.1542,837.1832,ES
1038,807866.8295,151090.6572,837.1267,ES
1039,807842.6751,151084.1812,836.9983,ES
1040,807818.5272,151077.5174,836.9078,ES
1041,807794.4499,151070.8075,836.7576,ES
1042,807770.3282,151064.0621,836.6579,ES
1043,807746.2653,151057.1719,836.5222,ES
1044,807722.1584,151050.2619,836.3966,ES
1045,807698.1441,151043.2603,836.2746,ES
1046,807674.1798,151036.0370,836.2331,ES
1047,807650.1687,151029.0212,836.1713,ES
1048,807626.2115,151021.7846,836.1418,ES
1049,807602.2206,151014.6618,836.1435,ES
1050,807554.3067,150999.8504,836.0829,ES
1051,807530.3969,150992.1839,836.0721,ES
1052,807511.1309,150985.8897,836.1289,ES,E
1053,806383.4111,150533.8606,832.6710,ES,B
1054,806369.8164,150526.0465,832.6504,ES
1055,806348.0186,150513.7578,832.5655,ES
1056,806325.9434,150501.9309,832.3891,ES
1057,806303.8625,150490.0882,832.2654,ES
1058,806282.1622,150478.2841,832.2201,ES
1059,806259.7539,150466.4057,832.1332,ES
1060,806252.9511,150462.9239,832.0714,ES,E
1061,806244.9187,150458.4946,832.0413,ES,B
1062,806227.1487,150448.6578,831.9165,ES
1063,806204.9494,150436.8629,831.7466,ES
1064,806183.0439,150424.7260,831.6781,ES
1065,806161.3670,150412.2822,831.5946,ES
1066,806139.2676,150400.4522,831.4740,ES
1067,806117.3649,150388.3872,831.3561,ES
1068,806095.4768,150376.2767,831.2290,ES
1069,806073.6046,150364.0223,831.1086,ES
1070,806051.7105,150351.8650,830.9731,ES
1071,806030.0531,150339.4574,830.9153,ES
1072,806008.2361,150327.0696,830.8321,ES
1073,805986.5465,150314.5491,830.7135,ES
1074,805964.8223,150302.0972,830.5770,ES
1075,805943.2996,150289.2846,830.4656,ES
1076,805921.6695,150276.7119,830.3228,ES
1077,805900.1342,150264.0024,830.2175,ES
1078,805878.5587,150251.2132,830.1435,ES
1079,805857.0430,150238.3195,830.0651,ES
1080,805835.5516,150225.6014,829.9189,ES
1081,805814.0946,150212.7117,829.7344,ES
1082,805792.7441,150199.6717,829.6043,ES
1083,805771.4077,150186.5868,829.4764,ES
1084,805750.1903,150173.3632,829.3134,ES
1085,805728.8691,150160.2579,829.1088,ES
1086,805707.6100,150147.0400,828.9273,ES
1087,805686.4155,150133.8898,828.7770,ES
1088,805665.1945,150120.5997,828.6282,ES
1089,805644.0080,150107.4171,828.4224,ES
1090,805622.7241,150094.1639,828.2609,ES
1091,805601.5255,150080.8948,828.1609,ES
1092,805580.3499,150067.5913,828.0574,ES
1093,805559.2507,150054.2739,827.9573,ES
1094,805538.0928,150040.9521,827.8475,ES
1095,805516.7797,150027.8116,827.7014,ES
1096,805495.6167,150014.5487,827.5550,ES
1097,805474.4009,150001.2927,827.4492,ES
1098,805453.1257,149988.1171,827.3209,ES
1099,805431.8812,149974.8630,827.1887,ES
1100,805410.7275,149961.7239,827.1083,ES
1101,805389.5881,149948.4064,827.0069,ES
1102,805368.4165,149935.0930,826.8765,ES
1103,805347.1812,149921.8773,826.7387,ES
1104,805325.9459,149908.6539,826.5957,ES
1105,805304.7090,149895.4435,826.4897,ES
1106,805283.4807,149882.2432,826.3621,ES
1107,805262.2808,149869.0169,826.2487,ES
1108,805241.1125,149855.7044,826.1403,ES
1109,805219.9061,149842.4813,826.0851,ES
1110,805198.6542,149829.3011,825.9976,ES
1111,805177.4268,149816.0111,825.8870,ES
1112,805156.1922,149802.8355,825.7823,ES
1113,805135.0619,149789.5808,825.6888,ES
1114,805113.8452,149776.3845,825.5897,ES
1115,805092.6116,149763.1891,825.4802,ES
1116,805071.4059,149749.9789,825.4028,ES
1117,805050.1281,149736.8305,825.3338,ES
1118,805028.8894,149723.5357,825.2447,ES
1119,805007.7022,149710.2556,825.1732,ES
1120,804986.5521,149696.9195,825.1422,ES
1121,804965.3593,149683.7347,825.1204,ES
1122,804944.1326,149670.5774,825.0754,ES
1123,804922.9385,149657.2969,825.0878,ES
1124,804901.8286,149643.8941,825.0321,ES
1125,804880.4389,149630.8671,825.0661,ES
1126,804859.2926,149617.4551,825.0459,ES
1127,804838.0773,149604.2098,825.0350,ES
1128,804816.9232,149591.0009,824.9801,ES
1129,804795.8245,149577.7155,824.9454,ES
1130,804774.5890,149564.4531,824.9235,ES
1131,804753.3716,149551.2116,824.9345,ES
1132,804732.1974,149538.0348,824.9333,ES
1133,804710.9468,149524.7666,824.9544,ES
1134,804689.7194,149511.5848,824.9573,ES
1135,804668.4491,149498.3615,824.9790,ES
1136,804647.2812,149485.1050,824.9782,ES
1137,804626.0613,149471.8219,825.0161,ES
1138,804604.9378,149458.5556,825.0598,ES
1139,804583.6629,149445.3772,825.0854,ES
1140,804562.4318,149432.1245,825.1190,ES
1141,804541.2835,149418.8490,825.1668,ES
1142,804520.3429,149405.1814,825.2893,ES
1143,804498.8352,149392.4179,825.2810,ES
1144,804477.7222,149379.0535,825.3072,ES
1145,804456.3492,149366.1881,825.2148,ES
1146,804435.1896,149352.8299,825.2421,ES
1147,804413.8407,149339.6693,825.2488,ES
1148,804392.6872,149326.4282,825.3019,ES
1149,804371.4836,149313.2067,825.4128,ES
1150,804350.1992,149300.0296,825.4367,ES
1151,804329.0477,149286.7749,825.5001,ES
1152,804307.8240,149273.5603,825.5742,ES
1153,804286.6375,149260.2270,825.6186,ES
1154,804265.3716,149247.0822,825.6362,ES
1155,804244.1276,149233.8937,825.6540,ES
1156,804222.9372,149220.6285,825.6502,ES
1157,804201.7559,149207.4013,825.7121,ES
1158,804180.6460,149193.9907,825.7700,ES
1159,804159.4295,149180.8002,825.7993,ES
1160,804138.1737,149167.6478,825.8189,ES
1161,804117.0076,149154.2939,825.8512,ES
1162,804095.7884,149141.0729,825.9067,ES
1163,804074.5651,149127.8384,825.8983,ES
1164,804053.3226,149114.6419,825.9237,ES
1165,804032.0458,149101.4929,825.9335,ES
1166,804010.9231,149088.1171,825.9393,ES
1167,803989.7414,149074.8713,825.9536,ES
1168,803968.6507,149061.4443,825.9778,ES
1169,803947.4191,149048.2591,826.0180,ES
1170,803926.1612,149035.0778,826.0009,ES
1171,803904.9621,149021.8669,826.0123,ES
1172,803883.8157,149008.5420,826.0625,ES
1173,803862.7604,148995.0288,826.1307,ES
1174,803841.6539,148981.6581,826.1403,ES
1175,803820.4780,148968.3349,826.1311,ES
1176,803799.3019,148955.0741,826.1234,ES
1177,803778.2009,148941.6890,826.1139,ES
1178,803735.9425,148914.8989,826.1502,ES
1179,803714.8303,148901.5088,826.1493,ES
1180,803693.7103,148888.1543,826.1633,ES
1181,803672.4673,148874.9791,826.1566,ES
1182,803651.3909,148861.4940,826.1858,ES
1183,803630.1681,148848.3372,826.1748,ES
1184,803608.9505,148835.1518,826.1536,ES
1185,803587.7205,148821.9673,826.1693,ES
1186,803566.6999,148808.4038,826.2346,ES
1187,803545.3526,148795.3536,826.3191,ES
1188,803524.0590,148782.2491,826.3811,ES
1189,803502.8550,148769.0290,826.3431,ES
1190,803481.4828,148756.0590,826.2862,ES
1191,803460.0817,148743.1592,826.2717,ES
1192,803438.7904,148729.9814,826.3216,ES
1193,803417.5596,148716.7856,826.3514,ES
1194,803396.1778,148703.8341,826.3250,ES
1195,803374.9663,148690.6267,826.3848,ES
1196,803354.0018,148676.9164,826.4616,ES
1197,803332.7607,148663.7941,826.5225,ES
1198,803311.5374,148650.5805,826.5309,ES
1199,803290.2832,148637.4152,826.5509,ES
1200,803269.2578,148623.8782,826.6811,ES
1201,803247.9661,148610.8125,826.7580,ES
1202,803226.7497,148597.5860,826.8270,ES
1203,803205.5673,148584.3346,826.8924,ES
1204,803184.2306,148571.3018,826.9446,ES
1205,803163.1011,148557.9245,827.0690,ES
1206,803141.9253,148544.6357,827.1410,ES
1207,803120.7110,148531.4191,827.1824,ES
1208,803099.4682,148518.2273,827.2006,ES
1209,803078.2851,148504.9604,827.2526,ES
1210,803057.0726,148491.7317,827.2876,ES
1211,803035.8174,148478.5056,827.3390,ES
1212,803014.6593,148465.2165,827.4231,ES
1213,802993.2471,148452.2657,827.3765,ES
1214,802972.1200,148438.9372,827.4206,ES
1215,802950.9386,148425.6570,827.4729,ES
1216,802929.7348,148412.4033,827.5245,ES
1217,802908.5906,148399.0619,827.5494,ES
1218,802887.4155,148385.8082,827.5643,ES
1219,802866.1047,148372.7157,827.5701,ES
1220,802844.9255,148359.4412,827.6043,ES
1221,802823.7313,148346.1422,827.6340,ES
1222,802802.4802,148332.9432,827.6800,ES
1223,802781.1658,148319.8817,827.6988,ES
1224,802760.0208,148306.6314,827.7786,ES
1225,802738.7569,148293.4150,827.7612,ES
1226,802717.4524,148280.3675,827.7032,ES
1227,802696.2956,148267.0184,827.7248,ES
1228,802675.1128,148253.7360,827.7795,ES
1229,802653.9464,148240.4569,827.8120,ES
1230,802632.7708,148227.2056,827.8609,ES
1231,802611.5910,148213.9201,827.8935,ES
1232,802590.3660,148200.6849,827.9490,ES
1233,802569.1788,148187.4520,827.9902,ES
1234,802547.9638,148174.2396,828.0305,ES
1235,802526.7435,148161.0147,828.0063,ES
1236,802505.5225,148147.7373,828.0647,ES
1237,802484.3507,148134.4749,828.1083,ES
1238,802463.1493,148121.2390,828.1211,ES
1239,802441.9226,148108.0037,828.1479,ES
1240,802420.7512,148094.6946,828.1978,ES
1241,802399.5908,148081.3598,828.2221,ES
1242,802378.4383,148068.0408,828.2623,ES
1243,802356.9014,148055.3479,828.2610,ES
1244,802335.9181,148041.7832,828.3994,ES
1245,802314.7315,148028.5629,828.4038,ES
1246,802293.5696,148015.2618,828.4067,ES
1247,802272.3287,148002.0912,828.4337,ES
1248,802251.0577,147988.9208,828.4600,ES
1249,802229.8088,147975.7162,828.4454,ES
1250,802208.5790,147962.4773,828.4889,ES
1251,802187.4321,147949.0869,828.5167,ES
1252,802166.2428,147935.8544,828.5254,ES
1253,802145.0710,147922.5846,828.5729,ES
1254,802123.8472,147909.3725,828.6446,ES
1255,802102.6630,147896.1017,828.6465,ES
1256,802081.4979,147882.8349,828.7182,ES
1257,802060.3000,147869.6293,828.7530,ES
1258,802039.0392,147856.4506,828.7681,ES
1259,802017.8596,147843.1889,828.7676,ES
1260,801996.6324,147829.9546,828.8015,ES
1261,801975.3904,147816.7410,828.8223,ES
1262,801954.1911,147803.4273,828.8034,ES
1263,801933.0453,147790.1413,828.8243,ES
1264,801911.9021,147776.7900,828.9014,ES
1265,801890.7008,147763.5257,828.9382,ES
1266,801869.4791,147750.3217,828.9593,ES
1267,801848.2777,147737.0912,828.9840,ES
1268,801827.0684,147723.9351,829.0041,ES
1269,801805.8799,147710.6816,829.0563,ES
1270,801784.6832,147697.3616,829.1010,ES
1271,801763.4958,147684.0380,829.1701,ES
1272,801742.2765,147670.8518,829.2166,ES
1273,801720.9648,147657.7934,829.2184,ES
1274,801699.8480,147644.4046,829.2721,ES
1275,801678.6229,147631.2169,829.2721,ES
1276,801657.4755,147617.8464,829.3073,ES
1277,801636.2838,147604.6031,829.3151,ES
1278,801615.0781,147591.3798,829.3223,ES
1279,801593.8206,147578.2051,829.3685,ES
1280,801572.6238,147564.9881,829.4277,ES
1281,801551.4353,147551.6792,829.4513,ES
1282,801530.2052,147538.4373,829.4790,ES
1283,801508.9802,147525.2087,829.4521,ES
1284,801487.7943,147511.9081,829.4707,ES
1285,801466.6067,147498.6620,829.4990,ES
1286,801445.3881,147485.4449,829.5452,ES
1287,801424.1902,147472.2453,829.5534,ES
1288,801402.9549,147459.0854,829.5803,ES
1289,801381.7270,147445.8806,829.6072,ES
1290,801360.4942,147432.6729,829.6378,ES
1291,801339.3246,147419.3793,829.6458,ES
1292,801318.1072,147406.1739,829.6684,ES
1293,801296.8805,147392.9861,829.6875,ES
1294,801275.6199,147379.8048,829.7123,ES
1295,801254.3902,147366.6016,829.7204,ES
1296,801233.1612,147353.3145,829.7672,ES
1297,801212.0005,147340.0333,829.8044,ES
1298,801190.7770,147326.7854,829.8826,ES
1299,801169.5310,147313.6384,829.8866,ES
1300,801148.3646,147300.3620,829.9271,ES
1301,801127.1509,147287.1082,830.0086,ES
1302,801105.9188,147273.9443,830.0292,ES
1303,801084.7026,147260.7146,830.0546,ES
1304,801063.5008,147247.4857,830.0854,ES
1305,801042.2269,147234.3063,830.1182,ES
1306,801021.0008,147221.0896,830.1728,ES
1307,800999.8125,147207.8430,830.1774,ES
1308,800978.5756,147194.6517,830.1557,ES
1309,800957.4259,147181.3347,830.2153,ES
1310,800936.2210,147168.0982,830.2669,ES
1311,800914.9991,147154.8589,830.3011,ES
1312,800893.8025,147141.6013,830.3202,ES
1313,800872.6044,147128.2980,830.3985,ES
1314,800851.3111,147115.1277,830.4577,ES
1315,800830.0716,147101.9106,830.4485,ES
1316,800808.9299,147088.7435,830.4244,ES
1317,800787.7718,147075.5786,830.4803,ES
1318,800766.5125,147062.3161,830.4999,ES
1319,800745.2926,147049.0460,830.5321,ES
1320,800724.1088,147035.7841,830.5619,ES
1321,800702.9310,147022.6410,830.5772,ES
1322,800681.6950,147009.4722,830.5965,ES
1323,800660.4876,146996.2421,830.6325,ES
1324,800639.1933,146982.9295,830.6968,ES
1325,800618.0511,146969.6229,830.7152,ES
1326,800596.8241,146956.3685,830.7395,ES
1327,800575.6417,146943.1435,830.7756,ES
1328,800554.4471,146929.9155,830.8174,ES
1329,800533.2598,146916.6379,830.8837,ES
1330,800512.0735,146903.3367,830.9371,ES
1331,800490.9178,146889.9443,830.9995,ES
1332,800469.6762,146876.7821,831.0569,ES
1333,800448.5276,146863.4325,830.9937,ES
1334,800427.3969,146850.1380,831.0336,ES
1335,800406.2504,146836.8995,831.1234,ES
1336,800384.9467,146823.7285,831.1288,ES
1337,800363.7657,146810.5640,831.1278,ES
1338,800342.5836,146797.1902,831.1902,ES
1339,800321.3242,146784.0196,831.2156,ES
1340,800300.0829,146770.8370,831.2202,ES
1341,800278.6912,146757.8520,831.2046,ES
1342,800257.4714,146744.5418,831.2546,ES
1343,800236.3353,146731.2378,831.2693,ES
1344,800215.1830,146718.0179,831.3247,ES
1345,800194.0566,146704.6158,831.4042,ES
1346,800172.7888,146691.5199,831.3878,ES
1347,800151.5468,146678.3098,831.3918,ES
1348,800130.3778,146665.0101,831.4023,ES
1349,800109.1606,146651.7768,831.4427,ES
1350,800087.9681,146638.5297,831.5081,ES
1351,800066.8503,146625.1287,831.5591,ES
1352,800045.5940,146611.9732,831.5677,ES
1353,800024.3619,146598.7140,831.5813,ES
1354,800003.2470,146585.3733,831.5992,ES
1355,799981.9361,146572.3471,831.5900,ES
1356,799960.7679,146559.0321,831.6137,ES
1357,799939.5464,146545.8023,831.6423,ES
1358,799918.3392,146532.5614,831.6902,ES
1359,799897.1241,146519.3396,831.7934,ES
1360,799875.8314,146506.1990,831.8444,ES
1361,799854.6288,146492.9635,831.8305,ES
1362,799833.4228,146479.7125,831.8651,ES
1363,799812.2342,146466.4713,831.8449,ES
1364,799791.0511,146453.2290,831.8481,ES
1365,799769.8114,146440.0404,831.8616,ES
1366,799748.6207,146426.6854,831.9359,ES
1367,799727.4755,146413.3864,831.9850,ES
1368,799706.2454,146400.2532,831.9905,ES
1369,799685.0630,146386.9256,832.0528,ES
1370,799663.8577,146373.6679,832.0703,ES
1371,799642.5901,146360.4730,832.1123,ES
1372,799621.3955,146347.2374,832.1304,ES
1373,799600.1839,146333.9531,832.1563,ES
1374,799579.0082,146320.7858,832.1835,ES
1375,799557.8093,146307.6149,832.1856,ES
1376,799536.6266,146294.3675,832.2238,ES
1377,799515.4027,146281.1630,832.2417,ES
1378,799494.1808,146267.8870,832.2657,ES
1379,799472.9135,146254.7073,832.3353,ES
1380,799451.6695,146241.3932,832.3249,ES
1381,799430.5078,146228.0970,832.3416,ES
1382,799409.3173,146214.8588,832.3312,ES
1383,799388.1539,146201.6744,832.3938,ES
1384,799366.9265,146188.4928,832.4172,ES
1385,799345.7495,146175.1817,832.4480,ES
1386,799324.5330,146161.9384,832.4173,ES
1387,799303.2533,146148.7251,832.4592,ES
1388,799282.0589,146135.4818,832.5388,ES
1389,799260.8813,146122.2286,832.5751,ES
1390,799239.7005,146108.9207,832.5766,ES
1391,799218.5099,146095.7213,832.6064,ES
1392,799197.2894,146082.5090,832.6488,ES
1393,799176.0995,146069.2392,832.7015,ES
1394,799154.8526,146056.0255,832.7395,ES
1395,799133.6762,146042.7887,832.7664,ES
1396,799112.4565,146029.5941,832.7848,ES
1397,799091.2485,146016.3557,832.8478,ES
1398,799070.0230,146003.1188,832.8328,ES
1399,799048.7683,145989.9221,832.8466,ES
1400,799027.5552,145976.6897,832.8596,ES
1401,799006.4255,145963.3111,832.9525,ES
1402,798985.2018,145950.1138,832.9676,ES
1403,798963.9568,145936.9510,832.9763,ES
1404,798942.7308,145923.7514,833.0198,ES
1405,798921.6059,145910.3917,833.0734,ES
1406,798900.3374,145897.2058,833.1215,ES
1407,798879.1113,145883.9825,833.1304,ES
1408,798857.9437,145870.7195,833.1697,ES
1409,798836.6856,145857.5637,833.1711,ES
1410,798815.4654,145844.3631,833.1717,ES
1411,798794.2387,145831.1537,833.2078,ES
1412,798773.0462,145817.9073,833.2560,ES
1413,798751.8192,145804.7019,833.2841,ES
1414,798730.6186,145791.4174,833.3146,ES
1415,798709.3502,145778.2211,833.3220,ES
1416,798688.1707,145764.9348,833.3631,ES
1417,798667.0064,145751.6940,833.3346,ES
1418,798645.8584,145738.3459,833.4072,ES
1419,798624.6308,145725.1488,833.4202,ES
1420,798603.4332,145711.8850,833.4849,ES
1421,798561.1323,145685.2522,833.4972,ES
1422,798539.9125,145672.0234,833.5391,ES
1423,798518.7017,145658.7853,833.5794,ES
1424,798497.4919,145645.5536,833.6095,ES
1425,798476.3357,145632.2069,833.6866,ES
1426,798455.1832,145618.8801,833.7247,ES
1427,798433.9217,145605.7322,833.6942,ES
1428,798412.8053,145592.4035,833.6940,ES
1429,798391.5585,145579.1812,833.7113,ES
1430,798370.3615,145565.9785,833.7911,ES
1431,798349.0831,145552.8394,833.8101,ES
1432,798328.0038,145539.4026,833.8400,ES
1433,798306.7330,145526.2568,833.8616,ES
1434,798285.4517,145513.0908,833.8642,ES
1435,798264.2383,145499.8468,833.8339,ES
1436,798243.0792,145486.5179,833.8497,ES
1437,798221.8725,145473.3194,833.8755,ES
1438,798200.7121,145460.0412,833.9015,ES
1439,798179.4109,145446.9449,833.8833,ES
1440,798158.2292,145433.7040,833.9030,ES
1441,798137.0213,145420.4030,833.8903,ES
1442,798115.8285,145407.1473,833.8935,ES
1443,798094.5912,145393.9822,833.8417,ES
1444,798073.3740,145380.7678,833.8312,ES
1445,798052.1325,145367.5352,833.8102,ES
1446,798030.8986,145354.3361,833.8143,ES
1447,798009.6720,145341.1506,833.8072,ES
1448,797988.5069,145327.8954,833.7737,ES
1449,797975.4647,145319.6072,833.7614,ES,E
1450,797964.3293,145312.7556,833.7267,ES,B
1451,797944.7703,145300.5580,833.6867,ES
1452,797923.5715,145287.3012,833.6782,ES
1453,797902.3721,145274.0506,833.6637,ES
1454,797881.1407,145260.8199,833.6100,ES
1455,797859.9655,145247.5544,833.5567,ES
1456,797838.7849,145234.3456,833.5480,ES
1457,797817.5385,145221.1544,833.5125,ES
1458,797796.3407,145207.8639,833.4554,ES
1459,797775.1732,145194.5412,833.4169,ES
1460,797753.9283,145181.3429,833.3415,ES
1461,797732.7436,145168.0731,833.2684,ES
1462,797711.5398,145154.8381,833.1833,ES
1463,797690.3506,145141.5702,833.1283,ES
1464,797669.1968,145128.3233,833.0731,ES
1465,797648.0517,145114.9589,833.0171,ES
1466,797626.8586,145101.6760,832.9635,ES
1467,797605.6514,145088.4340,832.9099,ES
1468,797584.3735,145075.3176,832.8325,ES
1469,797563.2243,145062.0511,832.7359,ES
1470,797541.9210,145048.9001,832.6691,ES
1471,797520.7575,145035.5673,832.6178,ES
1472,797499.4977,145022.4086,832.4999,ES
1473,797478.3076,145009.1385,832.4325,ES
1474,797457.1196,144995.8904,832.3911,ES
1475,797435.9431,144982.6781,832.3009,ES
1476,797414.7230,144969.3811,832.2160,ES
1477,797393.5502,144956.1368,832.1228,ES
1478,797372.2701,144942.9614,832.0044,ES
1479,797351.0999,144929.7112,831.9244,ES
1480,797329.8642,144916.4857,831.8561,ES
1481,797308.6509,144903.2823,831.7589,ES
1482,797287.4406,144890.0479,831.6753,ES
1483,797266.2121,144876.8139,831.5880,ES
1484,797244.9850,144863.6061,831.4751,ES
1485,797223.7953,144850.3522,831.3867,ES
1486,797202.5723,144837.1617,831.2835,ES
1487,797181.3276,144823.9611,831.1262,ES
1488,797160.1114,144810.7602,831.0348,ES
1489,797139.0147,144797.3955,830.9839,ES
1490,797117.8709,144784.0582,830.9188,ES
1491,797096.7429,144770.6412,830.8389,ES
1492,797075.5178,144757.4132,830.7813,ES
1493,797054.5179,144743.8405,830.7061,ES
1494,797033.4512,144730.3971,830.6511,ES
1495,797012.2553,144717.1048,830.5516,ES
1496,796991.0161,144703.9182,830.4396,ES
1497,796969.8406,144690.6641,830.3190,ES,E
1498,812890.5833,151246.2703,847.9352,ES,B
1499,812868.4678,151246.5810,848.0739,ES
1500,812843.4624,151246.7604,848.2649,ES
1501,812818.4741,151247.1442,848.4251,ES
1502,812793.4984,151247.4522,848.6102,ES
1503,812768.4699,151247.5957,848.7778,ES
1504,812743.4811,151247.9678,848.9544,ES
1505,812718.4708,151248.3748,849.1452,ES
1506,812693.4783,151248.8692,849.2829,ES
1507,812668.4953,151249.1088,849.3981,ES
1508,812643.4972,151249.5952,849.5104,ES
1509,812618.5049,151249.9366,849.6414,ES
1510,812593.5170,151250.2906,849.7550,ES
1511,812568.5228,151250.5440,849.8694,ES
1512,812543.5215,151250.9334,849.9465,ES
1513,812518.5349,151251.4766,849.9829,ES
1514,812493.5170,151251.5848,850.0649,ES
1515,812468.5105,151251.7467,850.1251,ES
1516,812443.5160,151252.2781,850.1627,ES
1517,812418.5349,151252.8522,850.1748,ES
1518,812393.5460,151253.2254,850.1713,ES
1519,812368.5277,151253.5510,850.1955,ES
1520,812343.5220,151253.8938,850.1991,ES
1521,812318.5448,151254.2845,850.2073,ES
1522,812293.5693,151254.5182,850.2192,ES
1523,812268.5538,151254.9515,850.2033,ES
1524,812243.5580,151255.3214,850.1796,ES
1525,812218.5595,151255.8053,850.1240,ES
1526,812193.5542,151256.0332,850.0735,ES
1527,812168.5340,151256.3288,850.0301,ES
1528,812143.5437,151256.6360,849.9739,ES
1529,812118.5512,151256.9634,849.9127,ES
1530,812093.5334,151257.1805,849.8974,ES
1531,812068.5463,151257.3346,849.8343,ES
1532,812043.5483,151257.7990,849.7916,ES
1533,812018.5432,151258.5066,849.7134,ES
1534,811993.5838,151258.8789,849.6405,ES
1535,811968.5827,151259.0294,849.5948,ES
1536,811943.5651,151259.4688,849.5451,ES
1537,811918.5635,151259.6460,849.4904,ES
1538,811893.5636,151260.0807,849.3960,ES
1539,811868.5740,151260.4095,849.3428,ES
1540,811843.5483,151260.6633,849.3210,ES
1541,811818.5595,151260.7779,849.2773,ES
1542,811793.5724,151261.0742,849.2134,ES
1543,811768.5605,151261.4827,849.1614,ES
1544,811743.5623,151261.8514,849.0867,ES
1545,811718.5661,151262.3420,849.0271,ES
1546,811668.6191,151262.9646,848.9353,ES
1547,811643.6157,151263.3709,848.8824,ES
1548,811618.6131,151263.7600,848.8249,ES
1549,811593.6241,151264.1346,848.7349,ES
1550,811568.6266,151264.5296,848.6726,ES
1551,811543.6254,151265.0055,848.5719,ES
1552,811518.6211,151265.4949,848.4826,ES
1553,811493.6134,151265.6725,848.4496,ES
1554,811468.6166,151265.9683,848.3959,ES
1555,811443.6288,151266.2123,848.3544,ES
1556,811418.6188,151266.5266,848.3221,ES
1557,811393.5968,151266.8792,848.2495,ES
1558,811368.6117,151267.2240,848.1761,ES
1559,811343.6333,151267.7109,848.1566,ES
1560,811318.6366,151268.0617,848.1135,ES
1561,811293.6176,151268.3598,848.0277,ES
1562,811279.9786,151268.3859,848.0359,ES,E
1563,811222.7545,151269.7804,847.8446,ES,B
1564,811218.6372,151269.7124,847.7777,ES
1565,811193.6550,151269.8295,847.8254,ES
1566,811168.6538,151269.9919,847.7072,ES
1567,811143.6677,151270.1511,847.6357,ES
1568,811118.6807,151270.6111,847.5498,ES
1569,811093.6772,151270.8899,847.4398,ES
1570,811068.6743,151271.3396,847.4075,ES
1571,811043.6506,151271.5068,847.3449,ES
1572,811018.6544,151271.9791,847.2801,ES
1573,810993.6529,151272.2872,847.2366,ES
1574,810968.6544,151272.6070,847.1851,ES
1575,810943.6732,151272.9248,847.1160,ES
1576,810918.6777,151273.2860,847.0566,ES
1577,810893.6745,151273.6520,846.9811,ES
1578,810868.6682,151274.0027,846.9171,ES
1579,810843.6547,151274.3305,846.8557,ES
1580,810818.6801,151274.9023,846.8141,ES
1581,810793.6801,151275.0978,846.7409,ES
1582,810768.6884,151275.2514,846.6483,ES
1583,810743.7088,151275.6102,846.5851,ES
1584,810718.6921,151276.0566,846.5348,ES
1585,810693.6791,151276.4081,846.4860,ES
1586,810668.6693,151276.7194,846.4318,ES
1587,810643.6795,151277.2447,846.3786,ES
1588,810618.6990,151277.4173,846.3770,ES
1589,810593.6871,151277.7618,846.2604,ES
1590,810568.6895,151278.0693,846.1985,ES
1591,810543.6797,151278.4596,846.1547,ES
1592,810518.6921,151278.6743,846.1488,ES
1593,810493.7193,151278.9794,846.1014,ES
1594,810468.7205,151279.3497,846.0440,ES
1595,810443.7185,151279.7158,845.9865,ES
1596,810418.7252,151280.0695,845.9317,ES
1597,810393.7314,151280.4339,845.8719,ES
1598,810368.7318,151280.8275,845.7527,ES
1599,810343.7167,151280.9898,845.7075,ES
1600,810318.7089,151281.3578,845.6840,ES
1601,810293.7129,151281.7593,845.6247,ES
1602,810268.7059,151282.0617,845.5694,ES
1603,810243.7169,151282.5040,845.4818,ES
1604,810218.7273,151282.8429,845.4139,ES
1605,810193.7337,151283.1614,845.3265,ES
1606,810168.7322,151283.4904,845.2336,ES
1607,810143.7139,151283.8101,845.1657,ES
1608,810043.7048,151284.9840,844.9751,ES
1609,810018.6997,151285.2725,844.9649,ES
1610,809993.6950,151285.4219,844.9336,ES
1611,809968.6711,151285.6199,844.8948,ES
1612,809943.6528,151285.8783,844.9073,ES
1613,809918.6241,151285.9663,844.9005,ES
1614,809893.5835,151286.0237,844.9587,ES
1615,809868.5636,151285.7565,844.9087,ES
1616,809843.5405,151285.4577,844.8818,ES
1617,809818.5090,151285.2595,844.8423,ES
1618,809793.4662,151284.9989,844.8233,ES
1619,809768.4532,151284.5851,844.7754,ES
1620,809743.4061,151284.1697,844.7255,ES
1621,809718.3789,151283.6051,844.6829,ES
1622,809693.3560,151282.9547,844.6323,ES
1623,809668.3258,151282.2239,844.5622,ES
1624,809643.3137,151281.4708,844.4464,ES
1625,809618.2965,151280.5154,844.3746,ES
1626,809593.2767,151279.5306,844.2959,ES
1627,809568.2512,151278.4455,844.2208,ES
1628,809543.2650,151277.3390,844.1393,ES
1629,809518.2541,151276.0818,844.0843,ES
1630,809493.2737,151274.7387,843.9932,ES
1631,809468.2843,151273.4755,843.8384,ES
1632,809443.3104,151271.9969,843.7323,ES
1633,809418.3317,151270.5141,843.6163,ES
1634,809393.3349,151268.9727,843.5333,ES
1635,809368.3583,151267.0756,843.4356,ES
1636,809343.3744,151265.5259,843.3763,ES
1637,809318.4264,151263.6758,843.2932,ES
1638,809293.4568,151261.6186,843.1746,ES
1639,809268.5105,151259.6913,843.0674,ES
1640,809243.5707,151257.6097,842.9319,ES
1641,809218.6217,151255.5413,842.8267,ES
1642,809193.6815,151253.3042,842.6935,ES
1643,809168.7587,151250.9664,842.5739,ES
1644,809143.8264,151248.5459,842.4595,ES
1645,809118.9233,151246.0029,842.3639,ES
1646,809094.0436,151243.3801,842.2604,ES
1647,809069.1809,151240.7142,842.1667,ES
1648,809044.3014,151238.0327,842.0323,ES
1649,809019.4387,151235.2930,841.9129,ES
1650,808994.5420,151232.5153,841.7874,ES
1651,808969.6609,151229.6094,841.6872,ES
1652,808944.8032,151226.5791,841.5947,ES
1653,808919.9641,151223.4452,841.4998,ES
1654,808895.1462,151220.2225,841.4035,ES
1655,808870.3297,151217.0359,841.2488,ES
1656,808845.5150,151213.6960,841.1381,ES
1657,808820.7148,151210.2611,841.0144,ES
1658,808795.9503,151206.6146,840.9333,ES
1659,808771.1618,151203.0081,840.8323,ES
1660,808746.3976,151199.2790,840.7213,ES
1661,808721.6659,151195.5885,840.5488,ES
1662,808696.9380,151191.7406,840.4422,ES
1663,808672.2512,151187.6697,840.3978,ES
1664,808647.5359,151183.7086,840.2967,ES
1665,808622.8626,151179.6758,840.1918,ES
1666,808598.1166,151175.6284,840.0714,ES
1667,808573.4229,151171.3980,839.9460,ES
1668,808548.7768,151167.0387,839.8329,ES
1669,808524.1528,151162.6097,839.7264,ES
1670,808499.5466,151158.1344,839.6221,ES
1671,808474.9408,151153.7369,839.5298,ES
1672,808450.3022,151149.2406,839.4198,ES
1673,808425.6359,151144.6228,839.3018,ES
1674,808401.0679,151139.6575,839.2108,ES
1675,808376.5316,151134.7611,839.1168,ES
1676,808352.0571,151129.7012,838.9469,ES
1677,808327.5150,151124.6676,838.8548,ES
1678,808303.0479,151119.4513,838.7966,ES
1679,808278.5463,151114.3714,838.7024,ES
1680,808254.0777,151109.1163,838.5947,ES
1681,808229.6106,151103.7934,838.4957,ES
1682,808205.2462,151098.2045,838.3619,ES
1683,808180.7902,151092.8332,838.2488,ES
1684,808156.3654,151087.2635,838.1328,ES
1685,808131.9511,151081.6234,838.0260,ES
1686,808107.5479,151075.9614,837.9529,ES
1687,808083.2228,151070.0603,837.8471,ES
1688,808058.8795,151064.2850,837.7155,ES
1689,808034.5860,151058.2022,837.5964,ES
1690,808010.3336,151052.0818,837.5031,ES
1691,807986.0689,151045.9254,837.4118,ES
1692,807961.8596,151039.6974,837.3433,ES
1693,807937.6489,151033.4750,837.2827,ES
1694,807913.4186,151027.1271,837.1833,ES
1695,807889.1854,151020.7813,837.0935,ES
1696,807865.0009,151014.2542,837.0186,ES
1697,807840.8345,151007.6654,836.9255,ES
1698,807816.7260,151000.9657,836.8390,ES
1699,807792.6123,150994.2064,836.7494,ES
1700,807768.5442,150987.3466,836.6598,ES
1701,807744.4652,150980.5623,836.5818,ES
1702,807720.4172,150973.5963,836.4735,ES
1703,807696.4037,150966.5455,836.3882,ES
1704,807672.4072,150959.4287,836.2934,ES
1705,807648.4284,150952.2400,836.2249,ES
1706,807624.4507,150944.9654,836.1656,ES
1707,807600.5305,150937.5605,836.1095,ES
1708,807576.6810,150930.0734,836.0512,ES
1709,807552.8478,150922.4706,836.0038,ES
1710,807528.9761,150914.9412,835.9355,ES
1711,807505.0969,150907.3271,835.8758,ES
1712,807481.2917,150899.5688,835.8282,ES
1713,807457.5347,150891.7269,835.7903,ES
1714,807433.7710,150883.8356,835.7461,ES
1715,807410.0530,150875.8545,835.7011,ES
1716,807386.3375,150867.8512,835.6206,ES
1717,807362.7133,150859.5640,835.5677,ES
1718,807338.9625,150851.5266,835.4963,ES
1719,807315.2948,150843.3244,835.4510,ES
1720,807291.6861,150834.9961,835.4123,ES
1721,807268.2218,150826.4591,835.3614,ES
1722,807244.7629,150817.8858,835.3483,ES
1723,807221.2580,150809.2327,835.2688,ES
1724,807197.6663,150800.8025,835.1778,ES
1725,807174.1847,150792.1400,835.1035,ES
1726,807150.7022,150783.4108,835.0164,ES
1727,807127.2825,150774.5578,834.9236,ES
1728,807103.9150,150765.6265,834.8913,ES
1729,807080.5780,150756.5555,834.8405,ES
1730,807057.2365,150747.4902,834.7751,ES
1731,807033.9294,150738.3854,834.6858,ES
1732,807010.6812,150729.1628,834.6177,ES
1733,806987.4224,150719.9344,834.5514,ES
1734,806964.2010,150710.4961,834.4711,ES
1735,806940.9934,150701.0209,834.4143,ES
1736,806917.8195,150691.5028,834.3642,ES
1737,806894.7976,150681.7141,834.3161,ES
1738,806871.7527,150672.0354,834.2676,ES
1739,806848.7429,150662.2667,834.1994,ES
1740,806825.7603,150652.3600,834.1641,ES
1741,806802.6983,150642.5848,834.1246,ES
1742,806779.7303,150632.6058,834.1110,ES
1743,806756.7362,150622.7179,834.0339,ES
1744,806733.8154,150612.6322,833.9604,ES
1745,806710.9424,150602.4240,833.8618,ES
1746,806688.1080,150592.1648,833.7685,ES
1747,806665.3017,150581.8441,833.6583,ES
1748,806642.5495,150571.3169,833.6151,ES
1749,806619.8367,150560.8082,833.5379,ES
1750,806597.1806,150550.1419,833.4650,ES
1751,806574.5670,150539.3800,833.3721,ES
1752,806552.0540,150528.5246,833.2754,ES
1753,806529.5077,150517.7083,833.1733,ES
1754,806506.9435,150506.8647,833.0514,ES
1755,806484.3896,150496.0229,832.9700,ES
1756,806461.9023,150484.9765,832.8518,ES
1757,806439.4801,150473.8395,832.8145,ES
1758,806417.0485,150462.7389,832.7447,ES
1759,806394.6967,150451.4876,832.6800,ES
1760,806372.4022,150440.1420,832.6285,ES
1761,806350.1835,150428.6402,832.5631,ES
1762,806327.8946,150417.2103,832.4686,ES
1763,806305.6576,150405.7430,832.3619,ES
1764,806283.4414,150394.2197,832.1971,ES
1765,806261.2936,150382.5206,832.0791,ES
1766,806239.0535,150371.0152,831.9159,ES
1767,806217.0165,150359.2101,831.7658,ES
1768,806194.9471,150347.3291,831.6406,ES
1769,806172.8916,150335.4326,831.5016,ES
1770,806150.9548,150323.3528,831.3849,ES
1771,806129.0839,150311.2143,831.2469,ES
1772,806107.2937,150298.9262,831.1064,ES
1773,806085.4431,150286.6822,830.9621,ES
1774,806063.7729,150274.1684,830.8205,ES
1775,806041.9820,150261.8948,830.6650,ES
1776,806020.2355,150249.5106,830.5168,ES
1777,805998.5287,150237.0242,830.4150,ES
1778,805976.8563,150224.4823,830.2608,ES
1779,805955.2536,150211.8626,830.1098,ES
1780,805933.6692,150199.1487,829.9612,ES
1781,805912.1764,150186.3487,829.8217,ES
1782,805890.7070,150173.5155,829.6856,ES
1783,805869.3075,150160.5681,829.5236,ES
1784,805847.8928,150147.6256,829.3548,ES
1785,805826.4332,150134.7563,829.1869,ES
1786,805805.0230,150121.7887,829.0257,ES
1787,805783.6366,150108.7516,828.9089,ES
1788,805762.3508,150095.5864,828.7822,ES
1789,805741.0997,150082.4272,828.6133,ES
1790,805719.8486,150069.2804,828.4443,ES
1791,805698.5553,150056.1289,828.3075,ES
1792,805677.3183,150042.9114,828.1964,ES
1793,805656.1821,150029.5153,828.0847,ES
1794,805635.0870,150016.1438,827.9747,ES
1795,805613.8981,150002.8940,827.8178,ES
1796,805592.7532,149989.5692,827.6678,ES
1797,805571.4590,149976.4896,827.4897,ES
1798,805550.2502,149963.2332,827.3048,ES
1799,805529.0464,149949.9959,827.1437,ES
1800,805507.8381,149936.7643,827.0342,ES
1801,805486.6188,149923.5331,826.9413,ES
1802,805465.4134,149910.2908,826.8656,ES
1803,805444.2348,149897.0034,826.7851,ES
1804,805423.0169,149883.7954,826.6868,ES
1805,805401.9150,149870.4113,826.5975,ES
1806,805380.6577,149857.2554,826.4675,ES
1807,805359.3977,149844.1204,826.3587,ES
1808,805338.1068,149830.9744,826.2615,ES
1809,805316.8936,149817.7400,826.1629,ES
1810,805295.6738,149804.4922,826.0548,ES
1811,805274.5029,149791.2275,825.9313,ES
1812,805253.3202,149777.9545,825.8117,ES
1813,805232.1693,149764.6385,825.7212,ES
1814,805211.0218,149751.2948,825.7051,ES
1815,805189.7880,149738.0507,825.6192,ES
1816,805168.5167,149724.9233,825.5070,ES
1817,805147.2518,149711.7539,825.3869,ES
1818,805136.0818,149704.6833,825.3630,ES,E
1819,805120.5565,149695.0285,825.3011,ES,B
1820,805120.5801,149694.9928,825.3192,ES
1821,805099.3813,149681.7424,825.2353,ES
1822,805078.1865,149668.5323,825.1963,ES
1823,805056.9947,149655.2596,825.1371,ES
1824,805035.8255,149641.9952,825.0929,ES
1825,805014.5924,149628.7912,825.0432,ES
1826,804993.3680,149615.5997,824.9597,ES
1827,804972.1852,149602.2888,824.9332,ES
1828,804950.9519,149589.0601,824.9145,ES
1829,804929.7447,149575.8337,824.8872,ES
1830,804908.5443,149562.5840,824.8786,ES
1831,804887.3474,149549.3359,824.8799,ES
1832,804866.1616,149536.0407,824.8638,ES
1833,804844.9572,149522.7627,824.8650,ES
1834,804823.7543,149509.5594,824.8757,ES
1835,804802.7002,149496.1180,824.8970,ES
1836,804781.3784,149483.0838,824.8712,ES
1837,804760.1858,149469.8294,824.8703,ES
1838,804738.9612,149456.5484,824.8693,ES
1839,804717.8584,149443.1763,824.9220,ES
1840,804696.6063,149429.9952,824.9181,ES
1841,804675.3791,149416.8150,824.9359,ES
1842,804654.1537,149403.5670,824.9761,ES
1843,804632.9652,149390.3169,825.0147,ES
1844,804611.7055,149377.1435,824.9913,ES
1845,804590.4778,149363.9225,825.0375,ES
1846,804569.2201,149350.7599,825.0547,ES
1847,804548.0393,149337.5637,825.0523,ES
1848,804527.0493,149323.9811,825.0856,ES
1849,804505.9424,149310.5653,825.0713,ES
1850,804484.5449,149297.6434,825.1036,ES
1851,804463.2115,149284.5841,825.1657,ES
1852,804441.9483,149271.4193,825.1783,ES
1853,804420.7714,149258.1439,825.2202,ES
1854,804399.5536,149244.9257,825.2461,ES
1855,804378.3382,149231.7142,825.2885,ES
1856,804357.0729,149218.5669,825.3242,ES
1857,804335.8531,149205.3705,825.3594,ES
1858,804314.6256,149192.1759,825.3538,ES
1859,804293.4374,149178.8941,825.3885,ES
1860,804272.1736,149165.7021,825.4100,ES
1861,804250.9409,149152.4581,825.4149,ES
1862,804229.6888,149139.2656,825.4239,ES
1863,804208.5135,149125.9880,825.4606,ES
1864,804187.3467,149112.7345,825.5324,ES
1865,804166.1045,149099.5489,825.5769,ES
1866,804144.9090,149086.3040,825.6228,ES
1867,804123.7497,149072.9900,825.6448,ES
1868,804102.6485,149059.5941,825.7275,ES
1869,804081.4088,149046.4451,825.7530,ES
1870,804060.1573,149033.2648,825.7986,ES
1871,804038.9703,149019.9744,825.8174,ES
1872,804017.7684,149006.6989,825.8454,ES
1873,803996.5610,148993.4842,825.8435,ES
1874,803975.3078,148980.2787,825.8934,ES
1875,803954.0938,148967.0498,825.9581,ES
1876,803932.8813,148953.7641,825.9859,ES
1877,803911.7262,148940.5167,825.9900,ES
1878,803890.5285,148927.2694,825.9993,ES
1879,803869.3333,148914.0336,825.9857,ES
1880,803848.1739,148900.6886,825.9636,ES
1881,803826.9181,148887.5581,825.9411,ES
1882,803805.7340,148874.3082,825.9294,ES
1883,803784.5256,148861.0471,825.8815,ES
1884,803763.2933,148847.8238,825.8422,ES
1885,803742.0786,148834.5705,825.8307,ES
1886,803720.8378,148821.3773,825.8027,ES
1887,803699.5967,148808.2259,825.7991,ES
1888,803678.3904,148794.9731,825.8085,ES
1889,803657.2176,148781.7205,825.8047,ES
1890,803636.0611,148768.4320,825.8008,ES
1891,803614.8248,148755.2262,825.8227,ES
1892,803593.6020,148741.9881,825.8105,ES
1893,803572.3975,148728.7677,825.8789,ES
1894,803551.1506,148715.5751,825.8740,ES
1895,803529.8962,148702.3765,825.9227,ES
1896,803508.7137,148689.1007,825.9711,ES
1897,803487.5734,148675.7252,826.0689,ES
1898,803466.4104,148662.4339,826.1091,ES
1899,803445.1648,148649.2951,826.1140,ES
1900,803423.9755,148636.0954,826.1498,ES
1901,803402.7293,148622.9489,826.2084,ES
1902,803381.5262,148609.6631,826.2995,ES
1903,803360.2567,148596.4831,826.3581,ES
1904,803338.9923,148583.3031,826.3778,ES
1905,803317.7983,148570.0394,826.4481,ES
1906,803296.5722,148556.8406,826.5036,ES
1907,803275.3107,148543.6991,826.5861,ES
1908,803254.0987,148530.4563,826.6718,ES
1909,803232.9059,148517.2057,826.7699,ES
1910,803211.7083,148503.9688,826.8357,ES
1911,803190.4852,148490.7424,826.8862,ES
1912,803169.3617,148477.3720,826.9096,ES
1913,803148.0920,148464.2180,826.9742,ES
1914,803126.8698,148451.0039,827.0173,ES
1915,803105.7178,148437.6398,827.0902,ES
1916,803084.5025,148424.4160,827.1404,ES
1917,803063.3524,148411.1341,827.1919,ES
1918,803042.1667,148397.9054,827.2437,ES
1919,803020.9203,148384.7086,827.2813,ES
1920,802999.7201,148371.4326,827.3264,ES
1921,802978.4519,148358.2752,827.3395,ES
1922,802957.3289,148344.9328,827.3595,ES
1923,802936.1005,148331.6936,827.3872,ES
1924,802914.9092,148318.4032,827.3730,ES
1925,802893.7197,148305.1545,827.4273,ES
1926,802872.5262,148291.8581,827.4484,ES
1927,802851.3788,148278.5327,827.5167,ES
1928,802830.1512,148265.3364,827.5187,ES
1929,802808.8844,148252.1589,827.5668,ES
1930,802787.7117,148238.9231,827.5787,ES
1931,802766.7963,148225.2633,827.6285,ES
1932,802745.5474,148212.1215,827.6452,ES
1933,802724.2988,148198.9347,827.6862,ES
1934,802703.0835,148185.6988,827.7192,ES
1935,802681.8827,148172.4458,827.7518,ES
1936,802660.8282,148158.9264,827.8322,ES
1937,802639.6444,148145.6450,827.8547,ES
1938,802618.4615,148132.3821,827.8790,ES
1939,802597.1806,148119.2757,827.9054,ES
1940,802575.9167,148106.1106,827.8951,ES
1941,802554.6685,148092.9727,827.9527,ES
1942,802533.4211,148079.7898,827.9540,ES
1943,802512.1733,148066.6106,827.9506,ES
1944,802490.8633,148053.5493,827.9475,ES
1945,802469.7408,148040.1719,828.0126,ES
1946,802448.6322,148026.7611,828.0434,ES
1947,802427.4844,148013.4136,828.0743,ES
1948,802406.2873,148000.1511,828.0983,ES
1949,802385.0315,147987.0142,828.1096,ES
1950,802363.7652,147973.8997,828.1258,ES
1951,802342.6277,147960.5242,828.1612,ES
1952,802321.3533,147947.3919,828.1774,ES
1953,802300.2395,147934.0160,828.2035,ES
1954,802278.9171,147920.9630,828.2198,ES
1955,802257.8135,147907.5581,828.2752,ES
1956,802236.6202,147894.2813,828.3255,ES
1957,802215.3679,147881.1351,828.3549,ES
1958,802194.1510,147867.9138,828.3989,ES
1959,802173.0403,147854.5026,828.4506,ES
1960,802151.7423,147841.4062,828.4534,ES
1961,802130.6276,147828.0312,828.5052,ES
1962,802109.4215,147814.8025,828.5178,ES
1963,802088.1982,147801.5815,828.5310,ES
1964,802066.8866,147788.5036,828.5181,ES
1965,802045.5700,147775.4300,828.5276,ES
1966,802024.4279,147762.0887,828.5486,ES
1967,802003.3360,147748.6792,828.5901,ES
1968,801982.1418,147735.3844,828.6341,ES
1969,801960.9684,147722.1180,828.6541,ES
1970,801939.7145,147708.9731,828.6527,ES
1971,801918.4832,147695.7431,828.6804,ES
1972,801897.2784,147682.4991,828.7247,ES
1973,801876.0511,147669.3029,828.7861,ES
1974,801854.9322,147655.9041,828.8439,ES
1975,801833.7322,147642.6448,828.8509,ES
1976,801812.5528,147629.3917,828.9037,ES
1977,801791.3022,147616.1795,828.9610,ES
1978,801770.0924,147602.9409,828.9777,ES
1979,801748.9318,147589.6708,829.0204,ES
1980,801727.7436,147576.3875,829.0456,ES
1981,801706.5637,147563.1227,829.0599,ES
1982,801685.3327,147549.8907,829.1027,ES
1983,801664.1297,147536.6619,829.1607,ES
1984,801642.9682,147523.3561,829.1885,ES
1985,801621.7721,147510.1390,829.1829,ES
1986,801600.4634,147497.0337,829.2075,ES
1987,801579.3604,147483.6593,829.2432,ES
1988,801558.1696,147470.4079,829.2313,ES
1989,801536.9308,147457.2310,829.3027,ES
1990,801515.6974,147444.0097,829.3082,ES
1991,801494.3649,147430.9451,829.3345,ES
1992,801473.0888,147417.7892,829.3555,ES
1993,801451.9680,147404.4192,829.4119,ES
1994,801430.8005,147391.1408,829.4409,ES
1995,801409.6218,147377.8461,829.4660,ES
1996,801388.5682,147364.3722,829.5055,ES
1997,801367.2117,147351.3993,829.5092,ES
1998,801345.9847,147338.1800,829.5464,ES
1999,801324.7662,147324.9735,829.5759,ES
2000,801303.5843,147311.7374,829.6299,ES
2001,801282.3572,147298.5316,829.6422,ES
2002,801261.1348,147285.2928,829.6891,ES
2003,801239.8174,147272.1951,829.7191,ES
2004,801218.7145,147258.7862,829.7434,ES
2005,801197.5589,147245.4585,829.8003,ES
2006,801176.3921,147232.1408,829.8290,ES
2007,801155.1736,147218.9324,829.8474,ES
2008,801133.9909,147205.6920,829.8854,ES
2009,801112.7786,147192.4938,829.9207,ES
2010,801091.5777,147179.2439,829.9803,ES
2011,801070.3331,147166.0295,830.0076,ES
2012,801049.0984,147152.8073,830.0305,ES
2013,801027.7961,147139.6997,830.0367,ES
2014,801006.6858,147126.3262,830.0917,ES
2015,800985.3753,147113.2474,830.1185,ES
2016,800964.1844,147099.9850,830.1232,ES
2017,800942.9052,147086.8641,830.1524,ES
2018,800921.6682,147073.6713,830.1560,ES
2019,800900.6142,147060.2017,830.2055,ES
2020,800879.5526,147046.7219,830.2449,ES
2021,800858.2827,147033.5781,830.2897,ES
2022,800837.0491,147020.3737,830.2755,ES
2023,800815.8276,147007.1447,830.2888,ES
2024,800794.6373,146993.9041,830.3218,ES
2025,800773.4451,146980.6564,830.3460,ES
2026,800752.2415,146967.4253,830.3603,ES
2027,800731.0868,146954.0886,830.4012,ES
2028,800709.8188,146940.9076,830.3994,ES
2029,800688.6019,146927.6837,830.4266,ES
2030,800667.3821,146914.5121,830.4432,ES
2031,800646.1292,146901.3483,830.4663,ES
2032,800624.9424,146888.0616,830.5146,ES
2033,800603.8047,146874.7252,830.5580,ES
2034,800582.5657,146861.5221,830.6117,ES
2035,800561.3849,146848.2838,830.6444,ES
2036,800540.3148,146834.7854,830.6669,ES
2037,800519.0409,146821.6758,830.6870,ES
2038,800497.8089,146808.4713,830.6956,ES
2039,800476.5649,146795.3143,830.7346,ES
2040,800455.3077,146782.0926,830.7660,ES
2041,800434.1709,146768.7601,830.7862,ES
2042,800412.9479,146755.5513,830.8294,ES
2043,800391.7234,146742.3483,830.8692,ES
2044,800370.5420,146729.0831,830.8527,ES
2045,800349.3771,146715.7776,830.9278,ES
2046,800328.2310,146702.4203,830.9787,ES
2047,800307.0281,146689.1681,831.0025,ES
2048,800285.8520,146675.8747,831.0276,ES
2049,800264.6507,146662.5937,831.0462,ES
2050,800243.5028,146649.2813,831.0369,ES
2051,800222.3023,146636.0348,831.0665,ES
2052,800201.1710,146622.6974,831.0951,ES
2053,800179.9468,146609.5052,831.1180,ES
2054,800158.7345,146596.2779,831.1532,ES
2055,800137.5470,146583.0339,831.1910,ES
2056,800116.3202,146569.8640,831.2662,ES
2057,800095.1248,146556.6090,831.2783,ES
2058,800073.8343,146543.5300,831.3272,ES
2059,800052.5644,146530.3858,831.3585,ES
2060,800031.2767,146517.1730,831.4247,ES
2061,800010.1555,146503.8051,831.4677,ES
2062,799988.8946,146490.5759,831.4810,ES
2063,799967.7792,146477.2410,831.5313,ES
2064,799946.4075,146464.2561,831.5571,ES
2065,799925.0597,146451.2342,831.5916,ES
2066,799903.8299,146437.9968,831.6056,ES
2067,799882.6101,146424.8114,831.6308,ES
2068,799861.4582,146411.5364,831.6381,ES
2069,799840.3870,146398.0881,831.6854,ES
2070,799819.2463,146384.7569,831.7246,ES
2071,799798.0243,146371.5726,831.7732,ES
2072,799776.7633,146358.4312,831.8211,ES
2073,799755.5722,146345.1748,831.7919,ES
2074,799734.2687,146332.0277,831.8235,ES
2075,799713.0117,146318.8799,831.8765,ES
2076,799691.8287,146305.5833,831.9186,ES
2077,799670.6614,146292.2740,831.9438,ES
2078,799649.4913,146278.9421,831.9992,ES
2079,799628.3167,146265.6797,832.0143,ES
2080,799607.0792,146252.4522,832.0218,ES
2081,799585.9282,146239.1616,832.0582,ES
2082,799564.7312,146225.9038,832.1020,ES
2083,799543.5211,146212.6511,832.1396,ES
2084,799522.3038,146199.4179,832.1488,ES
2085,799501.1330,146186.1495,832.1656,ES
2086,799479.9491,146172.9097,832.1907,ES
2087,799458.8262,146159.4801,832.2630,ES
2088,799437.5009,146146.4399,832.2373,ES
2089,799416.3462,146133.1074,832.2429,ES
2090,799395.2454,146119.6903,832.2533,ES
2091,799381.9497,146111.3465,832.3310,ES,E
2092,799352.6804,146093.6891,832.3777,ES,B
2093,799352.5871,146093.6208,832.3632,ES
2094,799331.4883,146080.2379,832.3583,ES
2095,799310.4062,146066.8180,832.4140,ES
2096,799289.1541,146053.6634,832.4858,ES
2097,799267.8967,146040.5056,832.5286,ES
2098,799246.6642,146027.3261,832.5675,ES
2099,799225.4087,146014.1335,832.5938,ES
2100,799204.1841,146000.9359,832.5916,ES
2101,799183.0262,145987.6298,832.6186,ES
2102,799161.8834,145974.3177,832.6912,ES
2103,799140.6548,145961.0945,832.7069,ES
2104,799119.3835,145947.9214,832.7170,ES
2105,799098.2013,145934.6687,832.7420,ES
2106,799076.9378,145921.5010,832.7641,ES
2107,799055.7806,145908.1453,832.8035,ES
2108,799034.5642,145894.9271,832.8333,ES
2109,799013.3791,145881.6632,832.8347,ES
2110,798992.1706,145868.4074,832.8690,ES
2111,798970.9518,145855.2006,832.8881,ES
2112,798949.7241,145841.9891,832.9252,ES
2113,798907.3426,145815.5185,832.9614,ES
2114,798886.1219,145802.2675,832.9907,ES
2115,798865.0077,145788.8931,833.0159,ES
2116,798843.8098,145775.6422,833.0629,ES
2117,798822.4866,145762.5663,833.0987,ES
2118,798801.3116,145749.2876,833.1278,ES
2119,798780.2003,145735.8784,833.1552,ES
2120,798759.0701,145722.4827,833.1899,ES
2121,798737.9332,145709.1257,833.2315,ES
2122,798716.7407,145695.8913,833.2763,ES
2123,798695.5235,145682.6609,833.2949,ES
2124,798674.2935,145669.4631,833.3231,ES
2125,798653.1167,145656.1912,833.3253,ES
2126,798631.9196,145642.9786,833.3432,ES
2127,798610.7830,145629.6237,833.3663,ES
2128,798589.5471,145616.4037,833.3991,ES
2129,798568.3515,145603.1418,833.4412,ES
2130,798547.1810,145589.8536,833.4878,ES
2131,798525.9929,145576.5761,833.5316,ES
2132,798504.8117,145563.3352,833.5515,ES
2133,798483.5794,145550.1289,833.5858,ES
2134,798462.3490,145536.9100,833.6326,ES
2135,798441.0516,145523.7872,833.6440,ES
2136,798419.8416,145510.5558,833.6838,ES
2137,798398.6012,145497.3903,833.7238,ES
2138,798377.3610,145484.1836,833.7216,ES
2139,798356.2110,145470.8705,833.7301,ES
2140,798335.0112,145457.6210,833.7213,ES
2141,798313.7785,145444.4868,833.6990,ES
2142,798292.4811,145431.3614,833.7270,ES
2143,798271.2111,145418.2213,833.7569,ES
2144,798250.0398,145404.9098,833.7774,ES
2145,798228.8720,145391.6224,833.7993,ES
2146,798207.6618,145378.3786,833.7899,ES
2147,798186.4356,145365.1619,833.7360,ES
2148,798165.1657,145352.0047,833.6866,ES
2149,798143.9587,145338.7677,833.7017,ES
2150,798122.7247,145325.5569,833.6841,ES
2151,798101.5668,145312.2344,833.6634,ES
2152,798080.3210,145299.0641,833.6551,ES
2153,798059.1084,145285.8574,833.6265,ES
2154,798037.8628,145272.6600,833.5998,ES
2155,798016.6587,145259.4563,833.5515,ES
2156,798009.6393,145254.9781,833.5452,ES,E
2157,798001.6704,145250.2677,833.5306,ES,B
2158,797981.8109,145237.5677,833.5354,ES
2159,797960.6356,145224.2481,833.5126,ES
2160,797939.3711,145211.0811,833.4724,ES
2161,797918.1635,145197.8576,833.4439,ES
2162,797896.9331,145184.6424,833.4245,ES
2163,797875.8873,145171.1468,833.4410,ES
2164,797854.6269,145157.9914,833.4006,ES
2165,797833.3686,145144.8333,833.3467,ES
2166,797812.0386,145131.7850,833.3380,ES
2167,797790.8945,145118.4487,833.2975,ES
2168,797769.7528,145105.1185,833.1914,ES
2169,797748.5400,145091.8827,833.1299,ES
2170,797727.3418,145078.6061,833.0716,ES
2171,797706.1544,145065.3559,833.0060,ES
2172,797684.8375,145052.2926,832.9353,ES
2173,797663.6784,145038.9925,832.8555,ES
2174,797642.4876,145025.6971,832.7622,ES
2175,797621.3031,145012.4144,832.7095,ES
2176,797600.0377,144999.2839,832.6621,ES
2177,797578.8776,144985.9871,832.6044,ES
2178,797557.6760,144972.7307,832.5023,ES
2179,797536.4173,144959.5810,832.4287,ES
2180,797515.0708,144946.5431,832.2717,ES
2181,797494.0972,144932.9547,832.2132,ES
2182,797472.8493,144919.7637,832.1195,ES
2183,797451.6008,144906.6017,832.0675,ES
2184,797430.4639,144893.2111,831.9738,ES
2185,797409.2134,144880.0574,831.9159,ES
2186,797387.9888,144866.8270,831.7543,ES
2187,797366.7938,144853.6022,831.7072,ES
2188,797345.5794,144840.3391,831.6072,ES
2189,797324.3819,144827.1068,831.4788,ES
2190,797303.1788,144813.8654,831.4126,ES
2191,797282.0217,144800.5792,831.2600,ES
2192,797260.8304,144787.3027,831.2306,ES
2193,797239.6167,144774.0703,831.1314,ES
2194,797218.4154,144760.8183,831.0456,ES
2195,797197.2301,144747.5496,830.9451,ES
2196,797175.9540,144734.4279,830.8248,ES
2197,797154.8176,144721.0689,830.8493,ES
2198,797133.6004,144707.8639,830.7236,ES
2199,797112.3876,144694.6496,830.6060,ES
2200,797091.1298,144681.4891,830.4723,ES
2201,797069.8935,144668.2968,830.3599,ES
2202,797048.7453,144655.0004,830.2782,ES
2203,797027.5838,144641.6741,830.1758,ES
2204,797006.3051,144628.5458,829.9948,ES
2205,796993.1391,144620.3961,829.9315,ES,E
2206,807032.5922,150659.4313,833.4337,ES,B
2207,807013.3465,150652.5838,833.4294,ES
2208,806989.7237,150644.5614,833.4617,ES
2209,806966.3516,150635.8562,833.4094,ES
2210,806943.0394,150626.8736,833.3968,ES
2211,806920.0222,150617.2558,833.3573,ES
2212,806901.7820,150609.5861,833.3106,ES,E
2213,806901.8313,150609.8575,833.2440,ES,B
2214,806878.8174,150600.1542,833.2169,ES
2215,806855.6243,150590.8536,833.1397,ES
2216,806832.5928,150581.1287,833.0938,ES
2217,806809.9229,150570.7067,832.9995,ES
2218,806787.0039,150560.7832,832.9465,ES
2219,806764.0928,150550.9436,832.9459,ES
2220,806741.4149,150540.8029,832.8379,ES
2221,806718.6619,150530.7932,832.7262,ES
2222,806696.0959,150520.5754,832.6551,ES
2223,806673.3541,150510.3599,832.5702,ES
2224,806650.7727,150499.8223,832.5549,ES
2225,806628.1692,150489.1414,832.4593,ES
2226,806605.5760,150478.4652,832.3468,ES
2227,806583.1195,150467.9520,832.2665,ES
2228,806560.5877,150457.1204,832.1867,ES
2229,806537.9860,150446.4772,832.0751,ES
2230,806515.6945,150435.3871,831.9288,ES
2231,806493.2134,150424.4506,831.7811,ES
2232,806470.7983,150413.3794,831.9098,ES
2233,806448.6267,150402.5602,831.8847,ES
2234,806426.4812,150391.1303,831.8227,ES
2235,806404.2225,150379.7153,831.7306,ES
2236,806381.9272,150368.3560,831.6823,ES
2237,806359.6634,150356.9839,831.5779,ES
2238,806337.6019,150345.7164,831.4784,ES
2239,806315.4877,150334.0687,831.3639,ES
2240,806293.3554,150322.4982,831.2642,ES
2241,806271.6158,150310.7660,831.0464,ES
2242,806249.7105,150298.7166,830.8776,ES
2243,806227.6386,150286.9750,830.6947,ES
2244,806205.7658,150275.2282,830.5989,ES
2245,806183.9427,150263.1839,830.4910,ES
2246,806162.0528,150251.1077,830.3530,ES
2247,806140.2730,150239.0167,830.1941,ES
2248,806118.6357,150226.8391,830.0394,ES
2249,806096.7335,150214.7797,829.9261,ES
2250,806074.4848,150203.3285,829.8310,ES
2251,806051.8494,150193.0011,829.7028,ES
2252,806029.0305,150182.5130,829.5691,ES
2253,806006.2118,150172.0700,829.5618,ES
2254,805983.4841,150161.3474,829.4400,ES
2255,805969.5281,150154.4592,829.3884,ES,E
2256,805961.2643,150150.1140,829.3515,ES,B
2257,805947.8008,150142.4069,829.3044,ES
2258,805926.2059,150129.7298,829.2154,ES
2259,805904.8999,150116.7962,829.0985,ES
2260,805883.5890,150103.7331,828.9264,ES
2261,805862.3043,150090.6903,828.8181,ES
2262,805840.8870,150077.7917,828.7121,ES
2263,805819.6627,150064.9030,828.6257,ES
2264,805798.3501,150051.8019,828.4876,ES
2265,805777.0783,150038.6248,828.4450,ES
2266,805755.8521,150025.3921,828.3505,ES
2267,805734.4739,150012.4107,828.2781,ES
2268,805713.3135,149999.1213,828.2195,ES
2269,805692.1090,149985.9309,828.1179,ES
2270,805670.9469,149972.6892,828.0215,ES
2271,805649.6572,149959.5582,827.9082,ES
2272,805628.5837,149946.0944,827.8089,ES
2273,805607.2993,149932.9416,827.6824,ES
2274,805586.0784,149919.6756,827.5306,ES
2275,805564.8425,149906.4774,827.3979,ES
2276,805543.7484,149893.0852,827.2691,ES
2277,805522.4908,149879.9559,827.1743,ES
2278,805501.2358,149866.8185,827.0653,ES
2279,805480.0779,149853.4609,827.0062,ES
2280,805458.8938,149840.2467,826.9066,ES
2281,805437.6250,149827.0497,826.8216,ES
2282,805416.4003,149813.8058,826.7331,ES
2283,805395.3120,149800.4228,826.6307,ES
2284,805374.1163,149787.1796,826.5273,ES
2285,805352.8696,149774.0479,826.4659,ES
2286,805331.6688,149760.8143,826.3209,ES
2287,805310.4814,149747.5013,826.1843,ES
2288,805289.2268,149734.2948,826.0965,ES
2289,805268.0852,149720.9187,826.0035,ES
2290,805246.8956,149707.6277,825.9165,ES
2291,805225.6704,149694.4815,825.8370,ES
2292,805204.4719,149681.2568,825.7540,ES
2293,805183.2660,149667.9862,825.6678,ES
2294,805166.2157,149657.3531,825.5833,ES,E
2295,805160.1592,149653.5002,825.5341,ES,B
2296,805138.9169,149640.2786,825.4568,ES
2297,805117.6907,149627.1267,825.4016,ES
2298,805096.4963,149613.9108,825.3384,ES
2299,805075.3188,149600.6408,825.2730,ES
2300,805054.0700,149587.4599,825.2005,ES
2301,805032.8828,149574.1935,825.2035,ES
2302,805011.7455,149560.7956,825.1480,ES
2303,804990.5190,149547.5526,825.1230,ES
2304,804969.2597,149534.4611,825.1182,ES
2305,804948.0756,149521.2027,825.1187,ES
2306,804926.9019,149507.9249,825.1050,ES
2307,804905.7088,149494.6133,825.1029,ES
2308,804884.5090,149481.3755,825.1032,ES
2309,804863.2928,149468.1086,825.1148,ES
2310,804842.0594,149454.8967,825.1108,ES
2311,804820.8987,149441.6163,825.0762,ES
2312,804799.7224,149428.3944,825.0763,ES
2313,804778.5167,149415.1531,825.0919,ES
2314,804757.3211,149401.8009,825.0808,ES
2315,804736.0790,149388.6042,825.1105,ES
2316,804714.8441,149375.4338,825.1341,ES
2317,804693.6265,149362.2388,825.1558,ES
2318,804672.4486,149348.9108,825.1445,ES
2319,804651.2678,149335.6843,825.2098,ES
2320,804630.0866,149322.4158,825.2200,ES
2321,804608.8431,149309.1897,825.2139,ES
2322,804587.6376,149295.9967,825.2039,ES
2323,804566.3361,149282.8692,825.2629,ES
2324,804545.0875,149269.6388,825.2691,ES
2325,804524.0521,149256.1782,825.2210,ES
2326,804502.9006,149242.8986,825.4147,ES
2327,804481.6534,149229.7072,825.4311,ES
2328,804460.4337,149216.4603,825.4392,ES
2329,804439.2958,149203.1096,825.4602,ES
2330,804418.0496,149189.9286,825.5439,ES
2331,804396.8261,149176.7301,825.6042,ES
2332,804375.6820,149163.3849,825.6028,ES
2333,804354.4619,149150.1770,825.6227,ES
2334,804333.2965,149136.8912,825.6338,ES
2335,804312.0978,149123.6556,825.6523,ES
2336,804290.9001,149110.3977,825.6777,ES
2337,804269.6765,149097.1691,825.6897,ES
2338,804248.4886,149083.9468,825.7309,ES
2339,804227.2797,149070.6453,825.7801,ES
2340,804206.0813,149057.4438,825.8117,ES
2341,804184.7338,149044.4704,825.8295,ES
2342,804163.5978,149031.1569,825.8750,ES
2343,804142.4232,149017.7828,825.8987,ES
2344,804121.2086,149004.5461,825.9482,ES
2345,804099.9361,148991.5043,825.9833,ES
2346,804078.8599,148978.0151,825.9923,ES
2347,804057.5114,148964.8714,826.0110,ES
2348,804036.3654,148951.5790,826.0576,ES
2349,804015.1178,148938.4322,826.0955,ES
2350,803993.9210,148925.1990,826.1309,ES
2351,803972.6625,148912.0126,826.1296,ES
2352,803951.5311,148898.6563,826.1383,ES
2353,803930.3091,148885.4348,826.1428,ES
2354,803909.1051,148872.2151,826.1368,ES
2355,803887.9095,148858.9654,826.1348,ES
2356,803866.7195,148845.7089,826.1113,ES
2357,803845.5174,148832.4306,826.1227,ES
2358,803824.3113,148819.1970,826.1191,ES
2359,803803.1081,148805.9558,826.0753,ES
2360,803781.9390,148792.6519,826.0507,ES
2361,803760.7099,148779.3963,826.0360,ES
2362,803739.4974,148766.2280,826.0475,ES
2363,803718.3220,148752.8943,826.0497,ES
2364,803697.0964,148739.6924,826.0538,ES
2365,803675.8623,148726.4751,826.1039,ES
2366,803654.6139,148713.2813,826.0907,ES
2367,803633.4379,148700.0073,826.0735,ES
2368,803612.1833,148686.8199,826.1029,ES
2369,803590.9418,148673.6770,826.1423,ES
2370,803569.6216,148660.6239,826.2451,ES
2371,803548.3603,148647.5040,826.2677,ES
2372,803527.1269,148634.2571,826.2900,ES
2373,803505.8497,148621.2147,826.3340,ES
2374,803484.5304,148608.1595,826.3996,ES
2375,803463.3475,148594.8494,826.4155,ES
2376,803442.0566,148581.7781,826.4441,ES
2377,803420.7435,148568.7008,826.4734,ES
2378,803399.6586,148555.3272,826.5288,ES
2379,803378.4742,148541.9929,826.5991,ES
2380,803357.2638,148528.7176,826.6417,ES
2381,803336.2685,148515.1908,826.6550,ES
2382,803315.1089,148501.9354,826.7181,ES
2383,803294.1176,148488.2828,826.7939,ES
2384,803272.9832,148474.9023,826.9052,ES
2385,803251.7454,148461.6528,826.9883,ES
2386,803230.4918,148448.5201,827.0574,ES
2387,803209.3001,148435.2834,827.1724,ES
2388,803188.0945,148422.0588,827.2466,ES
2389,803167.0066,148408.6485,827.2639,ES
2390,803145.8169,148395.3642,827.3234,ES
2391,803124.5210,148382.2366,827.3495,ES
2392,803103.2647,148369.1002,827.4127,ES
2393,803082.1699,148355.6970,827.4292,ES
2394,803061.0506,148342.3161,827.4551,ES
2395,803039.6725,148329.2872,827.4958,ES
2396,803018.5310,148316.0072,827.5498,ES
2397,802997.4108,148302.6693,827.5340,ES
2398,802976.1343,148289.5118,827.5579,ES
2399,802955.0042,148276.2132,827.5797,ES
2400,802933.8506,148262.8887,827.6100,ES
2401,802912.5723,148249.6642,827.6370,ES
2402,802891.3967,148236.3916,827.6810,ES
2403,802870.2038,148223.0847,827.7257,ES
2404,802848.9041,148209.9730,827.7338,ES
2405,802827.8441,148196.5712,827.7761,ES
2406,802806.6627,148183.3243,827.8377,ES
2407,802785.3740,148170.2399,827.8266,ES
2408,802764.1326,148157.0137,827.8570,ES
2409,802743.0213,148143.6346,827.9316,ES
2410,802721.8239,148130.3607,827.9616,ES
2411,802700.6565,148117.0356,827.9810,ES
2412,802679.4381,148103.8094,828.0025,ES
2413,802658.2025,148090.6397,828.0379,ES
2414,802636.9940,148077.3956,828.1164,ES
2415,802615.7793,148064.1592,828.1427,ES
2416,802594.5242,148050.9708,828.1441,ES
2417,802573.3501,148037.6940,828.1618,ES
2418,802552.2040,148024.4140,828.1088,ES
2419,802530.9215,148011.2846,828.1237,ES
2420,802509.7730,147998.0192,828.2010,ES
2421,802488.5950,147984.6804,828.2158,ES
2422,802467.3816,147971.3959,828.2527,ES
2423,802446.1618,147958.1865,828.2768,ES
2424,802424.9524,147944.9712,828.3121,ES
2425,802403.5981,147931.9916,828.3512,ES
2426,802382.4650,147918.6454,828.3667,ES
2427,802361.2726,147905.3647,828.3994,ES
2428,802340.1404,147891.9913,828.4364,ES
2429,802318.8555,147878.8586,828.4771,ES
2430,802297.6404,147865.6393,828.5089,ES
2431,802276.4357,147852.4174,828.5514,ES
2432,802255.2364,147839.1698,828.5677,ES
2433,802234.0442,147825.9217,828.6167,ES
2434,802212.8449,147812.6490,828.6597,ES
2435,802191.7079,147799.3089,828.6585,ES
2436,802170.4375,147786.1650,828.6896,ES
2437,802149.2219,147772.9079,828.7064,ES
2438,802128.0726,147759.5813,828.7161,ES
2439,802106.7641,147746.4825,828.7181,ES
2440,802085.5562,147733.3027,828.7622,ES
2441,802064.3174,147720.1392,828.8428,ES
2442,802043.2052,147706.7050,828.8571,ES
2443,802022.0956,147693.3160,828.8552,ES
2444,802000.8022,147680.1976,828.8878,ES
2445,801979.6672,147666.8502,828.9289,ES
2446,801958.4107,147653.7318,828.9201,ES
2447,801937.2047,147640.4493,828.9557,ES
2448,801916.0129,147627.2359,828.9715,ES
2449,801894.7995,147613.9383,829.0042,ES
2450,801873.5728,147600.7706,829.1281,ES
2451,801852.4041,147587.4655,829.1726,ES
2452,801831.1692,147574.3037,829.2177,ES
2453,801810.0395,147560.9457,829.2345,ES
2454,801788.8393,147547.6557,829.2783,ES
2455,801767.5473,147534.5622,829.3105,ES
2456,801746.3573,147521.3232,829.3338,ES
2457,801725.2023,147507.9891,829.3319,ES
2458,801704.0088,147494.7274,829.3431,ES
2459,801682.7801,147481.4459,829.3723,ES
2460,801661.5517,147468.2752,829.4079,ES
2461,801640.3439,147455.0698,829.4437,ES
2462,801619.1398,147441.8211,829.5031,ES
2463,801597.9742,147428.6043,829.5534,ES
2464,801576.7284,147415.3686,829.5337,ES
2465,801555.5711,147402.0373,829.5575,ES
2466,801534.3445,147388.7997,829.5790,ES
2467,801513.1252,147375.5711,829.6032,ES
2468,801491.8932,147362.3486,829.6412,ES
2469,801470.6503,147349.1537,829.6700,ES
2470,801449.4866,147335.8709,829.7324,ES
2471,801428.1987,147322.7296,829.7205,ES
2472,801406.9532,147309.5829,829.7855,ES
2473,801385.8222,147296.2487,829.8039,ES
2474,801364.6407,147283.0418,829.8306,ES
2475,801343.4537,147269.7284,829.8561,ES
2476,801322.2503,147256.4657,829.8905,ES
2477,801301.0389,147243.2239,829.9339,ES
2478,801279.8337,147230.0005,829.9797,ES
2479,801258.6617,147216.7133,829.9666,ES
2480,801237.4278,147203.5734,829.9609,ES
2481,801216.2560,147190.2158,830.0272,ES
2482,801195.0600,147176.9721,830.0207,ES
2483,801173.8272,147163.7666,830.0643,ES
2484,801152.5723,147150.6375,830.1229,ES
2485,801131.3791,147137.2834,830.1387,ES
2486,801110.1562,147124.1045,830.2017,ES
2487,801088.9396,147110.8807,830.2175,ES
2488,801067.7168,147097.6541,830.2274,ES
2489,801046.4256,147084.5414,830.2237,ES
2490,801025.2345,147071.2689,830.2736,ES
2491,801004.0104,147058.0859,830.2958,ES
2492,800982.9834,147044.5530,830.3017,ES
2493,800961.7027,147031.4584,830.3166,ES
2494,800940.5204,147018.2715,830.3401,ES
2495,800919.2630,147005.0258,830.4471,ES
2496,800897.9649,146991.9196,830.4954,ES
2497,800876.7542,146978.6909,830.5212,ES
2498,800855.6091,146965.3796,830.5197,ES
2499,800834.4130,146952.1158,830.5458,ES
2500,800813.2054,146938.8562,830.5705,ES
2501,800791.9499,146925.6574,830.5644,ES
2502,800770.7109,146912.4648,830.5933,ES
2503,800749.5970,146899.1419,830.6168,ES
2504,800728.4197,146885.9025,830.6386,ES
2505,800707.2639,146872.6292,830.6250,ES
2506,800686.0739,146859.3258,830.6740,ES
2507,800664.8905,146846.0020,830.6959,ES
2508,800643.6237,146832.8124,830.7272,ES
2509,800622.4158,146819.5703,830.7757,ES
2510,800601.2492,146806.2627,830.8066,ES
2511,800580.0182,146793.0587,830.8330,ES
2512,800558.8063,146779.8720,830.8686,ES
2513,800537.6260,146766.6426,830.9042,ES
2514,800516.3764,146753.4724,830.9467,ES
2515,800495.1230,146740.2396,830.9898,ES
2516,800473.9272,146727.0249,831.0162,ES
2517,800452.7306,146713.7486,831.0276,ES
2518,800431.5186,146700.4935,831.0452,ES
2519,800410.2609,146687.3440,831.0762,ES
2520,800389.0472,146674.1121,831.1399,ES
2521,800367.8798,146660.8170,831.2046,ES
2522,800346.7519,146647.4383,831.2147,ES
2523,800325.6203,146634.1354,831.2532,ES
2524,800304.4273,146620.8508,831.2903,ES
2525,800283.2101,146607.6832,831.3393,ES
2526,800261.9397,146594.5212,831.3557,ES
2527,800240.7161,146581.3059,831.3624,ES
2528,800219.5107,146568.0080,831.3967,ES
2529,800198.2614,146554.7668,831.4280,ES
2530,800177.1185,146541.4400,831.4588,ES
2531,800155.8601,146528.3916,831.4983,ES
2532,800134.7013,146515.1121,831.5405,ES
2533,800113.4833,146501.8412,831.5631,ES
2534,800092.2864,146488.5778,831.5776,ES
2535,800071.0656,146475.3512,831.6147,ES
2536,800049.8361,146462.0949,831.6660,ES
2537,800028.6099,146448.9196,831.7217,ES
2538,800007.4549,146435.6035,831.7526,ES
2539,799986.2281,146422.3715,831.7771,ES
2540,799965.0146,146409.1845,831.7965,ES
2541,799943.8150,146395.9268,831.8340,ES
2542,799922.6076,146382.6945,831.8556,ES
2543,799901.3842,146369.4440,831.8930,ES
2544,799880.1603,146356.2485,831.9133,ES
2545,799859.0074,146342.9564,831.9452,ES
2546,799837.8278,146329.6587,831.9516,ES
2547,799816.6379,146316.4354,831.9670,ES
2548,799795.3624,146303.2938,831.9755,ES
2549,799774.1687,146289.9658,831.9918,ES
2550,799752.9873,146276.7439,832.0629,ES
2551,799731.6981,146263.6468,832.0969,ES
2552,799710.5037,146250.3779,832.1308,ES
2553,799689.4853,146236.8801,832.1111,ES
2554,799668.2018,146223.7655,832.1910,ES
2555,799647.0134,146210.4511,832.2033,ES
2556,799625.8393,146197.1537,832.2124,ES
2557,799604.5280,146184.0162,832.2709,ES
2558,799583.3645,146170.7727,832.3137,ES
2559,799562.1524,146157.5615,832.3655,ES
2560,799540.9618,146144.3359,832.3876,ES
2561,799519.7847,146131.0216,832.4144,ES
2562,799498.5947,146117.7601,832.4731,ES
2563,799477.4198,146104.4820,832.4928,ES
2564,799456.2367,146091.1814,832.4918,ES
2565,799435.0387,146077.9064,832.5155,ES
2566,799413.8453,146064.6663,832.5449,ES
2567,799392.6218,146051.4170,832.5816,ES
2568,799371.4058,146038.1876,832.6124,ES
2569,799350.1929,146024.9677,832.6576,ES
2570,799328.8688,146011.8614,832.7195,ES
2571,799307.6968,145998.5790,832.7187,ES
2572,799286.4442,145985.3846,832.7573,ES
2573,799265.2010,145972.2387,832.7952,ES
2574,799243.9710,145959.0506,832.8473,ES
2575,799222.9994,145945.4733,832.8284,ES
2576,799201.8228,145932.2231,832.8222,ES
2577,799180.7798,145918.7486,832.8360,ES
2578,799159.4962,145905.6383,832.8728,ES
2579,799138.4032,145892.1856,832.8837,ES
2580,799117.0837,145879.0495,832.8758,ES
2581,799095.9535,145865.6888,832.8828,ES
2582,799074.5178,145852.7840,832.9682,ES
2583,799053.3653,145839.4754,833.0152,ES
2584,799032.1502,145826.2985,833.0486,ES
2585,799011.0054,145812.9394,832.9876,ES
2586,798989.8622,145799.6302,833.0734,ES
2587,798968.6168,145786.4881,833.1089,ES
2588,798947.4728,145773.1441,833.0974,ES
2589,798926.1940,145760.0174,833.1470,ES
2590,798905.0564,145746.6679,833.1653,ES
2591,798883.8669,145733.3254,833.1865,ES
2592,798862.6277,145720.1176,833.2319,ES
2593,798841.3748,145706.9305,833.2688,ES
2594,798820.2240,145693.6610,833.2984,ES
2595,798799.0230,145680.4545,833.3284,ES
2596,798777.8167,145667.1869,833.3748,ES
2597,798756.6135,145653.9600,833.4201,ES
2598,798735.3331,145640.8566,833.4776,ES
2599,798714.1530,145627.5946,833.5031,ES
2600,798692.9757,145614.3068,833.5277,ES
2601,798671.7843,145601.0124,833.5646,ES
2602,798650.5679,145587.7458,833.5988,ES
2603,798629.3517,145574.5397,833.6374,ES
2604,798608.1405,145561.3123,833.6658,ES
2605,798586.9286,145548.0780,833.7076,ES
2606,798565.5953,145535.0481,833.7227,ES
2607,798544.3947,145521.8171,833.7431,ES
2608,798523.2385,145508.4701,833.7614,ES
2609,798502.0229,145495.2424,833.7910,ES
2610,798480.7688,145482.0931,833.8204,ES
2611,798459.5520,145468.8492,833.8605,ES
2612,798438.2664,145455.7299,833.8454,ES
2613,798417.0426,145442.5214,833.8900,ES
2614,798395.8105,145429.3033,833.9038,ES
2615,798374.6519,145415.9827,833.9257,ES
2616,798353.4203,145402.7991,833.9273,ES
2617,798332.1946,145389.5970,833.9479,ES
2618,798310.9988,145376.4042,833.9736,ES
2619,798289.8255,145363.1352,833.9829,ES
2620,798268.6522,145349.8325,833.9922,ES
2621,798247.4545,145336.5291,834.0017,ES
2622,798226.2440,145323.2889,833.9894,ES
2623,798205.0248,145310.0536,833.9481,ES
2624,798183.8027,145296.8396,833.9314,ES
2625,798162.5904,145283.6312,833.9150,ES
2626,798141.3972,145270.4036,833.9034,ES
2627,798120.2001,145257.1263,833.8917,ES
2628,798099.0562,145243.7577,833.8825,ES
2629,798077.8112,145230.6420,833.8544,ES
2630,798056.6197,145217.3539,833.8276,ES
2631,798042.3784,145208.4476,833.8104,ES,E
2632,798032.7082,145202.4001,833.8297,ES,B
2633,798011.5074,145189.1254,833.8017,ES
2634,797990.2813,145175.8723,833.7064,ES
2635,797969.0285,145162.7057,833.7072,ES
2636,797947.8391,145149.4239,833.6508,ES
2637,797926.5922,145136.2449,833.6148,ES
2638,797905.4640,145122.9300,833.6002,ES
2639,797884.2546,145109.7102,833.5710,ES
2640,797863.1140,145096.4142,833.5178,ES
2641,797841.9167,145083.1135,833.4744,ES
2642,797820.6595,145069.9968,833.4142,ES
2643,797799.4705,145056.7078,833.3636,ES
2644,797778.3100,145043.4274,833.2920,ES
2645,797757.1180,145030.1213,833.2211,ES
2646,797735.8615,145016.8951,833.1735,ES
2647,797714.6499,145003.7315,833.1201,ES
2648,797693.3435,144990.6111,833.0475,ES
2649,797672.1465,144977.3820,833.0175,ES
2650,797650.9748,144964.1718,832.9500,ES
2651,797629.8239,144950.8547,832.8582,ES
2652,797608.6423,144937.5030,832.7960,ES
2653,797587.4474,144924.2465,832.7180,ES
2654,797566.2154,144910.9651,832.6221,ES
2655,797544.9650,144897.7899,832.5491,ES
2656,797523.7146,144884.6239,832.4710,ES
2657,797502.4967,144871.4744,832.4005,ES
2658,797481.2960,144858.2348,832.3122,ES
2659,797460.0970,144844.9839,832.2134,ES
2660,797438.8847,144831.7244,832.0959,ES
2661,797417.6777,144818.5105,831.9926,ES
2662,797396.4634,144805.2575,831.9039,ES
2663,797375.2448,144792.0394,831.7883,ES
2664,797354.0389,144778.8268,831.6957,ES
2665,797332.8511,144765.5867,831.6061,ES
2666,797311.6707,144752.3103,831.5114,ES
2667,797290.5003,144739.0337,831.4244,ES
2668,797269.3030,144725.7119,831.3479,ES
2669,797248.0758,144712.4675,831.2620,ES
2670,797226.7476,144699.4306,831.2318,ES
2671,797205.5166,144686.2287,831.1401,ES
2672,797184.2908,144673.0330,831.0478,ES
2673,797163.1487,144659.7146,830.9486,ES
2674,797141.9556,144646.4872,830.8567,ES
2675,797120.7595,144633.2107,830.7534,ES
2676,797099.5408,144619.9498,830.6353,ES
2677,797078.3163,144606.7444,830.5183,ES
2678,797057.0973,144593.5358,830.3806,ES
2679,797035.8843,144580.3170,830.2809,ES
2680,797022.0001,144571.6559,830.2080,ES,E
2681,806252.9511,150462.9239,832.0714,ES,B
2682,806244.9187,150458.4946,832.0413,ES,E
2683,805969.5281,150154.4592,829.3884,ES,B
2684,805961.2643,150150.1140,829.3515,ES,E
2685,805128.2872,149720.2209,825.4474,ES,B
2686,805110.5775,149709.1150,825.3738,ES,E
2687,805136.0818,149704.6833,825.3630,ES,B
2688,805120.5801,149694.9928,825.3192,ES,E
2689,805166.2157,149657.3531,825.5833,ES,B
2690,805160.1592,149653.5002,825.5341,ES,E
2691,797975.4647,145319.6072,833.7614,ES,B
2692,797964.3293,145312.7556,833.7267,ES,E
2693,798002.6510,145271.1782,833.7065,ES,B
2694,797992.6809,145264.9053,833.6727,ES,E
2695,798009.6393,145254.9781,833.5452,ES,B
2696,798001.6704,145250.2677,833.5306,ES,E
2697,798042.3784,145208.4476,833.8104,ES,B
2698,798032.7082,145202.4001,833.8297,ES,E
2699,796952.9136,144680.1623,830.2769,ES,B
2700,796948.4638,144677.6568,830.2444,ES
2701,796927.4263,144664.1770,830.1551,ES
2702,796906.2738,144650.8340,830.0429,ES
2703,796885.0525,144637.5856,829.9265,ES
2704,796863.8896,144624.2964,829.8318,ES
2705,796842.6660,144611.1207,829.7431,ES
2706,796821.4632,144597.8925,829.6590,ES
2707,796800.2240,144584.6674,829.5503,ES
2708,796779.0324,144571.4131,829.4241,ES
2709,796757.8809,144558.1099,829.2644,ES
2710,796737.0763,144544.2456,829.2051,ES
2711,796716.1055,144530.6136,829.1329,ES
2712,796693.9914,144518.7831,828.9485,ES
2713,796672.7706,144505.5834,829.0073,ES
2714,796651.5569,144492.3350,828.9709,ES
2715,796630.4235,144479.0194,828.9140,ES
2716,796609.3359,144465.5845,828.8273,ES
2717,796588.1669,144452.2298,828.7765,ES
2718,796567.1713,144438.6469,828.6912,ES
2719,796545.5468,144426.0624,828.5350,ES
2720,796524.0761,144413.2994,828.4310,ES
2721,796502.8301,144400.1571,828.3272,ES
2722,796481.6535,144386.8620,828.2513,ES
2723,796460.4528,144373.6362,828.1791,ES
2724,796439.2741,144360.3168,828.1048,ES
2725,796418.0933,144346.9902,828.0185,ES
2726,796396.9091,144333.7611,827.9184,ES
2727,796375.6776,144320.4971,827.8274,ES
2728,796354.4470,144307.4031,827.7301,ES
2729,796333.2047,144294.2582,827.6501,ES
2730,796312.0577,144280.8848,827.5902,ES
2731,796290.8347,144267.6798,827.5038,ES
2732,796269.6702,144254.3746,827.3911,ES
2733,796248.4304,144241.1804,827.2824,ES
2734,796227.2026,144227.9642,827.2057,ES
2735,796205.9951,144214.7189,827.0991,ES
2736,796184.7332,144201.5497,827.0037,ES
2737,796163.5182,144188.3489,826.8964,ES
2738,796142.3454,144175.0527,826.8537,ES
2739,796121.1207,144161.8241,826.7729,ES
2740,796099.9635,144148.5423,826.6753,ES
2741,796078.7324,144135.2831,826.6095,ES
2742,796057.5191,144122.0545,826.4995,ES
2743,796036.1663,144109.0765,826.3948,ES
2744,796014.9701,144095.8613,826.3038,ES
2745,795993.6973,144082.6796,826.1890,ES
2746,795972.5608,144069.3598,826.0839,ES
2747,795951.3729,144056.1116,825.9611,ES
2748,795930.0821,144042.9576,825.8312,ES
2749,795908.8904,144029.6227,825.7615,ES
2750,795887.6087,144016.5133,825.6520,ES
2751,795866.3727,144003.3339,825.5070,ES
2752,795845.2288,143990.0561,825.4067,ES
2753,795823.9884,143976.8950,825.2439,ES
2754,795802.7381,143963.6891,825.0930,ES
2755,795781.5728,143950.4345,824.8751,ES
2756,795760.4190,143937.1577,824.6855,ES
2757,795739.0867,143924.1777,824.4899,ES
2758,795717.7754,143911.1703,824.2711,ES
2759,795675.2184,143885.2999,823.9153,ES
2760,795653.7086,143872.6575,823.7612,ES
2761,795632.1088,143860.2174,823.6042,ES
2762,795610.6229,143847.7875,823.5077,ES
2763,795588.8339,143835.6983,823.3438,ES
2764,795567.0700,143823.5527,823.2473,ES
2765,795545.2784,143811.5318,823.1170,ES
2766,795523.2154,143799.9553,822.9591,ES
2767,795501.2018,143788.2649,822.8971,ES
2768,795479.0599,143776.7504,822.8799,ES
2769,795456.8380,143765.6802,822.7237,ES
2770,795434.4516,143754.7592,822.5834,ES
2771,795411.9612,143744.0815,822.4277,ES
2772,795389.4517,143733.3897,822.2831,ES
2773,795366.8834,143722.8011,822.1530,ES
2774,795344.0872,143712.7228,821.9458,ES
2775,795321.2292,143702.7759,821.7150,ES
2776,795298.3686,143692.9345,821.5443,ES
2777,795275.3812,143683.3021,821.3465,ES
2778,795252.3742,143673.7910,821.1688,ES
2779,795229.2751,143664.5008,820.9686,ES
2780,795206.2163,143655.0442,820.7632,ES
2781,795182.8535,143646.4069,820.5523,ES
2782,795159.5950,143637.6155,820.3722,ES
2783,795136.2028,143628.9688,820.1604,ES
2784,795112.7233,143620.6965,819.9072,ES
2785,795089.1808,143612.6283,819.6521,ES
2786,795065.5892,143604.7060,819.3947,ES
2787,795041.8750,143597.0221,819.1014,ES
2788,795018.1865,143589.2671,818.8196,ES
2789,794994.3987,143581.8436,818.5914,ES
2790,794970.5247,143574.6224,818.2833,ES
2791,794946.6329,143567.5399,817.9790,ES
2792,794922.7428,143560.5299,817.7202,ES
2793,794898.7781,143553.7534,817.4486,ES
2794,794874.7379,143547.2621,817.1036,ES
2795,794850.6585,143540.8438,816.8516,ES
2796,794826.4788,143534.7460,816.4672,ES
2797,794802.3338,143528.7582,816.1806,ES
2798,794778.1853,143522.9457,815.8835,ES
2799,794729.5189,143512.2212,815.2720,ES
2800,794705.1033,143507.1968,814.9270,ES
2801,794680.7344,143502.0930,814.5621,ES
2802,794656.3073,143497.3949,814.1978,ES
2803,794631.8748,143492.4075,813.9013,ES
2804,794607.2594,143488.1539,813.4767,ES
2805,794582.7049,143484.0327,813.1569,ES
2806,794558.1219,143480.0615,812.8506,ES
2807,794533.4725,143475.8826,812.5875,ES
2808,794508.7655,143472.2011,812.2843,ES
2809,794484.0920,143468.5399,812.0353,ES
2810,794459.4231,143464.8473,811.8192,ES
2811,794434.7299,143461.2610,811.5643,ES
2812,794409.9010,143457.7902,811.2816,ES
2813,794385.1358,143454.3075,811.0269,ES
2814,794360.4113,143450.6274,810.7827,ES
2815,794335.6184,143447.2464,810.5789,ES
2816,794310.8950,143443.6045,810.2942,ES
2817,794286.1584,143439.8012,809.8849,ES
2818,794261.3815,143436.6632,809.5417,ES
2819,794236.7237,143433.1510,809.0919,ES
2820,794211.9503,143429.3979,808.8509,ES
2821,794187.2268,143425.7281,808.5466,ES
2822,794162.5168,143422.1304,808.3461,ES
2823,794137.8000,143418.4812,808.0940,ES
2824,794113.0036,143414.7457,807.9160,ES
2825,794063.5044,143407.9733,807.8082,ES
2826,794038.7282,143404.6153,807.7952,ES
2827,794013.9380,143401.1682,807.6735,ES
2828,793989.2139,143397.4918,807.5655,ES
2829,793964.4369,143393.8916,807.5573,ES
2830,793939.7794,143390.1913,807.5985,ES
2831,793915.0738,143386.5222,807.5950,ES
2832,793890.2901,143383.0494,807.6482,ES
2833,793865.5088,143379.6769,807.7089,ES
2834,793840.7910,143376.0187,807.8278,ES
2835,793816.0638,143372.4990,808.0060,ES
2836,793791.2674,143369.2831,808.2357,ES
2837,793766.5078,143365.8064,808.3685,ES
2838,793741.7489,143362.3094,808.4534,ES
2839,793717.0063,143358.8157,808.6213,ES
2840,793692.2150,143355.4643,808.7871,ES
2841,793667.4678,143351.9564,808.9457,ES
2842,793642.8200,143348.0117,809.1771,ES
2843,793618.0083,143344.6898,809.4016,ES
2844,793593.2470,143341.0875,809.7072,ES
2845,793568.4678,143337.7385,810.0108,ES
2846,793543.7272,143334.1907,810.2967,ES
2847,793518.9884,143330.6542,810.6029,ES
2848,793494.2473,143327.1499,810.9073,ES
2849,793469.4883,143323.6255,811.2319,ES
2850,793444.7118,143320.0996,811.5908,ES
2851,793419.9894,143316.6210,811.9594,ES
2852,793395.1940,143313.2071,812.3036,ES
2853,793370.4478,143309.7116,812.6421,ES
2854,793345.7451,143306.0306,813.0391,ES
2855,793320.9614,143302.5109,813.4646,ES
2856,793296.2227,143298.8998,813.8311,ES
2857,793271.5060,143295.4331,814.2138,ES
2858,793246.7614,143291.8894,814.5803,ES
2859,793222.0419,143288.2948,815.0012,ES
2860,793197.2450,143284.8265,815.3216,ES
2861,793172.4976,143281.2423,815.6882,ES
2862,793147.7475,143277.7336,816.0136,ES
2863,793123.0482,143274.1364,816.3910,ES
2864,793098.3252,143270.4456,816.8458,ES
2865,793073.5546,143266.9799,817.2126,ES
2866,793048.8047,143263.5084,817.6074,ES
2867,793024.0589,143259.8720,817.9866,ES
2868,792999.2884,143256.2940,818.3556,ES
2869,792974.5742,143252.6526,818.7455,ES
2870,792949.8090,143249.1365,819.1198,ES
2871,792925.0989,143245.6170,819.5222,ES
2872,792900.3669,143242.0590,819.8785,ES
2873,792875.6459,143238.4858,820.2452,ES
2874,792850.8550,143234.9753,820.6099,ES
2875,792826.1254,143231.4749,820.9406,ES
2876,792801.3845,143227.9410,821.2959,ES
2877,792776.6350,143224.4048,821.5960,ES
2878,792751.8900,143220.7940,821.9781,ES
2879,792727.1500,143217.2444,822.2927,ES
2880,792702.3746,143213.7004,822.5921,ES
2881,792677.6650,143210.1655,822.8704,ES
2882,792652.9176,143206.6973,823.1557,ES
2883,792628.1510,143203.2741,823.4406,ES
2884,792603.3965,143199.7629,823.7105,ES
2885,792578.6427,143196.0663,824.0081,ES
2886,792553.8938,143192.5612,824.2613,ES
2887,792529.1717,143188.8896,824.5205,ES
2888,792504.4433,143185.3387,824.8393,ES
2889,792479.7041,143181.8383,825.0949,ES
2890,792454.9587,143178.2032,825.4261,ES
2891,792430.1887,143174.5765,825.6767,ES
2892,792405.4412,143170.9921,825.9214,ES
2893,792380.7100,143167.4481,826.1225,ES
2894,792355.9729,143163.8988,826.2861,ES
2895,792331.2083,143160.3936,826.4462,ES
2896,792306.4848,143156.7714,826.6546,ES
2897,792281.7339,143153.2680,826.8323,ES
2898,792256.9868,143149.7155,826.9999,ES
2899,792232.2489,143146.1475,827.1686,ES
2900,792207.5141,143142.6882,827.3244,ES
2901,792182.7773,143139.0793,827.5109,ES
2902,792158.0171,143135.5236,827.6830,ES
2903,792133.2312,143132.0662,827.7859,ES
2904,792108.4963,143128.4880,827.9102,ES
2905,792083.7572,143124.9394,828.0534,ES
2906,792058.9868,143121.5802,828.1353,ES
2907,792034.2503,143117.9345,828.2274,ES
2908,792009.5042,143114.3877,828.3107,ES
2909,791984.7917,143110.6164,828.3678,ES
2910,791960.0519,143107.0909,828.4996,ES
2911,791935.2986,143103.5594,828.6149,ES
2912,791910.5523,143099.9784,828.7582,ES
2913,791885.8127,143096.4291,828.8815,ES
2914,791861.0718,143092.9089,828.9403,ES
2915,791836.3175,143089.3411,829.0670,ES
2916,791811.5654,143085.8174,829.1595,ES
2917,791786.8287,143082.3053,829.2202,ES
2918,791762.0771,143078.7170,829.3477,ES
2919,791737.3051,143075.1829,829.4374,ES
2920,791712.5268,143071.5941,829.5509,ES
2921,791687.8240,143068.0247,829.6582,ES
2922,791663.0889,143064.3950,829.7104,ES
2923,791638.3561,143060.8878,829.8038,ES
2924,791613.5877,143057.3529,829.9146,ES
2925,791588.8762,143053.7537,830.1040,ES
2926,791564.1181,143050.2523,830.1985,ES
2927,791539.3661,143046.6321,830.2842,ES
2928,791514.6260,143043.0727,830.3998,ES
2929,791489.8883,143039.4434,830.5380,ES
2930,791465.1091,143035.9648,830.6497,ES
2931,791440.3568,143032.4379,830.7844,ES
2932,791415.6439,143028.8294,830.8978,ES
2933,791390.9028,143025.2876,831.0471,ES
2934,791366.1706,143021.7888,831.1621,ES
2935,791341.4094,143018.2669,831.2523,ES
2936,791316.6547,143014.7619,831.3998,ES
2937,791291.8811,143011.2227,831.4629,ES
2938,791267.1606,143007.5917,831.5860,ES
2939,791242.4050,143004.0973,831.6494,ES
2940,791217.6782,143000.4817,831.7512,ES
2941,791192.9140,142996.9252,831.9200,ES
2942,791168.1759,142993.2885,832.0418,ES
2943,791143.4449,142989.6840,832.1832,ES
2944,791118.7117,142986.1783,832.2704,ES
2945,791093.9524,142982.5781,832.3874,ES
2946,791069.2404,142978.7341,832.5506,ES
2947,791044.4396,142975.5515,832.6139,ES
2948,791019.7274,142971.9711,832.7118,ES
2949,790995.0017,142968.2810,832.8076,ES
2950,790970.2237,142964.9253,832.8742,ES
2951,790945.4793,142961.4023,832.9873,ES
2952,790920.7329,142957.9472,833.0123,ES
2953,790871.2896,142950.3783,833.1309,ES
2954,790846.4754,142947.2595,833.1455,ES
2955,790821.7534,142943.5001,833.2146,ES
2956,790797.0201,142939.7398,833.2884,ES
2957,790772.2211,142936.5270,833.2770,ES
2958,790747.5203,142932.6809,833.3275,ES
2959,790722.7572,142929.4038,833.2880,ES
2960,790698.0617,142925.5382,833.3130,ES
2961,790673.2734,142922.3812,833.3227,ES
2962,790648.5514,142918.5329,833.3389,ES
2963,790623.7567,142915.3119,833.3151,ES
2964,790598.9832,142911.8598,833.3252,ES
2965,790574.2145,142908.4731,833.3127,ES
2966,790549.5545,142904.0712,833.3715,ES
2967,790524.8056,142900.6134,833.3665,ES
2968,790500.0745,142897.1049,833.3173,ES
2969,790475.2945,142893.6962,833.2776,ES
2970,790450.5588,142890.0992,833.2691,ES
2971,790425.8642,142886.4363,833.2001,ES
2972,790401.1019,142882.9992,833.1546,ES
2973,790376.2860,142880.0583,833.0664,ES
2974,790351.4928,142876.5065,833.0168,ES
2975,790326.7567,142872.9508,832.9476,ES
2976,790302.0286,142869.3095,832.8845,ES
2977,790277.2767,142865.8269,832.8239,ES
2978,790252.4962,142862.2956,832.7882,ES
2979,790227.7277,142858.9388,832.6544,ES
2980,790202.9792,142855.2045,832.5879,ES
2981,790178.3005,142851.3881,832.5540,ES
2982,790153.5576,142847.7784,832.5179,ES
2983,790128.8272,142844.2270,832.4509,ES
2984,790104.0694,142840.8309,832.3596,ES
2985,790079.3472,142837.2198,832.3193,ES
2986,790054.6001,142833.6413,832.2537,ES
2987,790029.8620,142830.0808,832.2047,ES
2988,790005.0933,142826.5866,832.1409,ES
2989,789980.3537,142822.9006,832.0919,ES
2990,789955.6056,142819.3471,832.0346,ES
2991,789930.7872,142816.1458,831.9433,ES
2992,789906.0886,142812.4771,831.9143,ES
2993,789881.3298,142808.9381,831.8313,ES
2994,789856.5900,142805.3773,831.7588,ES
2995,789831.8787,142801.6149,831.7038,ES
2996,789807.1234,142798.0748,831.6267,ES
2997,789782.3809,142794.3835,831.5735,ES
2998,789757.6648,142790.7117,831.4716,ES
2999,789732.9087,142787.1463,831.4076,ES
3000,789708.1942,142783.4775,831.3869,ES
3001,789683.4466,142779.9210,831.2926,ES
3002,789658.6616,142776.4223,831.2235,ES
3003,789633.9381,142772.7899,831.1841,ES
3004,789609.2186,142769.1302,831.1461,ES
3005,789584.4741,142765.5482,831.0818,ES
3006,789559.6995,142762.3093,830.9838,ES
3007,789534.9424,142758.6913,830.9277,ES
3008,789510.2308,142754.9779,830.8553,ES
3009,789485.4505,142751.6483,830.7770,ES
3010,789460.7329,142747.9425,830.7390,ES
3011,789436.0088,142744.4137,830.6812,ES
3012,789411.2023,142740.6336,830.5888,ES
3013,789386.4640,142737.0085,830.5189,ES
3014,789361.7690,142733.4519,830.4243,ES
3015,789337.0503,142729.8614,830.3172,ES
3016,789312.2998,142726.3033,830.2281,ES
3017,789287.6016,142722.5912,830.2122,ES
3018,789262.8348,142719.0780,830.1530,ES
3019,789238.0668,142715.5836,830.0293,ES
3020,789213.3434,142711.8322,829.9528,ES
3021,789188.5790,142708.3321,829.8501,ES
3022,789163.8496,142704.7166,829.7179,ES
3023,789139.1104,142701.1717,829.5827,ES
3024,789114.3914,142697.4854,829.5075,ES
3025,789089.6751,142693.9268,829.4696,ES
3026,789064.9020,142690.4291,829.3981,ES
3027,789040.1648,142686.9723,829.3146,ES
3028,789015.4088,142683.4853,829.2395,ES
3029,788990.6721,142679.9045,829.1684,ES
3030,788965.8816,142676.5470,829.0968,ES
3031,788941.0987,142672.9737,829.0297,ES
3032,788916.3425,142669.4052,828.9685,ES
3033,788891.5978,142665.8367,828.8996,ES
3034,788866.8883,142662.2036,828.8241,ES
3035,788842.1751,142658.6966,828.8170,ES
3036,788817.3977,142655.2050,828.7789,ES
3037,788792.6482,142651.6648,828.7406,ES
3038,788767.9376,142648.1265,828.6862,ES
3039,788743.1705,142644.6819,828.6018,ES
3040,788718.4002,142641.2100,828.5578,ES
3041,788693.6478,142637.6841,828.5703,ES
3042,788668.8928,142634.0437,828.5392,ES
3043,788644.1417,142630.6390,828.4661,ES
3044,788619.4073,142627.1663,828.4835,ES
3045,788594.6616,142623.7054,828.5049,ES
3046,788569.8945,142620.4089,828.5079,ES
3047,788545.1379,142616.9173,828.5652,ES
3048,788520.3580,142613.6090,828.6191,ES
3049,788495.6018,142610.1143,828.7056,ES
3050,788470.8290,142606.6136,828.8791,ES
3051,788446.0914,142602.9372,829.0308,ES
3052,788421.3154,142599.4665,829.0994,ES
3053,788396.6192,142595.9768,829.2059,ES
3054,788371.8429,142592.5759,829.3299,ES
3055,788347.0244,142589.1480,829.4174,ES
3056,788322.2329,142585.7276,829.5561,ES
3057,788297.4564,142582.1785,829.6409,ES
3058,788272.5934,142578.4768,829.7712,ES
3059,788247.8084,142574.4563,829.8665,ES
3060,788223.0245,142570.3210,829.9491,ES
3061,788198.2735,142565.8328,830.0297,ES
3062,788173.4933,142561.5303,830.0924,ES
3063,788148.8118,142556.7574,830.1377,ES
3064,788124.2922,142551.3537,830.1437,ES
3065,788099.8226,142545.8241,830.1032,ES
3066,788075.4309,142540.1293,830.0549,ES
3067,788051.0075,142534.0912,829.9953,ES
3068,788026.6739,142527.7799,829.9387,ES
3069,788002.4118,142521.3033,829.8907,ES
3070,787978.1864,142514.5580,829.8249,ES
3071,787954.0959,142507.4710,829.8242,ES
3072,787930.0114,142500.2194,829.7700,ES
3073,787906.0588,142492.4881,829.7294,ES
3074,787882.1955,142484.5777,829.6200,ES
3075,787858.4258,142476.6110,829.5786,ES
3076,787834.7375,142468.3286,829.5032,ES
3077,787811.1653,142459.8170,829.4733,ES
3078,787787.5745,142451.3818,829.4450,ES
3079,787763.9819,142442.6477,829.3991,ES
3080,787740.5785,142433.5385,829.3671,ES
3081,787717.4301,142423.8679,829.2591,ES
3082,787694.2424,142413.8502,829.2112,ES
3083,787671.3430,142403.3726,829.1529,ES
3084,787648.3178,142393.2650,829.0738,ES
3085,787625.4144,142382.7293,829.0175,ES
3086,787602.7797,142371.7964,829.0143,ES
3087,787580.3762,142360.4694,828.9215,ES
3088,787558.0289,142349.0886,828.8750,ES
3089,787535.6826,142337.6170,828.8516,ES
3090,787491.2216,142314.1831,828.7492,ES
3091,787469.2642,142301.8830,828.7426,ES
3092,787403.0379,142265.9796,828.8025,ES
3093,787382.3012,142254.6893,828.9110,ES
3094,787360.5210,142242.3330,828.9862,ES
3095,787338.0017,142230.8195,829.1583,ES
3096,787316.1705,142218.7515,829.2754,ES
3097,787294.0097,142205.6238,829.4075,ES
3098,787251.5557,142177.1799,829.4663,ES
3099,787210.9111,142147.6946,829.5188,ES
3100,787190.9342,142132.3349,829.6064,ES
3101,787171.1948,142116.8429,829.6509,ES
3102,787151.4289,142101.3301,829.6436,ES
3103,787131.7952,142085.4713,829.6586,ES
3104,787112.5320,142069.3574,829.6874,ES
3105,787093.4768,142053.1142,829.7060,ES
3106,787074.4576,142036.7980,829.7355,ES
3107,787055.7650,142020.0711,829.7484,ES
3108,787036.9275,142003.4018,829.7423,ES
3109,787018.4778,141986.3345,829.7117,ES
3110,787000.1691,141969.0600,829.7735,ES
3111,786982.0134,141951.7764,829.7199,ES
3112,786963.9112,141934.4855,829.7385,ES
3113,786945.9681,141917.0590,829.8305,ES
3114,786927.9965,141899.6964,829.8908,ES
3115,786910.0536,141882.3203,829.9887,ES
3116,786891.4140,141865.6117,830.1837,ES
3117,786874.0681,141847.6192,830.2930,ES
3118,786837.7936,141813.2866,830.3236,ES
3119,786819.5777,141796.1677,830.3397,ES
3120,786801.0336,141779.3958,830.2628,ES
3121,786783.0044,141761.9938,830.1418,ES
3122,786765.2550,141744.4584,829.9992,ES
3123,786747.3447,141727.0461,829.9648,ES
3124,786730.1871,141708.7780,830.0856,ES
3125,786712.1478,141691.4370,830.2264,ES
3126,786694.1959,141674.0486,830.0590,ES
3127,786676.0030,141656.8654,829.9407,ES
3128,786657.8642,141639.6699,829.7582,ES
3129,786639.7890,141622.4246,829.6659,ES
3130,786603.0484,141588.6096,829.4055,ES
3131,786584.8858,141571.4844,829.1530,ES
3132,786566.6285,141554.5028,828.8982,ES
3133,786548.4519,141537.4527,828.6445,ES
3134,786530.2513,141520.2932,828.3160,ES
3135,786511.9655,141503.1762,828.0255,ES
3136,786493.5829,141486.0553,827.7175,ES
3137,786475.2669,141468.6773,827.4433,ES
3138,786457.3530,141450.8604,827.2381,ES
3139,786439.8432,141432.6616,827.0792,ES
3140,786422.7720,141414.0249,826.8555,ES
3141,786406.1982,141395.0378,826.7499,ES
3142,786390.0002,141375.6455,826.6899,ES
3143,786374.3391,141355.7864,826.6961,ES
3144,786359.3369,141335.4724,826.7371,ES
3145,786344.8227,141314.8539,826.7946,ES
3146,786330.2603,141294.0721,827.0859,ES,E
3147,786741.2260,141663.8636,829.8799,ES,B
3148,786728.9376,141647.6438,829.9276,ES
3149,786714.1662,141627.2719,829.9823,ES
3150,786698.2329,141607.7236,829.9481,ES
3151,786670.9255,141565.3911,829.9906,ES
3152,786656.7092,141544.5921,829.9458,ES
3153,786642.8410,141523.5955,829.8669,ES
3154,786629.6451,141502.1430,829.7735,ES
3155,786616.2816,141480.8565,829.7245,ES
3156,786603.2512,141459.3034,829.6031,ES
3157,786590.3228,141437.6713,829.4936,ES
3158,786577.7196,141415.9696,829.3604,ES
3159,786565.3995,141394.1567,829.3094,ES
3160,786553.0390,141372.4123,829.2832,ES
3161,786540.8943,141350.4283,829.2185,ES
3162,786528.7292,141328.4112,829.1373,ES
3163,786517.0080,141306.2453,829.0154,ES
3164,786505.6156,141284.0425,828.8822,ES
3165,786493.6402,141262.0683,828.8268,ES
3166,786482.0277,141239.8816,828.7146,ES
3167,786470.5286,141217.5760,828.5959,ES
3168,786458.8391,141195.5510,828.4791,ES
3169,786447.0907,141173.5305,828.4665,ES
3170,786435.3339,141151.4840,828.4138,ES
3171,786424.0873,141129.2919,828.3171,ES
3172,786412.9977,141106.9929,828.2795,ES
3173,786400.8789,141085.2485,828.2287,ES
3174,786388.6412,141063.4270,828.2627,ES
3175,786376.0865,141041.7651,828.2480,ES
3176,786363.7929,141020.0666,828.2693,ES
3177,786351.4702,140998.2826,828.2351,ES
3178,786338.9680,140976.6427,828.1880,ES
3179,786326.9480,140954.7061,828.2179,ES
3180,786314.2581,140933.1809,828.2061,ES
3181,786302.2159,140911.2842,828.2671,ES
3182,786290.1716,140889.4047,828.3486,ES
3183,786265.5026,140845.9161,828.5718,ES
3184,786252.6982,140824.4496,828.6454,ES
3185,786249.2225,140818.5526,828.6635,ES
3186,786247.7532,140817.1702,828.6879,ES
3187,786239.7623,140802.9864,828.6935,ES
3188,786227.5110,140781.1996,828.8285,ES
3189,786215.3588,140759.3497,828.8808,ES
3190,786203.1760,140737.5421,828.9489,ES
3191,786190.9325,140715.7720,829.0354,ES
3192,786178.8217,140693.9096,829.0694,ES
3193,786166.6167,140672.0128,829.1105,ES
3194,786154.4267,140650.1835,829.1727,ES
3195,786142.2437,140628.3838,829.2555,ES
3196,786130.0710,140606.5219,829.3001,ES
3197,786117.8303,140584.6888,829.3332,ES
3198,786105.6459,140562.8702,829.3853,ES
3199,786093.4912,140541.0130,829.4386,ES
3200,786081.5024,140519.0595,829.4457,ES
3201,786079.0708,140514.6400,829.4583,ES,E
3202,786074.2702,140506.1073,829.5101,ES,B
3203,786069.3015,140497.2674,829.5102,ES
3204,786057.0919,140475.4194,829.4574,ES
3205,786044.7880,140453.6712,829.4687,ES
3206,786032.5138,140431.9218,829.4506,ES
3207,786020.2350,140410.1265,829.4379,ES
3208,786007.9952,140388.3058,829.4325,ES
3209,785995.6979,140366.5495,829.4424,ES
3210,785983.4908,140344.7488,829.4769,ES
3211,785971.1596,140323.0186,829.4404,ES
3212,785946.6744,140279.4804,829.3463,ES
3213,785934.3808,140257.7141,829.2966,ES
3214,785922.1892,140235.8643,829.1817,ES
3215,785909.9352,140214.0305,829.1605,ES
3216,785897.6434,140192.1901,829.1124,ES
3217,785885.3918,140170.4226,829.0684,ES
3218,785873.1484,140148.6159,829.0408,ES
3219,785860.8754,140126.8261,829.0311,ES
3220,785848.6128,140105.0577,828.9878,ES
3221,785836.3565,140083.2903,828.9136,ES
3222,785824.0661,140061.5337,828.8160,ES
3223,785811.8297,140039.7472,828.7647,ES
3224,785799.5214,140017.9120,828.7517,ES
3225,785787.2773,139996.1553,828.7129,ES
3226,785775.0443,139974.3746,828.6116,ES
3227,785762.7571,139952.6001,828.5681,ES
3228,785750.4744,139930.7575,828.5798,ES
3229,785738.1871,139908.9303,828.4593,ES
3230,785725.9178,139887.1683,828.3694,ES
3231,785713.6680,139865.4045,828.2549,ES
3232,785701.4616,139843.6046,828.2232,ES
3233,785689.1415,139821.8600,828.1688,ES
3234,785676.8896,139800.0609,828.1273,ES
3235,785664.6367,139778.2391,828.0743,ES
3236,785652.3264,139756.4296,828.0161,ES
3237,785640.1261,139734.6034,828.0031,ES
3238,785627.8080,139712.8328,827.9543,ES
3239,785615.5531,139691.0900,827.8881,ES
3240,785603.3474,139669.3007,827.7944,ES
3241,785591.0692,139647.4915,827.7670,ES
3242,785578.7867,139625.7083,827.7057,ES
3243,785566.5806,139603.9214,827.7410,ES
3244,785554.5012,139582.0231,827.6875,ES
3245,785542.5982,139560.0207,827.6263,ES
3246,785530.1248,139538.3680,827.5655,ES
3247,785517.3319,139516.9435,827.4894,ES
3248,785505.0912,139495.1452,827.4263,ES
3249,785492.8769,139473.3341,827.3868,ES
3250,785480.7129,139451.3759,827.3382,ES
3251,785468.1851,139429.6421,827.3488,ES
3252,785455.9048,139407.9725,827.3384,ES
3253,785443.6868,139386.2883,827.2414,ES
3254,785431.4034,139364.4609,827.1659,ES
3255,785419.0234,139342.6646,827.0651,ES
3256,785406.7200,139321.0088,826.9571,ES
3257,785394.4070,139299.1966,826.9128,ES
3258,785382.1015,139277.3928,826.8512,ES
3259,785369.8360,139255.5050,826.7924,ES
3260,785357.3923,139233.7573,826.7887,ES
3261,785345.1103,139212.0195,826.7255,ES
3262,785332.8550,139190.2677,826.6917,ES
3263,785308.3007,139146.7920,826.4848,ES
3264,785295.9393,139125.0196,826.4143,ES
3265,785283.4610,139103.3779,826.3715,ES
3266,785271.2311,139081.6015,826.3712,ES
3267,785259.0272,139059.7770,826.2717,ES
3268,785246.7998,139037.9904,826.2630,ES
3269,785234.5420,139016.1875,826.1268,ES
3270,785222.3205,138994.4233,826.0567,ES
3271,785210.0435,138972.6167,826.0078,ES
3272,785197.7110,138950.7760,825.9741,ES
3273,785185.4290,138929.0909,825.9368,ES
3274,785172.8240,138907.5725,825.8269,ES
3275,785160.4834,138885.8579,825.7686,ES
3276,785148.1808,138864.1720,825.7205,ES
3277,785135.8159,138842.4248,825.8003,ES
3278,785123.6666,138820.5479,825.7223,ES
3279,785111.3874,138798.7507,825.7633,ES
3280,785099.1794,138776.9533,825.7161,ES
3281,785087.0318,138755.2378,825.6708,ES
3282,785074.6947,138733.3974,825.6917,ES
3283,785062.5806,138711.7493,825.6894,ES
3284,785050.2084,138689.8620,825.6564,ES
3285,785037.8017,138667.8861,825.5662,ES
3286,785031.4789,138656.5844,825.5189,ES,E
3287,797006.7882,144562.5512,830.1583,ES,B
3288,796993.4249,144554.0066,830.0135,ES
3289,796972.2838,144540.5855,829.8553,ES
3290,796950.8402,144527.7628,829.7127,ES
3291,796929.5983,144514.5351,829.5834,ES
3292,796908.1873,144501.6276,829.4809,ES
3293,796865.3105,144475.8653,829.2922,ES
3294,796844.1229,144462.6118,829.2026,ES
3295,796802.6783,144434.6104,828.9237,ES
3296,796781.4554,144421.4216,828.8805,ES
3297,796760.2503,144408.1706,828.8666,ES
3298,796739.0637,144394.8969,828.8024,ES
3299,796717.7976,144381.7222,828.7647,ES
3300,796696.5199,144368.5522,828.7539,ES
3301,796675.4269,144355.1930,828.6920,ES
3302,796653.9350,144342.3947,828.6981,ES
3303,796632.7219,144329.1508,828.6223,ES
3304,796611.4894,144315.9343,828.5388,ES
3305,796590.5409,144302.2970,828.3877,ES
3306,796569.3346,144289.0857,828.3683,ES
3307,796548.1676,144275.7138,828.2994,ES
3308,796526.8734,144262.5220,828.2547,ES
3309,796505.7463,144249.2777,828.1386,ES
3310,796484.5528,144236.0135,828.0469,ES
3311,796463.3365,144222.7576,827.9435,ES
3312,796442.2120,144209.4592,827.8139,ES
3313,796420.9930,144196.2444,827.7250,ES
3314,796399.8112,144182.9831,827.6079,ES
3315,796378.6310,144169.7151,827.5311,ES
3316,796357.3942,144156.4902,827.4162,ES
3317,796336.1966,144143.2078,827.3476,ES
3318,796315.0040,144129.9519,827.2747,ES
3319,796293.7969,144116.7437,827.1640,ES
3320,796272.6084,144103.5386,827.0828,ES
3321,796251.4741,144090.1698,826.9533,ES
3322,796230.2106,144076.9973,826.8551,ES
3323,796209.0339,144063.6547,826.7628,ES
3324,796187.7943,144050.4613,826.6812,ES
3325,796166.6237,144037.1763,826.6024,ES
3326,796145.4292,144023.9249,826.4888,ES
3327,796124.2690,144010.6210,826.4449,ES
3328,796102.9722,143997.5085,826.3521,ES
3329,796081.7872,143984.3295,826.2586,ES
3330,796060.5787,143971.1209,826.1692,ES
3331,796039.4027,143957.7822,826.0443,ES
3332,796018.1422,143944.5089,825.9729,ES
3333,795996.8724,143931.3468,825.9116,ES
3334,795975.6127,143918.2089,825.8827,ES
3335,795954.4545,143904.9199,825.8709,ES
3336,795933.2503,143891.6921,825.8342,ES
3337,795912.0255,143878.4467,825.8578,ES
3338,795890.6727,143865.4257,825.8984,ES
3339,795869.4758,143852.1401,825.9312,ES
3340,795848.1324,143839.1568,825.9963,ES
3341,795826.9294,143825.8289,825.9584,ES
3342,795805.5027,143812.8890,825.9851,ES
3343,795784.3356,143799.5303,825.9898,ES
3344,795762.7181,143786.7793,826.0620,ES
3345,795741.2068,143773.9542,826.0387,ES
3346,795719.5847,143761.2711,826.0420,ES
3347,795697.8628,143748.6852,826.0159,ES
3348,795676.1361,143736.1892,825.9807,ES
3349,795654.1959,143723.9839,825.9553,ES
3350,795632.2398,143711.8357,825.9030,ES
3351,795610.2536,143699.8413,825.8132,ES
3352,795588.1250,143687.9903,825.7560,ES
3353,795565.7725,143676.5505,825.6372,ES
3354,795543.4477,143665.1365,825.5230,ES
3355,795520.8769,143654.1329,825.3987,ES
3356,795498.3996,143643.0105,825.2833,ES
3357,795475.8011,143632.1184,825.1623,ES
3358,795453.1124,143621.3114,824.9787,ES
3359,795430.2990,143610.9226,824.8132,ES
3360,795407.5019,143600.5447,824.6402,ES
3361,795384.5789,143590.3046,824.4750,ES
3362,795361.5766,143580.3196,824.3255,ES
3363,795338.4283,143570.5183,824.1367,ES
3364,795315.3021,143560.9001,823.9562,ES
3365,795292.2220,143551.2375,823.7685,ES
3366,795268.9332,143541.9216,823.5373,ES
3367,795245.6148,143532.6161,823.3141,ES
3368,795222.1073,143523.7242,823.0961,ES
3369,795198.6468,143514.8159,822.8729,ES
3370,795175.1352,143506.0233,822.6129,ES
3371,795151.3183,143498.1476,822.3682,ES
3372,795127.7204,143489.6159,822.1402,ES
3373,795103.9349,143481.6018,821.8906,ES
3374,795080.0820,143473.9929,821.6520,ES
3375,795056.1943,143466.2162,821.3991,ES
3376,795032.2168,143458.8467,821.1565,ES
3377,795008.2207,143451.5388,820.8915,ES
3378,794984.1904,143444.3722,820.5940,ES
3379,794960.1106,143437.3365,820.2857,ES
3380,794935.9402,143430.5836,819.9619,ES
3381,794911.7339,143423.9674,819.6145,ES
3382,794887.4070,143417.7708,819.2943,ES
3383,794863.1171,143411.5082,818.9839,ES
3384,794838.7031,143405.7125,818.7400,ES
3385,794814.3511,143399.8309,818.4554,ES
3386,794789.9289,143394.0790,818.1073,ES
3387,794765.4468,143388.6946,817.7609,ES
3388,794740.9283,143383.4255,817.4039,ES
3389,794716.3708,143378.1707,817.0728,ES
3390,794691.7321,143373.4262,816.7807,ES
3391,794667.0645,143368.6440,816.4163,ES
3392,794642.4337,143364.1891,816.0729,ES
3393,794617.7176,143359.8181,815.6969,ES
3394,794593.0010,143355.6399,815.2490,ES
3395,794568.2612,143351.6915,814.8036,ES
3396,794543.4870,143347.7912,814.3062,ES
3397,794518.7191,143344.1260,813.8509,ES
3398,794493.9329,143340.6441,813.3484,ES
3399,794469.1766,143337.0198,812.9174,ES
3400,794444.4493,143333.5198,812.4266,ES
3401,794419.7402,143329.7959,811.9453,ES
3402,794395.0344,143326.2215,811.4363,ES
3403,794370.2992,143322.6012,811.0025,ES
3404,794345.5059,143319.1018,810.6031,ES
3405,794320.7607,143315.5327,810.2587,ES
3406,794296.0486,143311.9077,809.8319,ES
3407,794271.3331,143308.3487,809.4717,ES
3408,794246.5792,143304.8939,809.1511,ES
3409,794234.1659,143303.1700,808.8207,ES,E
3410,794232.8520,143304.8488,808.8475,ES,B
3411,794221.5748,143303.2456,808.7167,ES
3412,794196.9388,143299.0973,808.5649,ES
3413,794172.0872,143295.6450,808.3994,ES
3414,794147.4082,143291.9912,808.1043,ES
3415,794122.6772,143288.3216,807.8986,ES
3416,794097.9654,143284.6721,807.7817,ES
3417,794073.2269,143280.7435,807.6269,ES
3418,794048.3868,143277.4675,807.5461,ES
3419,794023.6547,143273.8560,807.5040,ES
3420,793998.9367,143270.3614,807.4258,ES
3421,793974.2267,143266.6833,807.4154,ES
3422,793949.4642,143263.1277,807.4418,ES
3423,793924.6918,143259.7941,807.4691,ES
3424,793899.9667,143256.2826,807.5835,ES
3425,793875.2229,143252.7042,807.6928,ES
3426,793850.4628,143249.1923,807.7988,ES
3427,793825.6638,143245.7598,807.9279,ES
3428,793800.9133,143242.2815,808.0682,ES
3429,793776.1956,143238.7172,808.1722,ES
3430,793751.4588,143234.8687,808.3594,ES
3431,793726.6872,143231.4961,808.5042,ES
3432,793701.9365,143228.0412,808.7002,ES
3433,793677.2226,143224.3750,808.8224,ES
3434,793652.4500,143220.9014,809.0702,ES
3435,793627.7026,143217.4704,809.3273,ES
3436,793602.9699,143213.8432,809.6617,ES
3437,793578.2218,143210.2869,809.9220,ES
3438,793553.4868,143206.9162,810.2047,ES
3439,793528.7409,143203.3495,810.5727,ES
3440,793503.9670,143199.8964,810.9150,ES
3441,793479.2346,143196.3906,811.2989,ES
3442,793454.4704,143192.8137,811.6642,ES
3443,793429.7386,143189.1395,812.0797,ES
3444,793404.9805,143185.6492,812.4316,ES
3445,793380.2317,143182.1419,812.8611,ES
3446,793355.5054,143178.3973,813.2033,ES
3447,793330.7768,143174.9492,813.5891,ES
3448,793306.0343,143171.3394,813.9877,ES
3449,793281.2662,143167.9076,814.3441,ES
3450,793256.5367,143164.2841,814.7326,ES
3451,793231.7872,143160.8092,815.1261,ES
3452,793207.0339,143157.2241,815.5129,ES
3453,793182.2836,143153.6661,815.8946,ES
3454,793157.5691,143150.1875,816.2881,ES
3455,793132.8153,143146.6811,816.6679,ES
3456,793108.0712,143143.0225,816.9978,ES
3457,793083.3476,143139.3846,817.4397,ES
3458,793058.5706,143135.9807,817.7943,ES
3459,793033.8018,143132.4572,818.2506,ES
3460,793009.0495,143129.0558,818.6016,ES
3461,792984.3060,143125.5382,819.0006,ES
3462,792959.6781,143121.5262,819.3602,ES
3463,792934.9451,143117.8442,819.6896,ES
3464,792910.2015,143114.3430,820.1077,ES
3465,792885.4192,143110.9156,820.4691,ES
3466,792860.6617,143107.3800,820.8338,ES
3467,792835.8975,143103.7201,821.2034,ES
3468,792811.1721,143100.1778,821.5427,ES
3469,792786.4350,143096.6928,821.8565,ES
3470,792761.6764,143093.2397,822.1690,ES
3471,792736.9002,143089.7291,822.5104,ES
3472,792712.1730,143086.1831,822.8263,ES
3473,792687.4238,143082.7082,823.1128,ES
3474,792662.6797,143079.0223,823.3902,ES
3475,792637.9461,143075.4286,823.6464,ES
3476,792613.2103,143071.8533,823.9634,ES
3477,792588.4655,143068.4037,824.2421,ES
3478,792563.7232,143064.9939,824.5121,ES
3479,792538.9985,143061.2146,824.7797,ES
3480,792514.2375,143057.7120,825.0168,ES
3481,792489.4790,143054.1126,825.2788,ES
3482,792464.7395,143050.5988,825.5179,ES
3483,792440.0012,143047.0138,825.7392,ES
3484,792415.2256,143043.5480,825.9640,ES
3485,792390.4876,143039.8846,826.1432,ES
3486,792365.7155,143036.4216,826.3154,ES
3487,792340.9622,143033.0067,826.5175,ES
3488,792316.2297,143029.4240,826.6796,ES
3489,792291.5116,143025.8210,826.9333,ES
3490,792266.7505,143022.3886,827.0654,ES
3491,792242.0128,143018.9011,827.2598,ES
3492,792217.2710,143015.2165,827.3848,ES
3493,792192.5055,143011.7188,827.5338,ES
3494,792167.7407,143008.2946,827.6685,ES
3495,792143.0151,143004.6499,827.8182,ES
3496,792118.2727,143000.9518,827.9641,ES
3497,792093.5268,142997.5039,828.0864,ES
3498,792068.7648,142994.0700,828.2068,ES
3499,792044.0159,142990.5053,828.3297,ES
3500,792019.2860,142986.8795,828.4315,ES
3501,791994.5806,142983.2208,828.5207,ES
3502,791969.7913,142979.7236,828.5536,ES
3503,791945.0357,142976.2998,828.6667,ES
3504,791920.3170,142972.6196,828.7729,ES
3505,791895.5826,142968.9357,828.9314,ES
3506,791870.8626,142965.0454,829.0128,ES
3507,791846.0825,142961.7769,829.2119,ES
3508,791821.3147,142958.3216,829.2692,ES
3509,791796.5738,142954.8364,829.3667,ES
3510,791771.8179,142951.2683,829.5183,ES
3511,791747.1108,142947.6513,829.6225,ES
3512,791722.3784,142944.0639,829.7118,ES
3513,791697.6336,142940.4851,829.8165,ES
3514,791672.8846,142936.9449,829.9245,ES
3515,791648.1255,142933.4821,830.0175,ES
3516,791623.3629,142929.8127,830.1127,ES
3517,791598.6227,142926.2439,830.2053,ES
3518,791573.8906,142922.6454,830.3119,ES
3519,791549.1419,142919.0363,830.4049,ES
3520,791524.3900,142915.5514,830.5442,ES
3521,791499.6415,142912.0794,830.6700,ES
3522,791474.8920,142908.4436,830.7921,ES
3523,791450.1714,142904.8833,830.8991,ES
3524,791425.4051,142901.3097,831.0218,ES
3525,791400.6687,142897.7230,831.1387,ES
3526,791375.9223,142894.1987,831.2391,ES
3527,791351.1976,142890.5496,831.3475,ES
3528,791326.4553,142887.0091,831.4651,ES
3529,791301.7119,142883.4008,831.5783,ES
3530,791276.9861,142879.8518,831.6789,ES
3531,791252.2276,142876.3338,831.8077,ES
3532,791227.4830,142872.6950,831.9078,ES
3533,791202.7261,142869.1792,832.0134,ES
3534,791178.0123,142865.6404,832.1154,ES
3535,791153.2363,142861.9537,832.2638,ES
3536,791128.4911,142858.4475,832.3760,ES
3537,791103.7456,142854.9558,832.4864,ES
3538,791078.9877,142851.3963,832.6133,ES
3539,791054.2612,142847.8517,832.7201,ES
3540,791029.5099,142844.2633,832.8459,ES
3541,791004.7794,142840.6929,832.9394,ES
3542,790980.0560,142837.0700,833.0099,ES
3543,790955.2922,142833.4971,833.0378,ES
3544,790930.5540,142829.9568,833.1684,ES
3545,790905.7718,142826.3863,833.2079,ES
3546,790881.0073,142822.9455,833.2296,ES
3547,790856.2838,142819.4297,833.2736,ES
3548,790831.5438,142815.8865,833.3268,ES
3549,790806.8111,142812.2498,833.3113,ES
3550,790782.0673,142808.6839,833.3324,ES
3551,790757.3446,142805.0871,833.3482,ES
3552,790732.6015,142801.4785,833.3630,ES
3553,790707.8846,142797.8098,833.3350,ES
3554,790683.1493,142794.1845,833.3519,ES
3555,790658.3493,142790.8847,833.3723,ES
3556,790633.5944,142787.2967,833.3512,ES
3557,790608.8793,142783.7486,833.3585,ES
3558,790584.1569,142780.1203,833.3768,ES
3559,790559.3721,142776.4186,833.3532,ES
3560,790534.5903,142772.8994,833.2877,ES
3561,790509.8787,142769.4882,833.1978,ES
3562,790485.1463,142765.8752,833.1357,ES
3563,790460.3797,142762.2989,833.2289,ES
3564,790435.6088,142758.8890,833.1776,ES
3565,790410.8468,142755.3722,833.1555,ES
3566,790386.1316,142751.8887,833.1150,ES
3567,790361.3717,142748.3835,833.0632,ES
3568,790336.6647,142744.6322,833.0089,ES
3569,790311.9130,142741.0870,832.9112,ES
3570,790287.1632,142737.5096,832.8328,ES
3571,790262.4473,142733.8036,832.7255,ES
3572,790237.6974,142730.2785,832.6492,ES
3573,790212.9518,142726.6556,832.5667,ES
3574,790188.1577,142723.2337,832.4988,ES
3575,790163.4147,142719.6428,832.4719,ES
3576,790138.6902,142716.0599,832.4013,ES
3577,790113.9542,142712.5083,832.2916,ES
3578,790089.2474,142708.9683,832.2622,ES
3579,790064.4939,142705.2769,832.1609,ES
3580,790039.7295,142701.7058,832.0771,ES
3581,790015.0027,142698.1914,832.0165,ES
3582,789990.2502,142694.7097,831.9549,ES
3583,789965.4692,142691.0949,831.9029,ES
3584,789940.7492,142687.4786,831.8465,ES
3585,789915.9931,142683.9664,831.8288,ES
3586,789891.2589,142680.3699,831.7927,ES
3587,789866.5005,142676.8861,831.7430,ES
3588,789841.6991,142673.4889,831.5577,ES
3589,789816.9798,142669.9153,831.5097,ES
3590,789792.2334,142666.3760,831.4515,ES
3591,789767.5306,142662.7847,831.3884,ES
3592,789742.7676,142659.3304,831.3335,ES
3593,789718.0189,142655.7219,831.2606,ES
3594,789693.2276,142652.2207,831.2024,ES
3595,789668.5294,142648.6212,831.1317,ES
3596,789643.7820,142645.0962,831.0470,ES
3597,789618.9851,142641.6980,830.9927,ES
3598,789594.2467,142638.1418,830.9418,ES
3599,789569.5285,142634.5698,830.8659,ES
3600,789544.7684,142630.9604,830.8031,ES
3601,789520.0174,142627.4083,830.7355,ES
3602,789495.2720,142623.8258,830.6787,ES
3603,789470.5207,142620.2405,830.6374,ES
3604,789445.7303,142616.6958,830.6042,ES
3605,789420.9586,142613.1746,830.5199,ES
3606,789396.1823,142609.7476,830.4576,ES
3607,789371.4412,142606.2797,830.3503,ES
3608,789346.6648,142602.8731,830.2108,ES
3609,789321.8794,142599.5326,830.1593,ES
3610,789297.0979,142596.1082,830.0996,ES
3611,789272.3023,142592.7333,830.0305,ES
3612,789247.4519,142589.5386,829.9780,ES
3613,789222.7092,142586.3483,829.8924,ES
3614,789197.9118,142583.1681,829.7860,ES
3615,789173.1119,142580.0541,829.6921,ES
3616,789148.3215,142576.7014,829.6449,ES
3617,789123.5382,142573.4953,829.5727,ES
3618,789098.7519,142570.2650,829.5145,ES
3619,789073.9676,142567.0257,829.4006,ES
3620,789049.1746,142563.9472,829.2664,ES
3621,789024.3810,142560.5581,829.1581,ES
3622,788999.5626,142557.4282,829.0651,ES
3623,788974.7561,142554.2058,828.9746,ES
3624,788949.9925,142551.1327,828.8753,ES
3625,788925.2337,142547.8311,828.7813,ES
3626,788900.4346,142544.6563,828.6620,ES
3627,788875.6306,142541.3431,828.5791,ES
3628,788850.8502,142538.0917,828.4917,ES
3629,788826.0406,142534.8738,828.3609,ES
3630,788801.2881,142531.6082,828.3013,ES
3631,788776.5351,142528.1666,828.2022,ES
3632,788751.7395,142524.8491,828.1303,ES
3633,788726.9355,142521.6346,828.0700,ES
3634,788702.1605,142518.3862,827.9894,ES
3635,788677.3579,142515.1041,827.8883,ES
3636,788652.5921,142511.8720,827.7812,ES
3637,788627.8507,142508.4888,827.6718,ES
3638,788603.1079,142504.8986,827.5539,ES
3639,788578.3312,142501.6739,827.5054,ES
3640,788553.6155,142498.2183,827.4343,ES
3641,788528.9074,142494.7386,827.3305,ES
3642,788504.2607,142491.0489,827.1740,ES
3643,788479.5235,142487.4809,827.0466,ES
3644,788405.4230,142476.0347,826.7553,ES
3645,788380.7436,142472.2490,826.6094,ES
3646,788356.0738,142468.3362,826.4996,ES
3647,788331.5180,142463.9786,826.3452,ES
3648,788306.8685,142459.5920,826.1589,ES
3649,788282.3357,142455.1834,825.9364,ES
3650,788257.7548,142450.9288,825.8490,ES
3651,788233.2208,142446.5809,825.7044,ES
3652,788208.7626,142442.1050,825.5372,ES
3653,788184.3922,142437.1998,825.3325,ES
3654,788160.1185,142432.1780,825.1957,ES
3655,788135.9062,142426.5584,825.0561,ES
3656,788111.7084,142420.9478,824.9327,ES
3657,788087.6239,142414.9168,824.9121,ES
3658,788063.5784,142408.6009,824.8486,ES
3659,788039.7269,142401.8109,824.8052,ES
3660,788015.8651,142394.7217,824.7141,ES
3661,787991.9990,142387.5720,824.6295,ES
3662,787968.3345,142380.2119,824.5781,ES
3663,787944.6762,142372.4958,824.5043,ES
3664,787921.1347,142364.4512,824.4217,ES
3665,787897.6167,142356.3060,824.3514,ES
3666,787874.3717,142347.6593,824.2893,ES
3667,787851.0739,142338.8943,824.2007,ES
3668,787827.9634,142329.8409,824.1580,ES
3669,787804.8762,142320.6548,824.1012,ES
3670,787782.3306,142310.0262,823.9762,ES
3671,787759.5665,142300.3241,823.9271,ES
3672,787736.8736,142290.2120,823.8183,ES
3673,787714.4232,142279.7216,823.7558,ES
3674,787691.8982,142269.0708,823.7044,ES
3675,787669.8688,142257.8469,823.5678,ES
3676,787647.5458,142246.7415,823.5207,ES
3677,787625.2526,142235.8515,823.5135,ES
3678,787603.0852,142224.4491,823.4719,ES
3679,787581.0996,142212.9592,823.4444,ES
3680,787559.3337,142201.1978,823.4202,ES
3681,787537.9364,142189.3037,823.3995,ES
3682,787517.4676,142177.3493,823.3019,ES
3683,787496.1400,142164.3406,823.2263,ES
3684,787474.6895,142151.3556,823.1472,ES
3685,787453.5678,142138.1221,823.0358,ES
3686,787432.5387,142124.4106,822.8904,ES
3687,787411.8480,142110.4414,822.7423,ES
3688,787391.4696,142095.9440,822.6899,ES
3689,787371.0162,142081.4847,822.6592,ES
3690,787350.9589,142066.4602,822.5013,ES
3691,787330.6178,142052.0348,822.5156,ES
3692,787310.3779,142037.3462,822.5890,ES
3693,787306.6290,142034.4760,822.5513,ES,E
3694,786843.4175,141588.4790,824.5289,ES,B
3695,786830.5650,141571.2158,824.4550,ES
3696,786815.7412,141551.0695,824.4274,ES
3697,786801.3821,141530.7227,824.4134,ES
3698,786787.3276,141510.2298,824.4927,ES
3699,786773.6072,141489.5744,824.6024,ES
3700,786760.1309,141468.6489,824.7039,ES
3701,786746.8753,141447.5983,824.8844,ES
3702,786733.7083,141426.4882,824.9982,ES
3703,786720.7422,141405.2278,825.1079,ES
3704,786708.0164,141383.7769,825.2297,ES
3705,786695.4031,141362.2199,825.3787,ES
3706,786683.3141,141340.4259,825.6374,ES
3707,786671.0845,141318.7818,825.8297,ES
3708,786658.2573,141297.2981,825.9837,ES
3709,786645.9758,141275.6357,826.1883,ES
3710,786633.8360,141253.7253,826.3303,ES
3711,786621.4952,141231.9434,826.5371,ES
3712,786609.1982,141210.1988,826.7346,ES
3713,786596.8789,141188.5032,826.8861,ES
3714,786584.6219,141166.6720,826.9901,ES
3715,786572.3857,141144.8650,827.1146,ES
3716,786560.1280,141123.0651,827.3826,ES
3717,786547.8470,141101.2863,827.5854,ES
3718,786535.6137,141079.4817,827.7379,ES
3719,786523.4786,141057.6345,827.7369,ES
3720,786520.6057,141052.6688,827.7386,ES
3721,786510.3480,141036.2817,827.8588,ES
3722,786497.9474,141014.5700,828.0181,ES
3723,786485.6477,140992.8476,828.0503,ES
3724,786473.3479,140971.1105,828.0531,ES
3725,786461.0887,140949.3017,828.0850,ES
3726,786449.1464,140927.3333,828.1563,ES
3727,786436.9383,140905.5539,828.2228,ES
3728,786424.6623,140883.7273,828.3031,ES
3729,786412.3619,140861.9672,828.4015,ES
3730,786400.1807,140840.0960,828.4722,ES
3731,786387.8718,140818.3800,828.5668,ES
3732,786375.5364,140796.6304,828.6656,ES
3733,786363.2028,140774.9426,828.7136,ES
3734,786351.0603,140753.0852,828.7564,ES
3735,786338.7986,140731.2764,828.8189,ES
3736,786326.5220,140709.4780,828.8258,ES
3737,786314.4438,140687.6923,828.8219,ES
3738,786302.1782,140665.8957,829.0189,ES
3739,786289.4587,140644.3614,829.0223,ES
3740,786277.2117,140622.5490,829.0385,ES
3741,786264.9932,140600.7898,829.0729,ES
3742,786252.5929,140579.0948,829.1296,ES
3743,786240.2561,140557.3744,829.2248,ES
3744,786228.1971,140535.4751,829.2413,ES
3745,786216.0771,140513.5489,829.2686,ES
3746,786203.6872,140491.8087,829.3012,ES
3747,786191.5089,140469.9264,829.3014,ES
3748,786179.0991,140448.2155,829.3244,ES
3749,786166.7386,140426.4394,829.3405,ES
3750,786154.1815,140404.8430,829.3663,ES
3751,786142.0845,140382.9891,829.3299,ES
3752,786129.7312,140361.2748,829.3460,ES
3753,786116.9510,140339.7880,829.3766,ES
3754,786104.7434,140317.9502,829.3667,ES
3755,786092.7805,140295.9781,829.3351,ES
3756,786080.2055,140274.3842,829.3369,ES
3757,786068.1017,140252.5367,829.3426,ES
3758,786055.4549,140230.9648,829.3500,ES
3759,786043.6040,140208.9040,829.3453,ES
3760,786031.2613,140187.1757,829.2983,ES
3761,786019.0881,140165.3691,829.2618,ES
3762,786006.0836,140143.9762,829.2754,ES
3763,785993.8865,140122.1508,829.2143,ES
3764,785985.1764,140106.7191,829.1781,ES,E
3765,785990.4799,140104.3083,829.0823,ES,B
3766,785986.7767,140097.4812,829.0228,ES
3767,785974.7755,140075.5738,828.9858,ES
3768,785962.9022,140053.5577,828.9785,ES
3769,785951.0203,140031.5579,828.8690,ES
3770,785939.1366,140009.5549,828.7807,ES
3771,785927.1304,139987.6118,828.6810,ES
3772,785915.2556,139965.6239,828.5737,ES
3773,785903.3281,139943.6807,828.5730,ES
3774,785891.3610,139921.6821,828.5606,ES
3775,785879.4014,139899.7186,828.4721,ES
3776,785867.5816,139877.6197,828.3728,ES
3777,785855.3927,139855.8076,828.3444,ES
3778,785842.9881,139834.1554,828.2908,ES
3779,785830.5490,139812.4564,828.2227,ES
3780,785818.4452,139790.6010,828.1328,ES
3781,785806.7905,139768.4780,828.0431,ES
3782,785782.4280,139724.7730,827.9602,ES
3783,785770.1805,139702.9659,827.9273,ES
3784,785757.9039,139681.1786,827.8714,ES
3785,785745.6597,139659.4242,827.8176,ES
3786,785721.1916,139615.7725,827.7206,ES
3787,785708.9425,139593.9771,827.6271,ES
3788,785696.7336,139572.1679,827.5200,ES
3789,785684.4604,139550.4074,827.5068,ES
3790,785672.2078,139528.5763,827.4467,ES
3791,785660.0094,139506.8343,827.4112,ES
3792,785647.7173,139485.0714,827.3445,ES
3793,785635.4401,139463.2991,827.3392,ES
3794,785623.2385,139441.4720,827.2761,ES
3795,785611.0094,139419.6549,827.2399,ES
3796,785598.8141,139397.8569,827.1593,ES
3797,785586.5582,139376.0538,827.0788,ES
3798,785574.3000,139354.2076,827.0701,ES
3799,785561.9941,139332.4406,826.9853,ES
3800,785549.7763,139310.6194,826.9416,ES
3801,785537.5095,139288.8203,826.8549,ES
3802,785525.3011,139267.1123,826.8219,ES
3803,785513.0974,139245.3022,826.7900,ES
3804,785500.7960,139223.4786,826.7146,ES
3805,785488.5639,139201.6773,826.6415,ES
3806,785476.3399,139179.8868,826.5529,ES
3807,785464.0856,139158.1634,826.5795,ES
3808,785451.8369,139136.3350,826.4825,ES
3809,785427.3656,139092.7763,826.3389,ES
3810,785415.1867,139070.9885,826.2889,ES
3811,785402.8850,139049.0681,826.2445,ES
3812,785390.6613,139027.2957,826.1899,ES
3813,785378.4218,139005.4896,826.1430,ES
3814,785366.0684,138983.6520,826.0708,ES
3815,785353.8927,138961.8945,825.9697,ES
3816,785341.6215,138940.0992,825.8710,ES
3817,785329.3495,138918.3312,825.8633,ES
3818,785317.1185,138896.4774,825.8386,ES
3819,785304.8823,138874.7145,825.8198,ES
3820,785292.6494,138852.9038,825.8798,ES
3821,785280.3645,138831.1290,825.8741,ES
3822,785268.2106,138809.3806,825.6950,ES
3823,785255.9045,138787.5188,825.6038,ES
3824,785243.6131,138765.8035,825.5879,ES
3825,785231.2507,138744.0901,825.5084,ES
3826,785219.0355,138722.2982,825.3754,ES
3827,785206.6667,138700.5084,825.3693,ES
3828,785194.3453,138678.7470,825.3330,ES
3829,785182.0873,138656.9632,825.2622,ES
3830,785169.7621,138635.1726,825.2700,ES
3831,785157.4289,138613.3871,825.1714,ES
3832,785145.2018,138591.6548,825.1296,ES
3833,785132.8502,138569.8903,825.0341,ES
3834,785120.5593,138548.1385,825.0418,ES
3835,785108.1966,138526.4061,825.0211,ES
3836,785095.8914,138504.6600,824.9126,ES
3837,785083.6915,138482.8560,824.9349,ES
3838,785071.3182,138461.1060,824.8802,ES
3839,785059.0771,138439.3389,824.8426,ES
3840,785046.7620,138417.5618,824.7970,ES
3841,785034.4179,138395.7745,824.7259,ES
3842,785022.1937,138374.0202,824.4387,ES
3843,785009.8744,138352.2348,824.6022,ES
3844,784997.5673,138330.5030,824.5622,ES
3845,784985.2325,138308.7559,824.4660,ES
3846,784973.0124,138286.9421,824.4326,ES
3847,784960.7162,138265.1837,824.4377,ES
3848,784948.3348,138243.4398,824.3703,ES
3849,784936.1352,138221.6723,824.3542,ES
3850,784923.8542,138199.8668,824.2987,ES
3851,784911.5189,138178.1460,824.2179,ES
3852,784899.2249,138156.3900,824.1640,ES
3853,784886.9747,138134.5958,824.1173,ES
3854,784874.6656,138112.8217,824.0637,ES
3855,784862.4509,138091.0608,824.0226,ES
3856,784850.0872,138069.2979,823.9698,ES
3857,784837.8287,138047.5455,823.7568,ES
3858,784825.4314,138025.7795,823.8843,ES
3859,784813.2122,138003.9848,823.8319,ES
3860,784800.8476,137982.2356,823.8069,ES
3861,784788.5634,137960.4883,823.7515,ES
3862,784776.3170,137938.7243,823.7053,ES
3863,784764.0268,137916.9109,823.6438,ES
3864,784751.6754,137895.1980,823.5926,ES
3865,784739.4107,137873.4400,823.5383,ES
3866,784727.0608,137851.6590,823.4720,ES
3867,784714.7747,137829.8992,823.4414,ES
3868,784702.4819,137808.0710,823.3868,ES
3869,784690.2018,137786.3566,823.2992,ES
3870,784677.8592,137764.6183,823.1986,ES
3871,784665.6214,137742.8169,823.2525,ES
3872,784653.3109,137721.0116,823.2051,ES
3873,784641.0043,137699.2176,823.1410,ES
3874,784628.7389,137677.5037,823.0987,ES
3875,784616.4406,137655.7385,823.0478,ES
3876,784604.1421,137633.9718,823.0023,ES
3877,784591.8171,137612.2209,822.9621,ES
3878,784579.5580,137590.4045,822.9395,ES
3879,784567.2491,137568.6810,822.8408,ES
3880,784554.9727,137546.9091,822.7597,ES
3881,784542.5165,137525.2015,822.7408,ES
3882,784529.6945,137503.7313,822.6768,ES
3883,784517.3695,137481.9851,822.6583,ES
3884,784505.3147,137460.0383,822.5835,ES
3885,784493.0070,137438.3157,822.5154,ES
3886,784480.9676,137416.3789,822.4585,ES
3887,784468.6548,137394.6500,822.4272,ES
3888,784456.2740,137372.8922,822.3946,ES
3889,784443.8760,137351.1858,822.3234,ES
3890,784431.5498,137329.4790,822.2398,ES
3891,784419.0975,137307.7301,822.1598,ES
3892,784406.7869,137285.9883,822.1011,ES
3893,784382.0095,137242.5892,821.9609,ES
3894,784369.6330,137220.9331,821.8486,ES
3895,784357.2562,137199.1629,821.7471,ES
3896,784344.8614,137177.4385,821.5835,ES
3897,784332.3998,137155.7467,821.5313,ES
3898,784320.1017,137134.0214,821.3156,ES
3899,784307.5620,137112.3548,821.2246,ES
3900,784295.1117,137090.6881,821.1739,ES
3901,784282.2166,137069.2077,821.0877,ES
3902,784269.5053,137047.7197,821.0121,ES
3903,784256.7406,137026.2450,820.8797,ES
3904,784244.0767,137004.6971,820.7268,ES
3905,784231.3646,136983.1552,820.5527,ES
3906,784218.6588,136961.6179,820.4380,ES
3907,784205.9845,136940.0481,820.2822,ES
3908,784193.3319,136918.4712,820.2286,ES
3909,784180.6719,136896.8838,820.1688,ES
3910,784168.0071,136875.3688,820.0232,ES
3911,784155.2786,136853.8535,819.8062,ES
3912,784142.5573,136832.3276,819.6440,ES
3913,784129.8383,136810.8015,819.4661,ES
3914,784117.1521,136789.2344,819.3339,ES
3915,784104.3807,136767.7415,819.0274,ES
3916,784091.6661,136746.1784,819.0192,ES
3917,784088.3272,136740.4465,818.9265,ES
3918,784079.1659,136724.5161,818.8655,ES,E
3919,796980.3119,144612.4112,829.8879,ES,B
3920,796963.9117,144602.0478,829.8040,ES
3921,796942.7136,144588.7494,829.6734,ES
3922,796921.4989,144575.5126,829.5246,ES
3923,796900.2876,144562.2453,829.3910,ES
3924,796879.1155,144548.9728,829.2941,ES
3925,796857.8916,144535.7614,829.1947,ES
3926,796836.6534,144522.5850,829.0974,ES
3927,796815.4494,144509.3616,829.0313,ES
3928,796793.9437,144496.6406,828.9789,ES
3929,796772.7377,144483.4179,828.8915,ES
3930,796751.8516,144469.6448,828.7998,ES
3931,796730.5429,144456.5327,828.7254,ES
3932,796709.3355,144443.2929,828.6519,ES
3933,796688.1250,144430.0478,828.5631,ES
3934,796666.9128,144416.8263,828.5148,ES
3935,796645.7190,144403.5862,828.5158,ES
3936,796624.5105,144390.3388,828.4313,ES
3937,796603.3620,144377.0085,828.3451,ES
3938,796582.1359,144363.7646,828.2700,ES
3939,796560.9727,144350.4875,828.2102,ES
3940,796539.7570,144337.2575,828.1736,ES
3941,796518.5172,144324.0625,828.1034,ES
3942,796497.2352,144310.9293,828.0091,ES
3943,796476.1704,144297.4692,827.9429,ES
3944,796454.9331,144284.3055,827.8296,ES
3945,796433.6560,144271.1440,827.7627,ES
3946,796412.4705,144257.9397,827.6365,ES
3947,796391.2605,144244.7248,827.5407,ES
3948,796370.0844,144231.4280,827.4188,ES
3949,796348.8917,144218.1514,827.3176,ES
3950,796327.6009,144205.0094,827.2421,ES
3951,796306.3854,144191.7216,827.1666,ES
3952,796285.2149,144178.4200,827.1098,ES
3953,796264.0023,144165.2016,827.0073,ES
3954,796242.8737,144151.8637,826.9158,ES
3955,796221.7358,144138.5309,826.8348,ES
3956,796200.5502,144125.2373,826.7704,ES
3957,796179.3477,144112.0168,826.6712,ES
3958,796158.2004,144098.6801,826.5615,ES
3959,796136.9476,144085.5658,826.4249,ES
3960,796115.7106,144072.4094,826.3090,ES
3961,796094.5046,144059.1640,826.2012,ES
3962,796073.2781,144045.9561,826.1235,ES
3963,796052.1005,144032.6604,826.0245,ES
3964,796030.8902,144019.3725,825.9353,ES
3965,796009.7323,144006.0873,825.8613,ES
3966,795988.5088,143992.8707,825.8023,ES
3967,795967.2426,143979.7371,825.7033,ES
3968,795946.0707,143966.4146,825.6740,ES
3969,795924.8626,143953.2151,825.5606,ES
3970,795903.5992,143940.0999,825.4240,ES
3971,795882.2892,143927.0369,825.2906,ES
3972,795861.0332,143913.8900,825.1911,ES
3973,795839.7170,143900.8132,825.0450,ES
3974,795818.5739,143887.4548,824.9390,ES
3975,795797.2788,143874.3844,824.7935,ES
3976,795776.1714,143861.0765,824.6365,ES
3977,795754.8677,143848.0880,824.2986,ES
3978,795733.5064,143835.1985,824.3782,ES
3979,795712.0011,143822.4934,824.2424,ES
3980,795690.6008,143809.6705,824.1360,ES
3981,795669.1041,143797.1205,824.0333,ES
3982,795647.4622,143784.7797,823.9765,ES
3983,795625.6488,143772.7269,823.9002,ES
3984,795603.6879,143760.9341,823.7572,ES
3985,795581.7497,143749.1342,823.6442,ES
3986,795559.8593,143737.2210,823.6107,ES
3987,795537.6664,143725.8740,823.4694,ES
3988,795515.4715,143714.5368,823.3901,ES
3989,795493.1263,143703.4747,823.2802,ES
3990,795470.6984,143692.6235,823.1597,ES
3991,795448.3151,143681.6848,823.0242,ES
3992,795425.8059,143671.0868,822.8494,ES
3993,795403.0921,143660.7043,822.7409,ES
3994,795380.3604,143650.3846,822.5813,ES
3995,795357.6274,143640.2011,822.4199,ES
3996,795334.7824,143630.2852,822.2529,ES
3997,795311.8341,143620.5640,822.0711,ES
3998,795288.8331,143611.0079,821.8678,ES
3999,795265.6757,143601.7065,821.6350,ES
4000,795242.5652,143592.3257,821.4208,ES
4001,795219.2999,143583.3628,821.2017,ES
4002,795196.0828,143574.3481,821.0235,ES
4003,795172.7562,143565.7135,820.7698,ES
4004,795149.3222,143557.2683,820.5686,ES
4005,795125.7659,143549.1754,820.3563,ES
4006,795102.1781,143541.0925,820.1058,ES
4007,795078.5091,143533.1965,819.8809,ES
4008,795054.7838,143525.4504,819.5868,ES
4009,795031.0082,143517.8879,819.3510,ES
4010,795007.2368,143510.4860,819.1057,ES
4011,794983.3417,143503.3579,818.8211,ES
4012,794959.4684,143496.3048,818.5497,ES
4013,794935.4815,143489.6350,818.2364,ES
4014,794911.4433,143483.0086,817.9387,ES
4015,794887.3242,143476.6137,817.6146,ES
4016,794863.2380,143470.3955,817.3086,ES
4017,794839.0395,143464.4790,816.9836,ES
4018,794814.7857,143458.5905,816.6870,ES
4019,794790.5284,143452.7811,816.3585,ES
4020,794766.1634,143447.3730,816.0310,ES
4021,794741.8628,143441.8172,815.7240,ES
4022,794717.4939,143436.6999,815.4368,ES
4023,794693.1439,143431.5731,815.1701,ES
4024,794668.7012,143426.8108,814.7620,ES
4025,794644.1587,143422.5095,814.4291,ES
4026,794619.6133,143418.0681,814.0517,ES
4027,794595.0176,143413.9629,813.7317,ES
4028,794570.3768,143409.9258,813.3813,ES
4029,794545.6595,143406.5386,813.0617,ES
4030,794521.0212,143402.7244,812.8913,ES
4031,794496.2761,143399.3224,812.6391,ES
4032,794471.5015,143395.9323,812.3744,ES
4033,794446.7342,143392.6603,812.0855,ES
4034,794421.9673,143389.1419,811.7401,ES
4035,794397.3003,143385.2992,811.4285,ES
4036,794372.5333,143381.8348,811.0545,ES
4037,794347.7893,143378.2657,810.7273,ES
4038,794323.0768,143374.7067,810.4636,ES
4039,794298.3378,143371.2262,810.1370,ES
4040,794273.5833,143367.4902,809.7557,ES
4041,794248.7080,143364.5375,809.3649,ES
4042,794223.9066,143361.2977,808.9650,ES
4043,794199.1846,143357.8226,808.6475,ES
4044,794174.4217,143354.1741,808.4264,ES
4045,794149.6839,143350.4492,808.1584,ES
4046,794125.0053,143346.7543,807.9395,ES
4047,794100.2634,143343.3162,807.7854,ES
4048,794093.1797,143342.1881,807.7552,ES
4049,794075.6054,143339.3574,807.6092,ES
4050,794050.9001,143335.5153,807.4470,ES
4051,794026.3354,143330.6140,807.2894,ES
4052,794001.5515,143327.2984,807.1307,ES
4053,793976.8153,143323.6196,807.1340,ES
4054,793952.0761,143320.0756,807.1971,ES
4055,793927.3616,143316.3046,807.3075,ES
4056,793902.5446,143313.1310,807.3834,ES
4057,793877.7781,143309.5503,807.5015,ES
4058,793853.0706,143305.7000,807.6599,ES
4059,793828.3161,143302.3451,807.7636,ES
4060,793803.5950,143298.6876,807.7846,ES
4061,793778.8659,143295.1616,807.8351,ES
4062,793754.1426,143291.6047,808.0020,ES
4063,793729.3732,143288.0971,808.1285,ES
4064,793704.6188,143284.5721,808.3430,ES
4065,793679.8685,143281.0473,808.5462,ES
4066,793655.1292,143277.4380,808.7335,ES
4067,793630.3706,143273.8445,809.0226,ES
4068,793605.6237,143270.3228,809.2600,ES
4069,793580.8719,143266.8783,809.5930,ES
4070,793556.1075,143263.4166,809.8624,ES
4071,793531.3556,143259.9154,810.1466,ES
4072,793506.5966,143256.5443,810.4869,ES
4073,793481.8579,143253.0235,810.9443,ES
4074,793457.1275,143249.3948,811.2803,ES
4075,793432.3941,143245.9154,811.6166,ES
4076,793407.6356,143242.3622,811.9915,ES
4077,793382.9119,143238.5977,812.3951,ES
4078,793358.1449,143235.0529,812.7751,ES
4079,793333.3997,143231.5624,813.1459,ES
4080,793308.6538,143228.0294,813.5236,ES
4081,793283.9252,143224.2839,813.8823,ES
4082,793259.2001,143220.6732,814.2580,ES
4083,793234.4419,143217.2146,814.6471,ES
4084,793209.7010,143213.6595,815.0208,ES
4085,793184.9458,143210.1796,815.3915,ES
4086,793160.1876,143206.6483,815.7871,ES
4087,793135.4618,143202.9960,816.1897,ES
4088,793110.7214,143199.5523,816.5810,ES
4089,793086.0406,143195.5761,816.9895,ES
4090,793061.3065,143192.1246,817.3551,ES
4091,793036.5569,143188.6234,817.7487,ES
4092,793011.8241,143185.1274,818.1648,ES
4093,792987.0439,143181.6837,818.5592,ES
4094,792962.2794,143177.9596,818.9259,ES
4095,792937.5239,143174.4543,819.3177,ES
4096,792912.8039,143170.9171,819.6805,ES
4097,792888.0568,143167.3578,820.0035,ES
4098,792863.3227,143163.8125,820.3923,ES
4099,792838.5613,143160.2659,820.7715,ES
4100,792813.8170,143156.5590,821.1038,ES
4101,792789.1126,143152.9310,821.4753,ES
4102,792764.3646,143149.4181,821.8151,ES
4103,792739.6256,143145.8874,822.1197,ES
4104,792714.8953,143142.3908,822.4499,ES
4105,792690.1558,143138.8167,822.7506,ES
4106,792665.3869,143135.2429,823.0476,ES
4107,792640.6486,143131.6516,823.3104,ES
4108,792615.9108,143128.1463,823.5849,ES
4109,792591.1539,143124.5901,823.8559,ES
4110,792566.4079,143121.0028,824.1729,ES
4111,792541.6524,143117.4937,824.4374,ES
4112,792516.9128,143113.8796,824.7087,ES
4113,792492.1775,143110.3526,824.9518,ES
4114,792467.3863,143107.0200,825.1723,ES
4115,792442.6665,143103.3256,825.3856,ES
4116,792417.9248,143099.8199,825.6425,ES
4117,792393.2286,143096.1789,825.8107,ES
4118,792368.4772,143092.6471,826.0019,ES
4119,792343.7168,143089.1549,826.2172,ES
4120,792318.9566,143085.5150,826.3695,ES
4121,792294.1731,143082.1737,826.5275,ES
4122,792269.4552,143078.4386,826.7764,ES
4123,792244.6985,143074.8931,826.9364,ES
4124,792219.9560,143071.4079,827.1004,ES
4125,792195.2074,143067.8714,827.2323,ES
4126,792170.4846,143064.2899,827.3729,ES
4127,792145.7264,143060.7997,827.4989,ES
4128,792120.9645,143057.2762,827.6369,ES
4129,792096.2205,143053.7252,827.7666,ES
4130,792071.4705,143050.2268,827.8418,ES
4131,792046.7079,143046.6402,827.9853,ES
4132,792021.9622,143043.0487,828.0803,ES
4133,791997.2677,143039.3074,828.2300,ES
4134,791972.4961,143035.7853,828.2717,ES
4135,791947.7494,143032.2122,828.3806,ES
4136,791923.0037,143028.7139,828.4490,ES
4137,791898.2818,143025.1204,828.6253,ES
4138,791873.5235,143021.5681,828.7458,ES
4139,791848.7640,143018.1040,828.8725,ES
4140,791824.0062,143014.5183,829.0137,ES
4141,791799.2730,143010.9062,829.1173,ES
4142,791774.5514,143007.3544,829.2353,ES
4143,791749.8101,143003.7178,829.3315,ES
4144,791725.0611,143000.1694,829.4393,ES
4145,791700.3420,142996.5832,829.5764,ES
4146,791675.5969,142993.0257,829.7046,ES
4147,791650.8278,142989.6095,829.8031,ES
4148,791626.0949,142985.9734,829.9232,ES
4149,791601.3163,142982.6219,830.0011,ES
4150,791576.5827,142979.1230,830.0713,ES
4151,791551.8005,142975.7038,830.2066,ES
4152,791527.0698,142972.1169,830.3217,ES
4153,791502.3093,142968.6599,830.4119,ES
4154,791477.5919,142965.0269,830.5841,ES
4155,791452.8115,142961.5608,830.6818,ES
4156,791428.0296,142958.0858,830.7979,ES
4157,791403.3159,142954.3415,830.9518,ES
4158,791378.5511,142950.8419,831.0434,ES
4159,791353.7999,142947.2436,831.1291,ES
4160,791329.0604,142943.6888,831.2107,ES
4161,791304.3122,142940.1249,831.2949,ES
4162,791279.6040,142936.4973,831.3881,ES
4163,791254.8621,142932.8978,831.5376,ES
4164,791230.1271,142929.2807,831.6785,ES
4165,791205.3610,142925.8316,831.7347,ES
4166,791180.6346,142922.2309,831.8526,ES
4167,791155.8622,142918.8124,831.9651,ES
4168,791131.1066,142915.2459,832.0650,ES
4169,791106.3503,142911.8775,832.1820,ES
4170,791081.5871,142908.3332,832.2760,ES
4171,791056.8723,142904.6957,832.4360,ES
4172,791032.1333,142901.1987,832.5221,ES
4173,791007.3779,142897.6412,832.6172,ES
4174,790982.5982,142894.2347,832.6907,ES
4175,790957.8774,142890.4928,832.7684,ES
4176,790933.1273,142886.9580,832.8256,ES
4177,790908.3908,142883.3259,832.9245,ES
4178,790883.6361,142879.8544,832.9167,ES
4179,790858.9034,142876.2625,833.0421,ES
4180,790834.1557,142872.5691,833.1163,ES
4181,790809.3935,142869.0450,833.1454,ES
4182,790784.6216,142865.6565,833.1349,ES
4183,790759.8773,142862.1960,833.0890,ES
4184,790735.1248,142858.7371,833.1355,ES
4185,790726.3341,142857.7123,833.1373,ES,E
4186,790686.6989,142851.5919,833.1972,ES,B
4187,790685.6076,142851.6369,833.1781,ES
4188,790660.8784,142847.8577,833.1829,ES
4189,790636.1458,142844.2822,833.1880,ES
4190,790611.4017,142840.8227,833.1596,ES
4191,790586.6760,142837.2421,833.1443,ES
4192,790561.9180,142833.6972,833.0945,ES
4193,790537.1903,142830.0596,833.0683,ES
4194,790512.4567,142826.4975,833.0840,ES
4195,790487.7685,142822.6034,833.1042,ES
4196,790463.0506,142818.9016,833.0548,ES
4197,790438.2828,142815.4556,833.0012,ES
4198,790413.5407,142811.9355,832.9291,ES
4199,790388.8333,142808.3311,832.9094,ES
4200,790364.0252,142804.9477,832.8415,ES
4201,790339.2251,142801.5573,832.7585,ES
4202,790314.4758,142797.9624,832.7173,ES
4203,790289.7395,142794.3555,832.6634,ES
4204,790264.9951,142790.7428,832.5945,ES
4205,790240.2779,142787.1366,832.5242,ES
4206,790215.5371,142783.6937,832.4406,ES
4207,790190.7958,142779.9180,832.4183,ES
4208,790165.9953,142776.7251,832.3318,ES
4209,790141.3050,142772.8302,832.2958,ES
4210,790116.5649,142769.2600,832.2158,ES
4211,790091.7945,142765.7860,832.1043,ES
4212,790067.0647,142762.0813,832.0632,ES
4213,790042.3293,142758.5032,831.9579,ES
4214,790017.5844,142754.8913,831.9340,ES
4215,789992.8492,142751.3027,831.8311,ES
4216,789968.1010,142747.8288,831.7648,ES
4217,789943.4043,142744.2037,831.7249,ES
4218,789918.6488,142740.6403,831.7019,ES
4219,789893.8756,142737.2196,831.6845,ES
4220,789869.1217,142733.6683,831.5888,ES
4221,789844.3630,142730.1783,831.4905,ES
4222,789819.6091,142726.7915,831.4359,ES
4223,789794.8548,142723.2822,831.3619,ES
4224,789770.0991,142719.7170,831.2927,ES
4225,789745.3457,142716.0725,831.2723,ES
4226,789720.6117,142712.5109,831.2182,ES
4227,789695.8486,142708.9932,831.1258,ES
4228,789671.1033,142705.3967,831.0745,ES
4229,789646.3521,142701.8666,831.0167,ES
4230,789621.6233,142698.3154,830.9481,ES
4231,789596.9108,142694.7600,830.8740,ES
4232,789572.1614,142691.2729,830.8306,ES
4233,789547.4276,142687.7929,830.7423,ES
4234,789522.6540,142684.3238,830.6835,ES
4235,789497.8835,142680.8565,830.6148,ES
4236,789473.1107,142677.4393,830.5182,ES
4237,789448.3329,142674.1147,830.4612,ES
4238,789423.5700,142670.6920,830.4113,ES
4239,789398.8172,142667.2139,830.3558,ES
4240,789374.0759,142663.6558,830.2324,ES
4241,789349.3486,142660.0386,830.1314,ES
4242,789324.6253,142656.5268,829.9720,ES
4243,789299.9174,142653.0580,829.8909,ES
4244,789275.1748,142649.6402,829.7916,ES
4245,789250.4618,142646.0822,829.6916,ES
4246,789225.6849,142642.6091,829.5512,ES
4247,789200.9034,142639.2202,829.4941,ES
4248,789176.1098,142635.8678,829.4496,ES
4249,789151.2982,142632.7220,829.3352,ES
4250,789126.5019,142629.5691,829.2221,ES
4251,789101.7111,142626.3479,829.1963,ES
4252,789076.9267,142623.2312,829.1355,ES
4253,789052.1495,142619.9497,829.0129,ES
4254,789027.3529,142616.6840,828.9668,ES
4255,789002.5353,142613.6388,828.8590,ES
4256,788977.7223,142610.3511,828.7749,ES
4257,788952.9040,142607.3641,828.6459,ES
4258,788928.1154,142604.2207,828.5649,ES
4259,788903.2853,142601.3002,828.5401,ES
4260,788878.5320,142597.9963,828.5091,ES,E
4261,788866.3043,142596.6143,828.5250,ES,B
4262,788853.7343,142594.9978,828.4571,ES
4263,788828.9923,142591.2338,828.3111,ES
4264,788804.0764,142588.5539,828.2632,ES
4265,788779.3381,142585.4183,828.2489,ES
4266,788754.5317,142582.0469,828.2596,ES
4267,788729.8098,142578.6415,828.2603,ES
4268,788704.9542,142575.1942,828.2579,ES
4269,788680.1992,142571.8304,828.2632,ES
4270,788655.4463,142568.2954,828.2533,ES
4271,788630.7064,142564.7027,828.1436,ES
4272,788605.9220,142561.4544,828.0231,ES
4273,788581.1145,142558.0955,827.9949,ES
4274,788556.3232,142554.7433,827.9944,ES
4275,788531.4695,142551.5618,828.0074,ES
4276,788506.7067,142548.0159,828.0244,ES
4277,788481.9468,142544.3104,828.0543,ES
4278,788457.1695,142540.7746,828.1191,ES
4279,788432.4249,142537.1202,828.1309,ES
4280,788407.7309,142533.2214,828.1816,ES
4281,788383.0250,142529.3633,828.2381,ES
4282,788358.2995,142525.4543,828.3152,ES
4283,788333.5375,142521.6295,828.3959,ES
4284,788308.8473,142517.6458,828.4541,ES
4285,788284.1884,142513.5842,828.5263,ES
4286,788259.4601,142509.7534,828.5365,ES
4287,788210.0143,142501.1687,828.5037,ES
4288,788185.2672,142496.7119,828.3550,ES
4289,788160.6666,142491.5953,828.2253,ES
4290,788136.1110,142486.1795,828.1782,ES
4291,788111.6907,142480.3810,828.0789,ES
4292,788087.2878,142474.3583,827.9942,ES
4293,788062.9448,142468.1155,827.8818,ES
4294,788038.7291,142461.5091,827.8144,ES
4295,788014.5528,142454.7255,827.7752,ES
4296,787990.4696,142447.5997,827.7353,ES
4297,787966.4676,142440.2610,827.6243,ES
4298,787942.5585,142432.7252,827.5643,ES
4299,787918.7112,142425.0054,827.6064,ES
4300,787894.8625,142417.0285,827.6047,ES
4301,787871.1687,142408.6612,827.5292,ES
4302,787847.5962,142400.0760,827.4604,ES
4303,787824.2181,142391.1740,827.3376,ES
4304,787800.7025,142382.2737,827.2421,ES
4305,787754.1055,142363.4204,827.0659,ES
4306,787730.9978,142353.5642,826.9693,ES
4307,787708.0864,142343.3465,826.8939,ES
4308,787662.5145,142322.2793,826.7675,ES
4309,787639.8959,142311.4184,826.7015,ES
4310,787617.4009,142300.3309,826.6284,ES
4311,787594.9925,142289.0333,826.5506,ES
4312,787572.8520,142277.1843,826.4983,ES
4313,787550.5997,142265.6323,826.4879,ES
4314,787528.5015,142253.8021,826.4822,ES
4315,787506.5362,142241.6737,826.4235,ES
4316,787484.7507,142229.2109,826.3823,ES
4317,787463.1998,142216.3517,826.3484,ES
4318,787441.6968,142203.4036,826.3263,ES
4319,787420.3925,142190.1460,826.2652,ES
4320,787399.1672,142176.6797,826.2683,ES
4321,787378.1102,142162.9850,826.2373,ES
4322,787357.1869,142149.1403,826.2178,ES
4323,787336.3818,142135.1698,826.2101,ES
4324,787315.8783,142120.7306,826.1659,ES
4325,787295.3389,142106.3198,826.1731,ES
4326,787275.1600,142091.4145,826.2158,ES
4327,787255.0388,142076.4952,826.2371,ES
4328,787235.0236,142061.3889,826.2682,ES
4329,787215.2883,142045.8455,826.2279,ES
4330,787195.6248,142030.2582,826.2447,ES
4331,787156.7309,141998.4836,826.2755,ES
4332,787137.7263,141982.1144,826.3561,ES
4333,787118.5030,141966.0395,826.3892,ES
4334,787099.7510,141949.4436,826.4395,ES
4335,787081.2322,141932.5911,826.4396,ES
4336,787062.7334,141915.7001,826.4476,ES
4337,787044.5416,141898.4422,826.5562,ES
4338,787008.7018,141863.2848,826.7468,ES
4339,786990.9330,141845.4927,826.7696,ES
4340,786956.3987,141809.0303,826.9231,ES
4341,786939.0887,141790.8702,826.9959,ES
4342,786922.1268,141772.4409,827.0539,ES
4343,786905.5913,141753.5975,827.1441,ES
4344,786889.1887,141734.6414,827.1541,ES
4345,786872.9473,141715.5467,827.1712,ES
4346,786856.9576,141696.2037,827.2149,ES
4347,786841.0086,141676.8278,827.2333,ES
4348,786810.0055,141637.2822,827.2659,ES
4349,786794.5668,141617.4872,827.3452,ES
4350,786779.4373,141597.4242,827.4590,ES
4351,786764.8717,141576.9861,827.5305,ES
4352,786750.1031,141556.7233,827.5719,ES
4353,786721.8875,141515.2351,827.5686,ES
4354,786708.2521,141494.2011,827.5261,ES
4355,786694.8627,141472.8983,827.5498,ES
4356,786681.4025,141451.6998,827.5058,ES
4357,786668.2278,141430.2987,827.5268,ES
4358,786655.4053,141408.7898,827.4713,ES
4359,786642.6231,141387.2394,827.5127,ES
4360,786630.2760,141365.4539,827.5390,ES
4361,786619.1847,141342.9383,827.6130,ES
4362,786616.2758,141337.0650,827.6014,ES
4363,786608.0468,141320.5341,827.5760,ES
4364,786596.8848,141298.1081,827.6165,ES
4365,786584.5996,141276.3281,827.6381,ES
4366,786571.6584,141254.9234,827.6812,ES
4367,786558.7301,141233.5426,827.6990,ES
4368,786545.7487,141212.1786,827.7779,ES
4369,786532.7837,141190.8104,827.7980,ES
4370,786519.8593,141169.3822,827.7387,ES
4371,786506.7708,141148.0419,827.6881,ES
4372,786494.0772,141126.5345,827.6887,ES
4373,786481.8983,141104.7344,827.6676,ES
4374,786469.6364,141082.9459,827.6140,ES
4375,786457.3857,141061.1343,827.6252,ES
4376,786445.0889,141039.3697,827.6461,ES
4377,786432.7747,141017.5658,827.6945,ES
4378,786408.1956,140974.0066,827.8324,ES
4379,786395.9370,140952.2585,827.9129,ES
4380,786383.6578,140930.4814,827.9852,ES
4381,786371.3938,140908.7110,828.0957,ES
4382,786359.1308,140886.9147,828.1570,ES
4383,786346.8463,140865.0889,828.2618,ES
4384,786334.5133,140843.3121,828.3279,ES
4385,786322.2444,140821.5472,828.3972,ES
4386,786309.9227,140799.7858,828.4858,ES
4387,786297.3978,140778.1482,828.5611,ES
4388,786284.8879,140756.4681,828.6636,ES
4389,786272.3967,140734.8524,828.7466,ES
4390,786259.8690,140713.1969,828.7772,ES
4391,786247.5139,140691.3439,828.7638,ES
4392,786235.2165,140669.6596,828.6781,ES
4393,786222.9728,140647.9006,828.7097,ES
4394,786210.7618,140626.1344,828.7553,ES
4395,786198.5197,140604.3430,828.8172,ES
4396,786186.2543,140582.5514,828.9062,ES
4397,786174.0422,140560.7523,828.9151,ES
4398,786161.8338,140538.9235,828.9577,ES
4399,786149.5474,140517.1350,828.9583,ES
4400,786137.3242,140495.3982,828.9640,ES
4401,786125.0769,140473.5321,828.9618,ES
4402,786112.8361,140451.7613,828.9653,ES
4403,786100.5614,140429.9793,828.9306,ES
4404,786088.3299,140408.1877,828.9371,ES
4405,786076.1298,140386.3482,828.9393,ES
4406,786063.8496,140364.5765,828.9247,ES
4407,786051.6163,140342.7553,828.9481,ES
4408,786039.4317,140320.9469,828.9244,ES
4409,786027.2227,140299.1056,828.9344,ES
4410,786014.9722,140277.3152,828.9333,ES
4411,786002.7490,140255.5075,828.9227,ES
4412,785990.5306,140233.7477,828.9340,ES
4413,785978.3103,140211.9459,828.9015,ES
4414,785966.0468,140190.1204,828.8618,ES
4415,785953.7948,140168.2823,828.8190,ES
4416,785941.5391,140146.5080,828.7709,ES
4417,785929.3331,140124.7178,828.7703,ES
4418,785917.1004,140102.9188,828.7255,ES
4419,785904.8687,140081.0997,828.6888,ES
4420,785892.6378,140059.2912,828.5926,ES
4421,785880.4177,140037.4630,828.5354,ES
4422,785868.1832,140015.6631,828.3648,ES
4423,785855.9578,139993.8680,828.4448,ES
4424,785843.7303,139972.0618,828.3483,ES
4425,785831.4713,139950.2724,828.3461,ES
4426,785819.2040,139928.4996,828.3111,ES
4427,785806.9980,139906.6921,828.2428,ES
4428,785794.7385,139884.8889,828.1910,ES
4429,785782.5228,139863.0792,828.1080,ES
4430,785770.2696,139841.2885,828.0389,ES
4431,785758.0592,139819.4630,827.9913,ES
4432,785745.8067,139797.6688,827.9140,ES
4433,785733.6325,139775.8341,827.8497,ES
4434,785721.3722,139754.0559,827.8088,ES
4435,785709.1243,139732.2821,827.7635,ES
4436,785696.9216,139710.4692,827.7282,ES
4437,785672.3950,139666.8672,827.5776,ES
4438,785660.1403,139645.0441,827.5358,ES
4439,785647.9781,139623.2252,827.4723,ES
4440,785635.7147,139601.4582,827.4067,ES
4441,785623.4464,139579.6688,827.3894,ES
4442,785611.3199,139557.8212,827.2820,ES
4443,785598.9957,139536.0613,827.2878,ES
4444,785586.7434,139514.2794,827.2394,ES
4445,785574.4716,139492.5053,827.2091,ES
4446,785562.2945,139470.6652,827.1754,ES
4447,785550.0843,139448.8520,827.1510,ES
4448,785537.8272,139427.0401,827.0473,ES
4449,785525.5521,139405.2820,826.9774,ES
4450,785513.3269,139383.4982,826.9260,ES
4451,785501.1112,139361.6837,826.8442,ES
4452,785488.8693,139339.8889,826.7598,ES
4453,785476.7007,139318.0679,826.7216,ES
4454,785464.4212,139296.2835,826.6275,ES
4455,785452.1723,139274.4608,826.6522,ES
4456,785439.9456,139252.6543,826.5728,ES
4457,785427.6763,139230.8643,826.5535,ES
4458,785415.4490,139209.0552,826.6125,ES
4459,785403.2065,139187.2790,826.4334,ES
4460,785390.9817,139165.4458,826.2737,ES
4461,785378.6745,139143.6767,826.1665,ES
4462,785366.5479,139121.8136,825.9818,ES
4463,785354.5832,139099.8588,825.9194,ES
4464,785342.4971,139077.9976,825.8894,ES
4465,785330.4439,139056.0721,825.9064,ES
4466,785318.4623,139034.1790,825.8776,ES
4467,785306.4162,139012.2769,825.8143,ES
4468,785294.3478,138990.3554,825.7769,ES
4469,785282.2989,138968.4520,825.8374,ES
4470,785270.3058,138946.5187,825.7506,ES
4471,785258.1664,138924.6584,825.7144,ES
4472,785246.2071,138902.6936,825.6350,ES
4473,785234.2154,138880.7691,825.5984,ES
4474,785222.0892,138858.8986,825.5459,ES
4475,785209.6654,138837.1950,825.5629,ES
4476,785197.4913,138815.3597,825.5447,ES
4477,785185.2434,138793.5722,825.4798,ES
4478,785172.9963,138771.7874,825.4309,ES
4479,785160.7077,138749.9891,825.4391,ES
4480,785148.4386,138728.2176,825.3816,ES
4481,785136.1340,138706.4515,825.3468,ES
4482,785123.8652,138684.6840,825.2339,ES
4483,785111.6295,138662.8820,825.1334,ES
4484,785099.3861,138641.0773,825.1009,ES
4485,785087.1006,138619.3080,825.0300,ES
4486,785074.8195,138597.5416,824.9925,ES
4487,785062.5427,138575.7527,824.9420,ES
4488,785050.2660,138553.9596,824.8915,ES
4489,785038.0045,138532.1708,824.8444,ES
4490,785025.7222,138510.4144,824.7765,ES
4491,785013.4210,138488.6541,824.7196,ES
4492,785001.1342,138466.8801,824.6704,ES
4493,784988.8709,138445.0990,824.6660,ES
4494,784976.5418,138423.3431,824.6224,ES
4495,784964.2878,138401.5527,824.5629,ES
4496,784952.0108,138379.7774,824.5196,ES
4497,784939.7248,138358.0063,824.3999,ES
4498,784927.4626,138336.2207,824.3688,ES
4499,784915.1945,138314.4305,824.3054,ES
4500,784902.9426,138292.6401,824.2618,ES
4501,784890.6524,138270.8656,824.2650,ES
4502,784878.3706,138249.0877,824.2098,ES
4503,784866.0742,138227.3290,824.1683,ES
4504,784853.7902,138205.5400,824.1341,ES
4505,784841.5090,138183.7652,824.0136,ES
4506,784829.2335,138162.0053,823.9517,ES
4507,784816.9258,138140.2415,823.9037,ES
4508,784804.6343,138118.4775,823.8599,ES
4509,784792.3772,138096.6998,823.8410,ES
4510,784780.1069,138074.8914,823.8338,ES
4511,784767.8246,138053.1259,823.7675,ES
4512,784755.5427,138031.3370,823.7068,ES
4513,784743.3058,138009.5398,823.6615,ES
4514,784731.0241,137987.7614,823.5817,ES
4515,784718.7145,137966.0097,823.5272,ES
4516,784706.4577,137944.2259,823.4872,ES
4517,784694.1564,137922.4442,823.4848,ES
4518,784681.8994,137900.6616,823.4526,ES
4519,784669.6021,137878.8968,823.3956,ES
4520,784657.3555,137857.1128,823.3417,ES
4521,784645.0838,137835.3228,823.2913,ES
4522,784632.8135,137813.5630,823.1095,ES
4523,784620.5377,137791.7808,823.0224,ES
4524,784608.2525,137770.0015,823.0148,ES
4525,784595.9841,137748.2175,822.9570,ES
4526,784583.6946,137726.4549,822.9524,ES
4527,784571.4303,137704.6668,822.8711,ES
4528,784559.1702,137682.8759,822.8413,ES
4529,784546.8788,137661.1030,822.7486,ES
4530,784534.5898,137639.3238,822.7291,ES
4531,784522.3162,137617.5350,822.6729,ES
4532,784510.0551,137595.7408,822.6567,ES
4533,784497.7512,137573.9821,822.6965,ES
4534,784485.5126,137552.1828,822.6263,ES
4535,784473.2247,137530.4196,822.5793,ES
4536,784460.9563,137508.6400,822.4867,ES
4537,784448.6906,137486.8547,822.2968,ES
4538,784436.3835,137465.0883,822.1766,ES
4539,784424.1305,137443.3013,822.0961,ES
4540,784411.8611,137421.5360,821.9802,ES
4541,784399.5965,137399.7556,821.9325,ES
4542,784387.3148,137377.9799,821.8698,ES
4543,784375.0473,137356.2069,821.8160,ES
4544,784362.7520,137334.4314,821.6972,ES
4545,784350.4623,137312.6527,821.6986,ES
4546,784338.1554,137290.8809,821.6332,ES
4547,784325.8687,137269.1244,821.6579,ES
4548,784313.6005,137247.3392,821.5553,ES
4549,784301.3421,137225.5502,821.5047,ES
4550,784289.0485,137203.7796,821.3834,ES
4551,784276.7968,137181.9933,821.2050,ES
4552,784264.5287,137160.2216,820.9512,ES
4553,784252.2348,137138.4397,820.8854,ES
4554,784239.9459,137116.6709,820.7834,ES
4555,784227.6776,137094.8868,820.6558,ES
4556,784215.3830,137073.1115,820.5355,ES
4557,784203.0718,137051.3456,820.4112,ES
4558,784190.7668,137029.5787,820.3753,ES
4559,784178.5311,137007.7875,820.2745,ES
4560,784166.2208,136986.0505,820.2100,ES
4561,784153.8996,136964.2818,820.0975,ES
4562,784141.6429,136942.4949,819.9630,ES
4563,784129.3645,136920.7200,819.7768,ES
4564,784117.1005,136898.9311,819.5840,ES
4565,784104.8084,136877.1605,819.3676,ES
4566,784092.5612,136855.3630,819.1871,ES
4567,784080.2864,136833.6083,819.0547,ES
4568,784068.0375,136811.7985,818.8846,ES
4569,784055.8071,136789.9883,818.7122,ES
4570,784043.4984,136768.2270,818.6450,ES
4571,784031.2568,136746.4312,818.5406,ES
4572,784018.9582,136724.6531,818.3851,ES
4573,784006.9419,136702.7279,818.2420,ES
4574,783994.6756,136680.9560,818.0952,ES
4575,783982.1537,136659.3188,817.9020,ES
4576,783969.8258,136637.5731,817.7493,ES
4577,783957.5344,136615.8094,817.5627,ES
4578,783945.3632,136593.9526,817.4506,ES
4579,783933.7752,136571.7987,817.3490,ES
4580,783921.5700,136549.9827,817.1896,ES
4581,783908.6845,136528.5522,817.0144,ES
4582,783896.2873,136506.8365,816.8536,ES
4583,783884.0101,136485.0053,816.7256,ES,E
4584,796977.9417,144631.3095,830.1046,ES,B
4585,796976.9214,144630.6726,830.0994,ES
4586,796955.6751,144617.4773,830.0067,ES
4587,796934.4536,144604.2849,829.9123,ES
4588,796913.2490,144591.0040,829.8302,ES
4589,796892.1124,144577.6675,829.7126,ES
4590,796870.8644,144564.4728,829.6369,ES
4591,796849.5985,144551.3174,829.5558,ES
4592,796828.4275,144538.0514,829.4389,ES
4593,796786.0033,144511.5597,829.2118,ES
4594,796764.7732,144498.3547,829.1120,ES
4595,796743.3384,144485.5267,829.0776,ES
4596,796722.0692,144472.4274,829.0013,ES
4597,796701.1001,144458.8732,828.9027,ES
4598,796680.0183,144445.3382,828.7867,ES
4599,796658.8147,144432.1123,828.7323,ES
4600,796637.5246,144419.0029,828.7131,ES
4601,796616.2585,144405.8433,828.6555,ES
4602,796595.0943,144392.5377,828.5700,ES
4603,796573.8565,144379.3498,828.4493,ES
4604,796552.6696,144366.0731,828.3666,ES
4605,796531.5240,144352.7262,828.2388,ES
4606,796510.2987,144339.5259,828.2020,ES
4607,796489.0797,144326.3020,828.0968,ES
4608,796467.8943,144313.0480,828.0393,ES
4609,796446.6573,144299.8707,827.9502,ES
4610,796425.4998,144286.5413,827.8397,ES
4611,796404.2873,144273.2701,827.7466,ES
4612,796383.0306,144260.1046,827.6635,ES
4613,796361.7809,144246.9677,827.5823,ES
4614,796340.5677,144233.7354,827.4684,ES
4615,796319.3580,144220.5011,827.4098,ES
4616,796298.2246,144207.1605,827.2801,ES
4617,796277.0539,144193.8762,827.1677,ES
4618,796255.8890,144180.5858,827.0832,ES
4619,796234.6553,144167.3564,827.0001,ES
4620,796213.4298,144154.1442,826.9144,ES
4621,796192.2549,144140.8272,826.8174,ES
4622,796171.0397,144127.5806,826.7480,ES
4623,796149.8415,144114.3350,826.6409,ES
4624,796128.5800,144101.2627,826.5919,ES
4625,796107.3799,144088.0193,826.4766,ES
4626,796086.2736,144074.6219,826.3750,ES
4627,796065.1041,144061.2778,826.3097,ES
4628,796043.8856,144048.0308,826.2240,ES
4629,796022.6748,144034.7887,826.1231,ES
4630,796001.4820,144021.5507,826.0580,ES
4631,795980.2677,144008.3542,825.9959,ES
4632,795959.0922,143995.0584,825.9162,ES
4633,795937.8421,143981.8709,825.8550,ES
4634,795916.5606,143968.7421,825.8192,ES
4635,795895.3373,143955.5123,825.7644,ES
4636,795874.1132,143942.3083,825.6976,ES
4637,795852.8361,143929.1240,825.6227,ES
4638,795831.6163,143915.8751,825.5280,ES
4639,795810.3798,143902.6604,825.4504,ES
4640,795789.0936,143889.5514,825.3934,ES
4641,795767.7795,143876.5113,825.3918,ES
4642,795746.3915,143863.5047,825.3970,ES
4643,795724.8538,143850.5684,825.4683,ES
4644,795703.3635,143837.7542,825.4296,ES
4645,795681.8821,143824.9323,825.3666,ES
4646,795660.1618,143812.3914,825.3215,ES
4647,795638.3315,143800.0232,825.2939,ES
4648,795616.4894,143787.7291,825.1925,ES
4649,795594.5633,143775.5883,825.0889,ES
4650,795572.5094,143763.6503,824.9895,ES
4651,795550.3705,143751.8832,824.8732,ES
4652,795528.0672,143740.4130,824.7875,ES
4653,795505.7338,143729.0030,824.6687,ES
4654,795483.3433,143717.7452,824.5578,ES
4655,795460.8344,143706.7731,824.4257,ES
4656,795438.2000,143695.9749,824.3073,ES
4657,795415.4824,143685.2760,824.1474,ES
4658,795392.6951,143674.7940,823.9397,ES
4659,795369.7918,143664.6384,823.7923,ES
4660,795346.9279,143654.4266,823.6105,ES
4661,795323.9260,143644.3995,823.4559,ES
4662,795300.8806,143634.6393,823.2849,ES
4663,795277.6380,143625.1411,823.0964,ES
4664,795254.4325,143615.6360,822.8751,ES
4665,795231.1579,143606.3844,822.6645,ES
4666,795207.7589,143597.3844,822.4197,ES
4667,795184.3123,143588.5531,822.2068,ES
4668,795160.7588,143579.9488,822.0042,ES
4669,795137.1883,143571.3607,821.7842,ES
4670,795113.5263,143563.0714,821.5270,ES
4671,795089.8306,143554.8552,821.2752,ES
4672,795066.0484,143546.9477,821.0205,ES
4673,795042.1515,143539.2670,820.7399,ES
4674,795018.2255,143531.7876,820.4958,ES
4675,794994.2699,143524.4564,820.2198,ES
4676,794970.2343,143517.3061,819.9222,ES
4677,794946.0879,143510.4271,819.6260,ES
4678,794922.0507,143503.5770,819.3134,ES
4679,794897.9638,143496.7997,819.0345,ES
4680,794873.8608,143490.0247,818.7303,ES
4681,794849.6690,143483.4344,818.4521,ES
4682,794825.3362,143477.1486,818.1540,ES
4683,794800.9969,143470.9531,817.8436,ES
4684,794776.5434,143465.2257,817.5301,ES
4685,794752.0500,143459.7988,817.2291,ES
4686,794727.5226,143454.7485,816.9334,ES
4687,794702.9809,143449.6184,816.5726,ES
4688,794678.2628,143444.8935,816.1907,ES
4689,794653.5600,143440.5763,815.8179,ES
4690,794628.8282,143436.4404,815.4350,ES
4691,794604.2273,143432.3138,814.9904,ES
4692,794579.5295,143428.1935,814.5639,ES
4693,794530.1126,143420.1783,813.6614,ES
4694,794505.3810,143416.3092,813.2881,ES
4695,794480.5949,143412.5925,812.8222,ES
4696,794455.8782,143408.6966,812.4085,ES
4697,794431.1709,143404.9065,812.0354,ES
4698,794406.4588,143401.4111,811.6232,ES
4699,794381.7523,143397.3852,811.2591,ES
4700,794357.0202,143393.6722,810.9727,ES
4701,794332.2539,143390.1412,810.6751,ES
4702,794307.5168,143386.5411,810.3872,ES
4703,794282.8031,143382.7329,810.1565,ES
4704,794258.2392,143378.2192,810.0792,ES
4705,794233.4638,143374.4235,809.7844,ES
4706,794208.7682,143370.8197,809.5161,ES
4707,794184.0265,143367.1219,809.2454,ES
4708,794159.2977,143363.4894,808.9927,ES
4709,794134.5742,143359.8199,808.7776,ES
4710,794109.8783,143356.0675,808.6264,ES
4711,794085.0988,143352.6523,808.4852,ES
4712,794035.5594,143346.3926,807.9751,ES
4713,794010.8117,143342.8429,807.7442,ES
4714,793986.0264,143339.3397,807.5643,ES
4715,793961.2346,143335.7778,807.4292,ES
4716,793936.5155,143332.2304,807.4212,ES
4717,793911.8169,143328.6489,807.4341,ES
4718,793887.0216,143325.2589,807.5144,ES
4719,793862.2727,143321.5726,807.5990,ES
4720,793837.4146,143318.8380,807.7548,ES
4721,793812.5868,143315.7364,807.8734,ES
4722,793738.3127,143305.3735,808.2657,ES
4723,793713.5731,143301.8622,808.4377,ES
4724,793688.8603,143298.0003,808.6008,ES
4725,793664.1002,143294.5137,808.8267,ES
4726,793639.3412,143291.0178,809.0781,ES
4727,793614.5625,143287.7476,809.3690,ES
4728,793589.8150,143284.1886,809.6419,ES
4729,793565.0689,143280.6804,809.9550,ES
4730,793540.3381,143277.1219,810.2453,ES
4731,793515.5918,143273.5566,810.5623,ES
4732,793490.8862,143269.9608,810.8881,ES
4733,793466.1051,143266.5650,811.2540,ES
4734,793441.3335,143262.8735,811.5980,ES
4735,793416.6271,143259.1684,811.9958,ES
4736,793391.8700,143255.6751,812.3610,ES
4737,793367.1108,143252.1198,812.7328,ES
4738,793342.3711,143248.5804,813.1300,ES
4739,793317.6471,143245.0068,813.5558,ES
4740,793292.8633,143241.5565,813.9348,ES
4741,793268.0911,143238.0933,814.2970,ES
4742,793243.3550,143234.6420,814.6838,ES
4743,793218.6240,143231.4077,815.0414,ES
4744,793193.7906,143228.2632,815.4504,ES
4745,793168.9724,143225.1505,815.8525,ES
4746,793144.1994,143221.7273,816.2491,ES
4747,793119.4895,143218.1683,816.6320,ES
4748,793094.7540,143214.6668,817.0091,ES
4749,793070.0041,143211.0213,817.4043,ES
4750,793045.2378,143207.4550,817.7860,ES
4751,793020.5341,143203.7041,818.1587,ES
4752,792995.8329,143200.0412,818.5481,ES
4753,792971.0975,143196.4506,818.9310,ES
4754,792946.3292,143192.9988,819.3034,ES
4755,792921.5822,143189.4812,819.6974,ES
4756,792896.8690,143185.8488,820.0559,ES
4757,792872.1245,143182.2340,820.3993,ES
4758,792847.3575,143178.7236,820.7501,ES
4759,792822.6186,143175.1902,821.0916,ES
4760,792797.8404,143171.8490,821.4595,ES
4761,792773.1278,143168.1127,821.7597,ES
4762,792748.3860,143164.5772,822.0927,ES
4763,792723.6568,143160.8905,822.3670,ES
4764,792698.8986,143157.2803,822.6888,ES
4765,792674.1170,143153.8274,822.9770,ES
4766,792649.3680,143150.3752,823.2897,ES
4767,792624.6282,143146.8738,823.5736,ES
4768,792599.8892,143143.3552,823.8527,ES
4769,792575.1509,143139.7725,824.0947,ES
4770,792550.4038,143136.1994,824.3462,ES
4771,792525.6508,143132.7437,824.6174,ES
4772,792500.9289,143129.1151,824.8966,ES
4773,792476.2038,143125.5392,825.1955,ES
4774,792451.4230,143122.1699,825.5040,ES
4775,792426.6869,143118.6368,825.7491,ES
4776,792401.9431,143115.0974,825.9524,ES
4777,792377.2063,143111.4387,826.1346,ES
4778,792352.4933,143107.7164,826.2883,ES
4779,792327.7513,143104.0533,826.4543,ES
4780,792302.9802,143100.5659,826.6448,ES
4781,792278.2493,143096.9167,826.7696,ES
4782,792253.5122,143093.3160,826.9309,ES
4783,792228.7556,143089.7826,827.0970,ES
4784,792204.0015,143086.2094,827.2489,ES
4785,792179.2438,143082.8124,827.4123,ES
4786,792154.4644,143079.3940,827.5886,ES
4787,792129.7241,143075.8163,827.7041,ES
4788,792104.9768,143072.4044,827.8351,ES
4789,792080.2429,143068.7313,827.9137,ES
4790,792055.5016,143065.1764,828.0247,ES
4791,792030.7403,143061.6460,828.1506,ES
4792,792005.9869,143058.0999,828.2284,ES
4793,791981.2672,143054.3931,828.3247,ES
4794,791956.5272,143050.9125,828.4289,ES
4795,791931.7804,143047.4015,828.5561,ES
4796,791907.0070,143043.9986,828.6919,ES
4797,791882.2387,143040.4173,828.8054,ES
4798,791857.4971,143036.8719,828.9085,ES
4799,791832.7768,143033.1286,829.0010,ES
4800,791808.0432,143029.5428,829.1411,ES
4801,791783.3178,143025.9650,829.2515,ES
4802,791758.5491,143022.5291,829.3760,ES
4803,791733.7955,143019.0083,829.4815,ES
4804,791709.0368,143015.4779,829.5785,ES
4805,791684.3109,143011.9506,829.6552,ES
4806,791659.5754,143008.3364,829.7217,ES
4807,791634.8265,143004.7268,829.8078,ES
4808,791610.0663,143001.1816,829.9190,ES
4809,791585.3246,142997.6592,830.0417,ES
4810,791560.5871,142993.9801,830.1541,ES
4811,791535.8478,142990.4143,830.2683,ES
4812,791511.0675,142987.0431,830.3943,ES
4813,791486.3445,142983.5020,830.5186,ES
4814,791461.6181,142979.9540,830.6494,ES
4815,791436.8808,142976.4157,830.7512,ES
4816,791412.1193,142972.8191,830.8721,ES
4817,791387.3433,142969.2838,830.9897,ES
4818,791362.6049,142965.6613,831.0691,ES
4819,791337.8407,142962.1805,831.2063,ES
4820,791313.1122,142958.6588,831.3273,ES
4821,791288.3246,142955.2267,831.4305,ES
4822,791263.5819,142951.6589,831.5489,ES
4823,791238.8496,142948.1178,831.6709,ES
4824,791214.1120,142944.5197,831.7936,ES
4825,791189.3744,142940.9165,831.9113,ES
4826,791164.6569,142937.3127,832.0073,ES
4827,791139.9175,142933.8418,832.1254,ES
4828,791115.1173,142930.4068,832.2417,ES
4829,791090.3468,142926.7844,832.3561,ES
4830,791065.5993,142923.2440,832.4722,ES
4831,791040.8584,142919.7090,832.5805,ES
4832,791016.1217,142916.2788,832.6493,ES
4833,790991.4052,142912.6357,832.7323,ES
4834,790966.6740,142908.9779,832.8382,ES
4835,790941.9371,142905.4184,832.9167,ES
4836,790917.1632,142901.9627,832.9977,ES
4837,790892.4071,142898.3236,833.0612,ES
4838,790867.6476,142894.8412,833.1127,ES
4839,790842.9117,142891.2738,833.1361,ES
4840,790818.1512,142887.7712,833.1609,ES
4841,790793.4078,142884.2513,833.2035,ES
4842,790768.6711,142880.6990,833.2281,ES
4843,790743.9023,142877.1724,833.2480,ES
4844,790722.7431,142874.2287,833.2452,ES,E
4845,790684.9023,142868.5946,833.2903,ES,B
4846,790669.7216,142866.3980,833.2755,ES
4847,790644.9742,142862.7902,833.3302,ES
4848,790620.2219,142859.2916,833.2965,ES
4849,790595.4793,142855.7333,833.2701,ES
4850,790570.7582,142852.0026,833.2298,ES
4851,790545.9980,142848.3101,833.2474,ES
4852,790521.2550,142844.6053,833.1867,ES
4853,790496.5425,142840.7886,833.1891,ES
4854,790471.8320,142837.2726,833.1794,ES
4855,790447.1266,142833.5796,833.0928,ES
4856,790422.3330,142830.0297,833.0371,ES
4857,790397.6294,142826.2809,833.0311,ES
4858,790372.9276,142822.6195,832.9717,ES
4859,790348.2028,142818.9659,832.8937,ES
4860,790323.4370,142815.4987,832.8266,ES
4861,790298.6946,142811.8158,832.7630,ES
4862,790273.9582,142808.1441,832.6579,ES
4863,790249.2222,142804.6301,832.5995,ES
4864,790224.4884,142801.0494,832.5418,ES
4865,790199.7244,142797.5828,832.4694,ES
4866,790174.9801,142793.9511,832.3848,ES
4867,790150.2272,142790.3842,832.2995,ES
4868,790125.4819,142786.8268,832.2552,ES
4869,790100.6942,142783.3603,832.1803,ES
4870,790075.9953,142779.7574,832.1475,ES
4871,790051.2701,142776.1892,832.0694,ES
4872,790026.5307,142772.4746,832.0014,ES
4873,790001.7618,142769.1040,831.9456,ES
4874,789976.9893,142765.5708,831.8795,ES
4875,789952.2518,142762.0049,831.7588,ES
4876,789927.4946,142758.5859,831.7229,ES
4877,789902.7229,142755.0326,831.7005,ES
4878,789877.9807,142751.4516,831.6075,ES
4879,789853.2472,142747.8578,831.5395,ES
4880,789828.5060,142744.3431,831.4677,ES
4881,789803.7488,142740.9255,831.4181,ES
4882,789779.0048,142737.3492,831.3277,ES
4883,789754.2563,142733.8873,831.2477,ES
4884,789729.5435,142730.1382,831.1976,ES
4885,789704.8130,142726.5274,831.0998,ES
4886,789680.0450,142723.0742,831.0542,ES
4887,789655.3312,142719.2847,830.9693,ES
4888,789630.5683,142715.7023,830.9095,ES
4889,789605.8471,142712.2068,830.8732,ES
4890,789581.0879,142708.6217,830.7815,ES
4891,789556.3566,142704.9600,830.7208,ES
4892,789531.6060,142701.4232,830.6332,ES
4893,789506.8697,142697.8241,830.5680,ES
4894,789482.1610,142694.1651,830.4758,ES
4895,789457.4628,142690.3688,830.3973,ES
4896,789432.7278,142686.7180,830.2883,ES
4897,789407.9552,142683.2645,830.2080,ES
4898,789383.1942,142679.7030,830.1674,ES
4899,789358.4397,142676.1556,829.9913,ES
4900,789333.6683,142672.7090,829.9008,ES
4901,789308.9627,142668.9911,829.8072,ES
4902,789284.2014,142665.4870,829.6835,ES
4903,789259.4599,142661.9926,829.6695,ES
4904,789234.7013,142658.4340,829.6345,ES
4905,789209.9462,142654.7710,829.5065,ES
4906,789185.2066,142651.1879,829.4138,ES
4907,789160.4706,142647.6833,829.2806,ES
4908,789135.7208,142644.1344,829.1970,ES
4909,789110.9664,142640.5927,829.1320,ES
4910,789086.2079,142637.0117,829.1260,ES
4911,789061.4490,142633.5274,829.0228,ES
4912,789036.6873,142630.1067,828.9721,ES
4913,789011.9494,142626.5419,828.9110,ES
4914,788987.2326,142623.0474,828.8227,ES
4915,788962.4498,142619.6022,828.7627,ES
4916,788937.6781,142616.0591,828.7011,ES
4917,788912.9240,142612.5664,828.6132,ES
4918,788888.2176,142608.9117,828.5472,ES
4919,788863.4874,142605.2875,828.4949,ES
4920,788838.6873,142602.0848,828.5014,ES
4921,788813.9599,142598.4698,828.4858,ES
4922,788789.2093,142594.9094,828.4872,ES
4923,788764.4552,142591.3488,828.4351,ES
4924,788739.6839,142587.8088,828.3983,ES
4925,788714.9298,142584.4005,828.3991,ES
4926,788690.1880,142580.8919,828.3696,ES
4927,788665.4452,142577.2998,828.3631,ES
4928,788640.6763,142573.7513,828.3271,ES
4929,788615.8718,142570.5050,828.3439,ES
4930,788591.1283,142566.9588,828.3541,ES
4931,788566.3828,142563.4439,828.3060,ES
4932,788541.6326,142560.0237,828.2917,ES
4933,788516.8474,142556.6581,828.2460,ES
4934,788492.0952,142553.2462,828.2003,ES
4935,788467.3642,142549.6332,828.0600,ES
4936,788442.5713,142546.3004,827.9426,ES
4937,788417.7867,142542.8429,827.8244,ES
4938,788393.0227,142539.3713,827.7236,ES
4939,788368.2802,142536.0865,827.6503,ES
4940,788343.5468,142532.6371,827.5664,ES
4941,788318.8083,142529.0709,827.4863,ES
4942,788294.0836,142525.6585,827.4992,ES
4943,788269.4633,142521.9648,827.4509,ES
4944,788244.9085,142518.0900,827.3999,ES
4945,788220.3979,142513.7540,827.3107,ES
4946,788195.9247,142509.0473,827.2345,ES
4947,788171.5394,142504.0386,827.1095,ES
4948,788147.2339,142498.8365,827.0832,ES
4949,788122.9129,142493.3007,827.0033,ES
4950,788098.6660,142487.6092,826.9659,ES
4951,788074.4823,142481.6269,826.9450,ES
4952,788050.3165,142475.5618,826.8503,ES
4953,788026.2794,142469.1479,826.7520,ES
4954,788002.3067,142462.3931,826.6760,ES
4955,787978.4265,142455.3861,826.6334,ES
4956,787954.5916,142448.1747,826.5632,ES
4957,787930.8108,142440.7013,826.5516,ES
4958,787907.2484,142432.7871,826.4589,ES
4959,787883.6578,142424.7034,826.3718,ES
4960,787860.0107,142416.6870,826.3686,ES
4961,787836.5178,142408.3837,826.3467,ES
4962,787813.0653,142399.7961,826.2966,ES
4963,787789.7238,142391.1931,826.1797,ES
4964,787766.4912,142382.2168,826.1594,ES
4965,787743.2785,142373.3064,826.2339,ES
4966,787720.2868,142363.8616,826.1916,ES
4967,787697.4285,142354.0479,826.1418,ES
4968,787674.6880,142343.9780,826.0903,ES
4969,787652.1710,142333.3616,826.0584,ES
4970,787629.7337,142322.6666,826.0231,ES
4971,787607.4428,142311.5978,825.9520,ES
4972,787585.2763,142300.2702,825.9014,ES
4973,787563.2251,142288.6796,825.8293,ES
4974,787541.2343,142276.9470,825.7570,ES
4975,787519.3623,142265.0322,825.7355,ES
4976,787497.6604,142252.8098,825.6869,ES
4977,787476.0976,142240.3766,825.6544,ES
4978,787454.7264,142227.6479,825.5920,ES
4979,787433.4608,142214.6535,825.4668,ES
4980,787412.2887,142201.5190,825.4443,ES
4981,787391.2920,142188.1781,825.3865,ES
4982,787370.3571,142174.6648,825.3725,ES
4983,787349.6306,142160.8383,825.3012,ES
4984,787329.0800,142146.7867,825.2731,ES
4985,787308.6731,142132.5604,825.2770,ES
4986,787288.4148,142118.0684,825.2657,ES
4987,787268.2788,142103.4306,825.2735,ES
4988,787248.3228,142088.5203,825.3099,ES
4989,787228.5199,142073.4083,825.3220,ES
4990,787208.8350,142058.1699,825.3227,ES
4991,787189.3682,142042.6490,825.3579,ES
4992,787170.1440,142026.8592,825.3445,ES
4993,787151.1232,142010.8095,825.3915,ES
4994,787132.2407,141994.5742,825.4264,ES
4995,787113.4729,141978.1128,825.4481,ES
4996,787094.8137,141961.6203,825.5134,ES
4997,787076.2953,141945.0009,825.5815,ES
4998,787057.9978,141928.0814,825.6178,ES
4999,787039.8248,141911.0460,825.6924,ES
5000,787021.8690,141893.8414,825.7631,ES
5001,787004.1870,141876.3668,825.8340,ES
5002,786986.7882,141858.6216,825.8691,ES
5003,786969.6017,141840.5779,825.8764,ES
5004,786952.5268,141822.3519,825.8809,ES
5005,786935.6861,141803.9731,825.9268,ES
5006,786918.7812,141785.6440,825.9716,ES
5007,786902.1263,141767.1839,826.1337,ES
5008,786885.5723,141748.5903,826.2269,ES
5009,786837.4924,141691.4670,826.6348,ES
5010,786822.0515,141671.9088,826.7810,ES
5011,786806.6901,141652.2662,826.8007,ES
5012,786791.6391,141632.4418,826.8594,ES
5013,786776.8214,141612.4565,826.8800,ES
5014,786762.1750,141592.2847,826.9410,ES
5015,786733.5781,141551.4560,826.8543,ES
5016,786719.5501,141530.8688,826.8209,ES
5017,786692.3477,141489.1557,826.8827,ES
5018,786679.0521,141468.0726,826.9086,ES
5019,786666.0634,141446.7946,826.9298,ES
5020,786653.2578,141425.4628,826.9367,ES
5021,786628.1836,141382.3205,827.0757,ES
5022,786615.9028,141360.5709,827.2591,ES
5023,786603.5254,141338.9373,827.3790,ES
5024,786591.2548,141317.2324,827.4529,ES
5025,786579.2609,141295.3479,827.5605,ES
5026,786567.5212,141273.3296,827.5857,ES
5027,786556.0471,141251.1201,827.6354,ES
5028,786544.5519,141228.9426,827.6785,ES
5029,786533.0556,141206.6913,827.7186,ES
5030,786521.5368,141184.4657,827.7400,ES
5031,786510.0106,141162.2950,827.7829,ES
5032,786498.3660,141140.1448,827.7701,ES
5033,786473.9162,141096.4668,827.7813,ES
5034,786461.6933,141074.5987,827.8045,ES
5035,786449.3761,141052.7827,827.8471,ES
5036,786437.0982,141030.9617,827.8574,ES
5037,786424.8252,141009.1855,827.8556,ES
5038,786412.5689,140987.4177,827.8485,ES
5039,786400.2048,140965.6823,827.8516,ES
5040,786387.9532,140943.9006,827.8337,ES
5041,786375.6923,140922.1036,827.8521,ES
5042,786363.4076,140900.3176,827.8913,ES
5043,786338.8310,140856.7498,827.9834,ES
5044,786326.5242,140834.9797,828.0669,ES
5045,786314.2631,140813.2244,828.1912,ES
5046,786301.9018,140791.5243,828.2466,ES
5047,786289.4314,140769.8439,828.3757,ES
5048,786276.8754,140748.2128,828.4508,ES
5049,786264.3024,140726.5831,828.5633,ES
5050,786251.9390,140704.8442,828.6605,ES
5051,786239.5891,140683.1019,828.7497,ES
5052,786227.3389,140661.3161,828.7896,ES
5053,786215.0761,140639.5500,828.8562,ES
5054,786202.8247,140617.8085,828.8977,ES
5055,786190.5617,140596.0279,828.8984,ES
5056,786178.3457,140574.1907,828.9661,ES
5057,786166.0877,140552.4148,829.0208,ES
5058,786141.6104,140508.7966,829.0576,ES
5059,786129.3530,140487.0027,829.0476,ES
5060,786117.1426,140465.2067,829.0751,ES
5061,786104.8949,140443.4384,829.0763,ES
5062,786092.6717,140421.6314,829.1451,ES
5063,786080.3852,140399.8465,829.1425,ES
5064,786068.1181,140378.0491,829.1393,ES
5065,786055.9195,140356.2243,829.1532,ES
5066,786043.7209,140334.4150,829.2135,ES
5067,786031.4823,140312.6355,829.2699,ES
5068,786019.2619,140290.8092,829.3085,ES
5069,786007.0356,140268.9783,829.3620,ES
5070,785994.7681,140247.1800,829.3722,ES
5071,785982.5059,140225.4164,829.3710,ES
5072,785970.2523,140203.6313,829.3239,ES
5073,785958.0324,140181.8178,829.3086,ES
5074,785945.8749,140159.9941,829.2704,ES
5075,785933.6025,140138.2186,829.2027,ES
5076,785921.3772,140116.4157,829.1227,ES
5077,785909.1276,140094.6038,829.1233,ES
5078,785896.9147,140072.7615,829.1061,ES
5079,785884.6534,140050.9876,829.0603,ES
5080,785872.4534,140029.1696,828.9800,ES
5081,785860.2481,140007.3536,828.8912,ES
5082,785847.9728,139985.5704,828.9288,ES
5083,785835.7022,139963.7910,828.8640,ES
5084,785823.5039,139941.9611,828.8157,ES
5085,785811.2617,139920.1792,828.7099,ES
5086,785799.0443,139898.3874,828.6386,ES
5087,785786.8269,139876.6057,828.5963,ES
5088,785774.5969,139854.8131,828.4851,ES
5089,785762.3604,139833.0291,828.4568,ES
5090,785750.0861,139811.2528,828.4577,ES
5091,785737.8506,139789.4356,828.4111,ES
5092,785725.5645,139767.6440,828.3514,ES
5093,785713.3918,139745.7954,828.2629,ES
5094,785701.1625,139723.9770,828.2449,ES
5095,785688.9269,139702.1753,828.2033,ES
5096,785676.7096,139680.3815,828.0637,ES
5097,785664.4955,139658.5984,828.0565,ES
5098,785652.2431,139636.8137,828.0259,ES
5099,785640.0106,139615.0133,827.9787,ES
5100,785627.8060,139593.1839,827.8780,ES
5101,785603.2326,139549.6105,827.6853,ES
5102,785591.0705,139527.7805,827.6641,ES
5103,785578.8030,139506.0125,827.6036,ES
5104,785566.5777,139484.2004,827.5593,ES
5105,785554.3368,139462.3961,827.5088,ES
5106,785542.0815,139440.6098,827.4525,ES
5107,785529.8879,139418.7843,827.3978,ES
5108,785517.6163,139396.9946,827.2918,ES
5109,785505.3940,139375.1962,827.1830,ES
5110,785493.1818,139353.3782,827.2162,ES
5111,785480.9595,139331.5727,827.2204,ES
5112,785468.6842,139309.7790,827.1751,ES
5113,785456.4631,139287.9719,827.1381,ES
5114,785444.2150,139266.1810,827.0582,ES
5115,785431.9835,139244.3812,827.0422,ES
5116,785419.7359,139222.5739,827.0298,ES
5117,785407.5081,139200.7816,826.9474,ES
5118,785395.2487,139179.0013,826.8209,ES
5119,785370.8682,139135.3493,826.5987,ES
5120,785358.8561,139113.4147,826.4171,ES
5121,785346.8035,139091.4935,826.3654,ES
5122,785322.7791,139047.6557,826.2814,ES
5123,785310.7292,139025.7539,826.2941,ES
5124,785298.6788,139003.8502,826.2595,ES
5125,785286.9755,138981.7532,826.2284,ES
5126,785274.6258,138960.0259,826.1525,ES
5127,785262.5832,138938.1148,826.0327,ES
5128,785250.5132,138916.2197,825.9664,ES
5129,785238.4912,138894.3030,825.9055,ES
5130,785226.5328,138872.3399,825.8837,ES
5131,785214.5491,138850.3862,825.7601,ES
5132,785202.1880,138828.6298,825.6778,ES
5133,785189.9607,138806.8290,825.6619,ES
5134,785177.7920,138785.0172,825.5719,ES
5135,785165.5059,138763.2402,825.4125,ES
5136,785153.3608,138741.3696,825.3178,ES
5137,785136.4014,138711.2683,825.3622,ES
5138,785128.8821,138697.7659,825.3045,ES
5139,785116.5867,138676.0110,825.2476,ES
5140,785104.3617,138654.2071,825.2167,ES
5141,785092.0588,138632.4372,825.1504,ES
5142,785079.7769,138610.6560,825.1109,ES
5143,785067.5160,138588.8815,825.0257,ES
5144,785055.2017,138567.1060,824.9999,ES
5145,785042.9450,138545.2968,824.9355,ES
5146,785030.6706,138523.5117,824.8485,ES
5147,785018.3831,138501.7443,824.8280,ES
5148,785006.0864,138479.9906,824.7598,ES
5149,784993.8327,138458.2150,824.7079,ES
5150,784981.5226,138436.4478,824.6434,ES
5151,784969.3102,138414.6276,824.5940,ES
5152,784956.9999,138392.8816,824.5784,ES
5153,784944.6975,138371.1238,824.5013,ES
5154,784932.4428,138349.3317,824.4186,ES
5155,784920.1622,138327.5433,824.3751,ES
5156,784907.9024,138305.7548,824.3316,ES
5157,784895.6293,138283.9837,824.3263,ES
5158,784883.3379,138262.2088,824.2366,ES
5159,784871.0616,138240.4461,824.1907,ES
5160,784858.7562,138218.6958,824.1092,ES
5161,784849.4265,138202.1441,824.0751,ES
5162,784846.5122,138196.8961,823.9937,ES
5163,784834.1962,138175.1299,823.9569,ES
5164,784832.7836,138172.5689,823.9847,ES
5165,784821.9418,138153.3322,823.9334,ES
5166,784809.6261,138131.5676,823.9476,ES
5167,784797.3313,138109.8026,823.9000,ES
5168,784785.0923,138088.0090,823.8419,ES
5169,784772.8042,138066.2390,823.7986,ES
5170,784760.5342,138044.4561,823.7538,ES
5171,784748.2650,138022.6714,823.6886,ES
5172,784735.9851,138000.9028,823.6257,ES
5173,784723.7029,137979.1313,823.5905,ES
5174,784711.3952,137957.3691,823.5375,ES
5175,784699.1242,137935.5838,823.4853,ES
5176,784686.8317,137913.8185,823.4626,ES
5177,784674.5661,137892.0291,823.3567,ES
5178,784662.2865,137870.2497,823.3588,ES
5179,784661.5024,137868.8610,823.3556,ES
5180,784650.0253,137848.4645,823.2393,ES
5181,784637.7838,137826.6647,823.2047,ES
5182,784625.4909,137804.8970,823.1670,ES
5183,784613.2077,137783.1191,823.0954,ES
5184,784600.9437,137761.3400,823.0392,ES
5185,784588.6377,137739.5861,823.0294,ES
5186,784576.3935,137717.7798,822.9395,ES
5187,784564.1201,137696.0029,822.8943,ES
5188,784551.8583,137674.1999,822.8442,ES
5189,784539.5539,137652.4466,822.7943,ES
5190,784527.3029,137630.6505,822.7176,ES
5191,784515.0023,137608.8877,822.6719,ES
5192,784503.8112,137589.0312,822.6088,ES
5193,784502.7024,137587.1279,822.5208,ES
5194,784490.4632,137565.3254,822.5060,ES
5195,784486.9540,137559.0537,822.5548,ES
5196,784478.2231,137543.5363,822.4752,ES
5197,784465.9184,137521.7908,822.4310,ES
5198,784453.6546,137500.0013,822.3292,ES
5199,784441.4028,137478.2029,822.2058,ES
5200,784429.1132,137456.4328,822.1643,ES
5201,784416.8435,137434.6416,821.9883,ES
5202,784404.5805,137412.8638,821.9534,ES
5203,784392.3330,137391.0763,821.8711,ES
5204,784380.0157,137369.3285,821.8196,ES
5205,784367.7567,137347.5261,821.7409,ES
5206,784355.4630,137325.7490,821.6442,ES
5207,784343.0638,137304.0460,821.6210,ES
5208,784339.5559,137297.6979,821.5990,ES
5209,784330.8824,137282.2174,821.5328,ES
5210,784320.9248,137264.6100,821.4851,ES
5211,784318.6086,137260.4322,821.4643,ES
5212,784306.3309,137238.6594,821.4000,ES
5213,784294.0350,137216.8914,821.3292,ES
5214,784281.7901,137195.0987,821.2285,ES
5215,784269.4869,137173.3309,821.1046,ES
5216,784257.1839,137151.5610,820.9803,ES
5217,784244.9076,137129.7692,820.8944,ES
5218,784232.6354,137107.9883,820.7949,ES
5219,784220.3760,137086.2215,820.6582,ES
5220,784208.0537,137064.4793,820.5207,ES
5221,784195.7644,137042.7229,820.4283,ES
5222,784183.5130,137020.9285,820.3054,ES
5223,784173.9288,137003.9724,820.2067,ES
5224,784171.2525,136999.1300,820.1964,ES
5225,784158.8824,136977.3903,820.0656,ES
5226,784146.6369,136955.6030,819.9262,ES
5227,784134.3722,136933.8232,819.7964,ES
5228,784122.0836,136912.0426,819.7392,ES
5229,784109.8069,136890.2581,819.6349,ES
5230,784097.5577,136868.4672,819.5319,ES
5231,784084.8836,136846.0236,819.3423,ES
5232,784073.0519,136824.8943,819.1822,ES,E
5233,796969.8406,144690.6641,830.3190,ES,B
5234,796952.9136,144680.1623,830.2769,ES,E
5235,796983.4074,144634.7174,830.1272,ES,B
5236,796977.9417,144631.3095,830.1046,ES,E
5237,796993.1391,144620.3961,829.9315,ES,B
5238,796980.3119,144612.4112,829.8879,ES,E
5239,797022.0001,144571.6559,830.2080,ES,B
5240,797006.7882,144562.5512,830.1583,ES,E
5241,788866.3043,142596.6143,828.5250,ES,B
5242,788878.5320,142597.9963,828.5091,ES,E
5243,812888.6275,151200.3783,848.5489,LL,B
5244,812863.6299,151200.6644,848.7331,LL
5245,812838.6322,151200.9620,848.9031,LL
5246,812813.6353,151201.3109,849.0868,LL
5247,812788.6381,151201.6350,849.2711,LL
5248,812763.6407,151201.9575,849.4285,LL
5249,812738.6431,151202.2638,849.5823,LL
5250,812713.6462,151202.6229,849.7381,LL
5251,812688.6491,151202.9679,849.8942,LL
5252,812663.6517,151203.3047,850.0238,LL
5253,812638.6536,151203.5925,850.1426,LL
5254,812613.6569,151203.9738,850.2587,LL
5255,812588.6606,151204.3857,850.3731,LL
5256,812563.6642,151204.7994,850.4821,LL
5257,812538.6670,151205.1584,850.5751,LL
5258,812513.6695,151205.5059,850.6463,LL
5259,812488.6715,151205.8171,850.6917,LL
5260,812463.6740,151206.1671,850.6578,LL
5261,812438.6771,151206.5362,850.7972,LL
5262,812413.6796,151206.8886,850.8184,LL
5263,812388.6816,151207.2062,850.8294,LL
5264,812363.6840,151207.5510,850.8351,LL
5265,812338.6869,151207.9317,850.8449,LL
5266,812313.6895,151208.2893,850.8414,LL
5267,812288.6918,151208.6263,850.8534,LL
5268,812263.6941,151208.9623,850.8342,LL
5269,812238.6965,151209.3123,850.8017,LL
5270,812213.6989,151209.6554,850.7716,LL
5271,812188.7008,151209.9554,850.7253,LL
5272,812163.7043,151210.3693,850.6703,LL
5273,812138.7075,151210.7656,850.6247,LL
5274,812113.7102,151211.1263,850.5802,LL
5275,812088.7125,151211.4585,850.5225,LL
5276,812063.7150,151211.8095,850.4727,LL
5277,812038.7176,151212.1646,850.4041,LL
5278,812013.7208,151212.5574,850.3448,LL
5279,811988.7238,151212.9410,850.2964,LL
5280,811963.7258,151213.2549,850.2249,LL
5281,811938.7275,151213.5366,850.1541,LL
5282,811913.7289,151213.7933,850.0922,LL
5283,811888.7306,151214.0804,850.0473,LL
5284,811863.7323,151214.3625,849.9869,LL
5285,811838.7339,151214.6425,849.9352,LL
5286,811813.7363,151214.9778,849.8787,LL
5287,811788.7389,151215.3386,849.8276,LL
5288,811763.7425,151215.7532,849.7636,LL
5289,811738.7458,151216.1575,849.7062,LL
5290,811713.7484,151216.5086,849.6485,LL
5291,811688.7509,151216.8581,849.5804,LL
5292,811663.7531,151217.1819,849.5143,LL
5293,811638.7554,151217.5090,849.4423,LL
5294,811613.7591,151217.9346,849.3955,LL
5295,811588.7624,151218.3405,849.3383,LL
5296,811563.7651,151218.7008,849.2640,LL
5297,811538.7681,151219.0806,849.1886,LL
5298,811513.7706,151219.4108,849.1212,LL
5299,811488.7733,151219.7776,849.0737,LL
5300,811463.7753,151220.0883,849.0301,LL
5301,811438.7769,151220.3627,848.9826,LL
5302,811413.7788,151220.6575,848.9154,LL
5303,811388.7803,151220.9223,848.8421,LL
5304,811363.7826,151221.2567,848.7736,LL
5305,811338.7857,151221.6423,848.7004,LL
5306,811313.7869,151221.8692,848.5945,LL
5307,811288.7896,151222.2213,848.5291,LL
5308,811263.7933,151222.6422,848.4706,LL
5309,811238.7974,151223.0871,848.4403,LL
5310,811213.7997,151223.4148,848.3728,LL
5311,811188.8012,151223.6812,848.3039,LL
5312,811163.8025,151223.9157,848.2286,LL
5313,811138.8063,151224.3456,848.1669,LL
5314,811113.8116,151224.8238,848.1106,LL
5315,811088.8218,151224.3534,848.0179,LL
5316,811063.8365,151223.5091,847.9220,LL
5317,811038.8448,151222.8709,847.8301,LL
5318,811013.8559,151222.1338,847.7353,LL
5319,810988.8648,151221.4789,847.6496,LL
5320,810963.8721,151220.8844,847.5423,LL
5321,810938.8803,151220.2523,847.4396,LL
5322,810913.8896,151219.5828,847.3283,LL
5323,810888.9003,151218.8639,847.2102,LL
5324,810863.9077,151218.2638,847.1259,LL
5325,810838.9157,151217.6391,847.0882,LL
5326,810813.9212,151217.1486,847.0190,LL
5327,810788.9217,151217.0990,846.9573,LL
5328,810763.9232,151217.2872,846.8778,LL
5329,810738.9250,151217.5738,846.8141,LL
5330,810713.9283,151217.9602,846.7773,LL
5331,810699.4907,151217.8744,846.7230,LL,E
5332,812893.3340,151236.3762,848.2891,LL,B
5333,812868.3368,151236.6936,848.4803,LL
5334,812843.3397,151237.0247,848.6713,LL
5335,812818.3424,151237.3396,848.8453,LL
5336,812793.3453,151237.6755,849.0304,LL
5337,812768.3491,151238.0669,849.2118,LL
5338,812743.3516,151238.3840,849.3745,LL
5339,812718.3544,151238.7218,849.5378,LL
5340,812693.3567,151239.0231,849.6893,LL
5341,812668.3590,151239.3319,849.8321,LL
5342,812643.3618,151239.6803,849.9444,LL
5343,812618.3644,151240.0217,850.0754,LL
5344,812593.3673,151240.3759,850.1890,LL
5345,812568.3703,151240.7535,850.2896,LL
5346,812543.3735,151241.1428,850.3667,LL
5347,812518.3765,151241.5206,850.4445,LL
5348,812493.3798,151241.9183,850.5127,LL
5349,812468.3824,151242.2733,850.5729,LL
5350,812443.3847,151242.6115,850.5967,LL
5351,812418.3870,151242.9512,850.6226,LL
5352,812393.3898,151243.3246,850.6467,LL
5353,812368.3929,151243.7189,850.6433,LL
5354,812343.3953,151244.0615,850.6469,LL
5355,812318.3974,151244.3835,850.6551,LL
5356,812293.4002,151244.7556,850.6670,LL
5357,812268.4040,151245.1886,850.6511,LL
5358,812243.4070,151245.5723,850.6274,LL
5359,812218.4100,151245.9596,850.5718,LL
5360,812193.4130,151246.3391,850.5351,LL
5361,812168.4157,151246.7034,850.4779,LL
5362,812143.4176,151247.0107,850.4217,LL
5363,812118.4199,151247.3382,850.3605,LL
5364,812093.4223,151247.6792,850.2900,LL
5365,812068.4241,151247.9714,850.2407,LL
5366,812043.4263,151248.2979,850.1980,LL
5367,812018.4284,151248.6190,850.1336,LL
5368,811993.4302,151248.9091,850.0745,LL
5369,811968.4332,151249.2941,850.0150,LL
5370,811943.4363,151249.6780,849.9515,LL
5371,811918.4385,151250.0069,849.9106,LL
5372,811893.4406,151250.3312,849.8576,LL
5373,811868.4427,151250.6464,849.7906,LL
5374,811843.4450,151250.9825,849.7412,LL
5375,811818.4465,151251.2491,849.6975,LL
5376,811793.4484,151251.5455,849.6336,LL
5377,811768.4506,151251.8710,849.5678,LL
5378,811743.4523,151252.1569,849.5069,LL
5379,811718.4540,151252.4406,849.4472,LL
5380,811693.4556,151252.7236,849.4001,LL
5381,811668.4574,151253.0087,849.3417,LL
5382,811643.4607,151253.4148,849.2887,LL
5383,811618.4638,151253.8039,849.2313,LL
5384,811593.4668,151254.1786,849.1413,LL
5385,811568.4701,151254.5736,849.0789,LL
5386,811543.4733,151254.9667,848.9921,LL
5387,811518.4763,151255.3455,848.9166,LL
5388,811493.4789,151255.7023,848.8560,LL
5389,811468.4812,151256.0395,848.8023,LL
5390,811443.4836,151256.3803,848.7608,LL
5391,811418.4864,151256.7496,848.7147,LL
5392,811393.4887,151257.0881,848.6559,LL
5393,811368.4904,151257.3641,848.5825,LL
5394,811343.4923,151257.6718,848.5216,LL
5395,811318.4949,151258.0227,848.4785,LL
5396,811293.4975,151258.3757,848.4065,LL
5397,811268.4994,151258.6764,848.3203,LL
5398,811243.5015,151258.9962,848.2908,LL
5399,811218.5038,151259.3264,848.2557,LL
5400,811193.5058,151259.6477,848.2219,LL
5401,811168.5087,151260.0139,848.1241,LL
5402,811143.5116,151260.3772,848.0118,LL
5403,811118.5150,151260.7762,847.9259,LL
5404,811093.5186,151261.1976,847.8567,LL
5405,811068.5221,151261.6064,847.7836,LL
5406,811043.5252,151261.9975,847.7210,LL
5407,811018.5275,151262.3271,847.6562,LL
5408,810993.5298,151262.6556,847.5923,LL
5409,810968.5319,151262.9753,847.5408,LL
5410,810943.5340,151263.2934,847.4717,LL
5411,810918.5367,151263.6546,847.4124,LL
5412,810893.5395,151264.0206,847.3368,LL
5413,810868.5420,151264.3712,847.2729,LL
5414,810843.5442,151264.6988,847.2115,LL
5415,810818.5459,151264.9854,847.1698,LL
5416,810793.5483,151265.3235,847.1170,LL
5417,810768.5507,151265.6607,847.0448,LL
5418,810743.5533,151266.0199,846.9816,LL
5419,810718.5567,151266.4251,846.9313,LL
5420,810693.5592,151266.7765,846.8825,LL
5421,810668.5612,151267.0876,846.8283,LL
5422,810643.5629,151267.3683,846.7751,LL
5423,810618.5647,151267.6635,846.7124,LL
5424,810593.5671,151268.0078,846.6569,LL
5425,810568.5691,151268.3153,846.5950,LL
5426,810543.5711,151268.6239,846.5512,LL
5427,810518.5726,151268.8999,846.5045,LL
5428,810493.5746,151269.2053,846.4572,LL
5429,810468.5774,151269.5756,846.3997,LL
5430,810443.5802,151269.9416,846.3423,LL
5431,810418.5827,151270.2954,846.2874,LL
5432,810393.5855,151270.6598,846.2276,LL
5433,810368.5884,151271.0330,846.1491,LL
5434,810343.5912,151271.3990,846.0632,LL
5435,810318.5934,151271.7261,845.9989,LL
5436,810293.5953,151272.0257,845.9600,LL
5437,810268.5972,151272.3279,845.9047,LL
5438,810243.5988,151272.6072,845.8375,LL
5439,810218.6007,151272.9054,845.7696,LL
5440,810193.6029,151273.2240,845.6822,LL
5441,810168.6052,151273.5530,845.5893,LL
5442,810143.6074,151273.8724,845.5214,LL
5443,810118.6089,151274.1403,845.4721,LL
5444,810093.6106,151274.4247,845.4243,LL
5445,810068.6123,151274.7175,845.3745,LL
5446,810043.6141,151275.0054,845.3308,LL
5447,810018.6151,151275.2327,845.3002,LL
5448,809993.6160,151275.4432,845.2893,LL
5449,809968.6168,151275.6410,845.2506,LL
5450,809943.6172,151275.7770,845.2222,LL
5451,809918.6174,151275.8650,845.2155,LL
5452,809893.6174,151275.8816,845.2125,LL
5453,809868.6176,151275.7980,845.1829,LL
5454,809843.6180,151275.6625,845.1356,LL
5455,809818.6189,151275.4646,845.0961,LL
5456,809793.6205,151275.1842,845.0567,LL
5457,809768.6236,151274.7911,845.0291,LL
5458,809743.6275,151274.3562,844.9792,LL
5459,809718.6339,151273.7925,844.9366,LL
5460,809693.6424,151273.1430,844.8861,LL
5461,809668.6532,151272.4135,844.8160,LL
5462,809643.6672,151271.5796,844.7409,LL
5463,809618.6833,151270.6868,844.6691,LL
5464,809593.7028,151269.7036,844.5905,LL
5465,809568.7264,151268.6207,844.5154,LL
5466,809543.7558,151267.4128,844.4338,LL
5467,809518.7865,151266.1782,844.3584,LL
5468,809493.8228,151264.8360,844.2674,LL
5469,809468.8613,151263.4519,844.1737,LL
5470,809443.9029,151262.0150,844.0676,LL
5471,809418.9471,151260.5337,843.9516,LL
5472,809393.9947,151258.9951,843.8687,LL
5473,809369.0494,151257.3454,843.7709,LL
5474,809344.1124,151255.5742,843.6912,LL
5475,809319.1810,151253.7254,843.6082,LL
5476,809294.2528,151251.8350,843.5100,LL
5477,809269.3354,151249.8078,843.4027,LL
5478,809244.4223,151247.7285,843.2672,LL
5479,809219.5150,151245.5819,843.1417,LL
5480,809194.6153,151243.3485,843.0085,LL
5481,809169.7249,151241.0138,842.8888,LL
5482,809144.8421,151238.5982,842.7744,LL
5483,809119.9717,151236.0586,842.6789,LL
5484,809095.1097,151233.4377,842.5754,LL
5485,809070.2524,151230.7723,842.4816,LL
5486,809045.3967,151228.0934,842.3473,LL
5487,809020.5474,151225.3553,842.2279,LL
5488,808995.7019,151222.5834,842.1023,LL
5489,808970.8709,151219.6835,842.0022,LL
5490,808946.0549,151216.6584,841.9096,LL
5491,808921.2517,151213.5290,841.8148,LL
5492,808896.4601,151210.3098,841.7184,LL
5493,808871.6771,151207.0248,841.6045,LL
5494,808846.9008,151203.6901,841.4938,LL
5495,808822.1375,151200.2604,841.3701,LL
5496,808797.3870,151196.7395,841.2482,LL
5497,808772.6477,151193.1403,841.1473,LL
5498,808747.9267,151189.4178,841.0362,LL
5499,808723.2222,151185.5871,840.9045,LL
5500,808698.5198,151181.7432,840.7979,LL
5501,808673.8271,151177.8365,840.6924,LL
5502,808649.1423,151173.8804,840.6116,LL
5503,808624.4699,151169.8477,840.5067,LL
5504,808599.7981,151165.8127,840.3863,LL
5505,808575.1574,151161.5915,840.2610,LL
5506,808550.5397,151157.2374,840.1479,LL
5507,808525.9348,151152.8118,840.0414,LL
5508,808501.3386,151148.3383,839.9371,LL
5509,808476.7469,151143.8398,839.8243,LL
5510,808452.1533,151139.3518,839.7143,LL
5511,808427.5807,151134.7519,839.5963,LL
5512,808403.0525,151129.9194,839.4850,LL
5513,808378.5564,151124.9271,839.3706,LL
5514,808354.0702,151119.8857,839.2618,LL
5515,808329.5802,151114.8630,839.1697,LL
5516,808305.1173,151109.7101,839.0708,LL
5517,808280.6631,151104.5151,838.9969,LL
5518,808256.2207,151099.2657,838.8893,LL
5519,808231.7923,151093.9513,838.7903,LL
5520,808207.3851,151088.5409,838.6768,LL
5521,808182.9761,151083.1384,838.5637,LL
5522,808158.5886,151077.6399,838.4478,LL
5523,808134.2304,151072.0129,838.3409,LL
5524,808109.9053,151066.2439,838.2474,LL
5525,808085.6102,151060.3501,838.1416,LL
5526,808061.3335,151054.3812,838.0304,LL
5527,808037.0677,151048.3684,837.9113,LL
5528,808012.8278,151042.2511,837.8180,LL
5529,807988.5957,151036.1031,837.7268,LL
5530,807964.3842,151029.8745,837.6582,LL
5531,807940.1712,151023.6515,837.5976,LL
5532,807915.9568,151017.4341,837.5186,LL
5533,807891.7725,151011.1012,837.4288,LL
5534,807867.6204,151004.6462,837.3336,LL
5535,807843.5009,150998.0703,837.2404,LL
5536,807819.4139,150991.3767,837.1539,LL
5537,807795.3419,150984.6291,837.0644,LL
5538,807771.2995,150977.7767,836.9747,LL
5539,807747.2757,150970.8598,836.8763,LL
5540,807723.2630,150963.9041,836.7681,LL
5541,807699.2759,150956.8610,836.6827,LL
5542,807675.3079,150949.7528,836.5880,LL
5543,807651.3610,150942.5737,836.5195,LL
5544,807627.4378,150935.3158,836.4601,LL
5545,807603.5560,150927.9228,836.4040,LL
5546,807579.7038,150920.4349,836.3457,LL
5547,807555.8496,150912.9538,836.2779,LL
5548,807532.0075,150905.4337,836.2097,LL
5549,807508.1891,150897.8392,836.1500,LL
5550,807484.4197,150890.0927,836.1024,LL
5551,807460.6796,150882.2564,836.0644,LL
5552,807436.9536,150874.3777,836.0203,LL
5553,807413.2592,150866.4046,835.9752,LL
5554,807389.5848,150858.3722,835.9152,LL
5555,807365.9343,150850.2700,835.8419,LL
5556,807342.3128,150842.0835,835.7909,LL
5557,807318.7517,150833.7245,835.7252,LL
5558,807295.2304,150825.2544,835.6865,LL
5559,807271.7371,150816.7069,835.6356,LL
5560,807248.2184,150808.2294,835.5907,LL
5561,807224.6801,150799.8065,835.5365,LL
5562,807201.1809,150791.2754,835.4539,LL
5563,807177.7261,150782.6228,835.3881,LL
5564,807154.2958,150773.9041,835.3264,LL
5565,807130.9110,150765.0644,835.2504,LL
5566,807107.5587,150756.1389,835.1843,LL
5567,807084.2207,150747.1761,835.1251,LL
5568,807060.9166,150738.1255,835.0597,LL
5569,807037.6489,150728.9818,834.9958,LL
5570,807014.4014,150719.7867,834.9361,LL
5571,806991.1638,150710.5667,834.8698,LL
5572,806967.9471,150701.2942,834.7979,LL
5573,806944.7924,150691.8681,834.7327,LL
5574,806921.7024,150682.2844,834.6657,LL
5575,806898.6629,150672.5799,834.6176,LL
5576,806875.6395,150662.8371,834.5775,LL
5577,806852.6112,150653.1063,834.5009,LL
5578,806829.5804,150643.3810,834.4487,LL
5579,806806.5759,150633.5936,834.4346,LL
5580,806783.6199,150623.6934,834.4125,LL
5581,806760.7070,150613.6936,834.3607,LL
5582,806737.8244,150603.6249,834.2872,LL
5583,806714.9846,150593.4593,834.2055,LL
5584,806692.1945,150583.1831,834.1291,LL
5585,806669.4392,150572.8300,834.0442,LL
5586,806646.7185,150562.4011,833.9587,LL
5587,806624.0722,150551.8117,833.8816,LL
5588,806601.4536,150541.1632,833.8086,LL
5589,806578.8798,150530.4203,833.7158,LL
5590,806556.3537,150519.5774,833.6106,LL
5591,806533.8208,150508.7488,833.5254,LL
5592,806511.2952,150497.9050,833.4288,LL
5593,806488.8076,150486.9828,833.3305,LL
5594,806466.3466,150476.0059,833.2208,LL
5595,806443.9453,150464.9076,833.1582,LL
5596,806421.5839,150453.7288,833.0884,LL
5597,806399.2535,150442.4883,833.0237,LL
5598,806376.9499,150431.1949,832.9553,LL
5599,806354.6636,150419.8672,832.8730,LL
5600,806332.3990,150408.4972,832.7785,LL
5601,806310.1914,150397.0166,832.6549,LL
5602,806288.0071,150385.4909,832.5239,LL
5603,806265.8549,150373.9040,832.3890,LL
5604,806243.7600,150362.2081,832.2342,LL
5605,806221.7113,150350.4254,832.0926,LL
5606,806199.6630,150338.6421,831.9505,LL
5607,806177.6921,150326.7148,831.8115,LL
5608,806155.7931,150314.6560,831.6948,LL
5609,806133.9467,150302.5021,831.5652,LL
5610,806112.1173,150290.3179,831.4163,LL
5611,806090.3083,150278.0974,831.2636,LL
5612,806068.5586,150265.7714,831.1220,LL
5613,806046.8390,150253.3927,830.9665,LL
5614,806025.1318,150240.9921,830.8183,LL
5615,806003.4573,150228.5341,830.6996,LL
5616,805981.8366,150215.9832,830.5707,LL
5617,805960.2674,150203.3440,830.4367,LL
5618,805938.7226,150190.6633,830.2964,LL
5619,805917.2435,150177.8716,830.1569,LL
5620,805895.7852,150165.0450,830.0208,LL
5621,805874.3437,150152.1905,829.8673,LL
5622,805852.9177,150139.3102,829.7069,LL
5623,805831.5215,150126.3807,829.5475,LL
5624,805810.1557,150113.4006,829.3947,LL
5625,805788.8316,150100.3522,829.2610,LL
5626,805767.5700,150087.2020,829.1259,LL
5627,805746.3466,150073.9905,828.9823,LL
5628,805725.1177,150060.7879,828.8302,LL
5629,805703.8746,150047.6079,828.6935,LL
5630,805682.6678,150034.3695,828.5739,LL
5631,805661.4801,150021.1006,828.4453,LL
5632,805640.3244,150007.7808,828.3015,LL
5633,805619.1368,149994.5118,828.1615,LL
5634,805597.9371,149981.2623,828.0115,LL
5635,805576.7285,149968.0272,827.8503,LL
5636,805555.5071,149954.8127,827.6823,LL
5637,805534.3008,149941.5738,827.5212,LL
5638,805513.0905,149928.3410,827.4117,LL
5639,805491.8768,149915.1132,827.3188,LL
5640,805470.6720,149901.8713,827.2430,LL
5641,805449.4681,149888.6279,827.1541,LL
5642,805428.2668,149875.3805,827.0643,LL
5643,805407.0564,149862.1476,826.9750,LL
5644,805385.8296,149848.9411,826.8703,LL
5645,805364.6017,149835.7365,826.7446,LL
5646,805343.3612,149822.5522,826.6220,LL
5647,805322.1507,149809.3196,826.5235,LL
5648,805300.9444,149796.0802,826.4153,LL
5649,805279.7595,149782.8067,826.2918,LL
5650,805258.5525,149769.5684,826.1976,LL
5651,805237.3424,149756.3348,826.1240,LL
5652,805216.1233,149743.1157,826.0488,LL
5653,805194.9114,149729.8852,825.9629,LL
5654,805173.7350,149716.5981,825.8676,LL
5655,805152.5523,149703.3208,825.7812,LL
5656,805141.3599,149696.2860,825.7405,LL,E
5657,812878.1149,151348.2092,848.7521,LL,B
5658,812853.1174,151347.9123,848.9449,LL
5659,812828.1196,151347.6289,849.1217,LL
5660,812803.1222,151347.3091,849.2835,LL
5661,812778.1241,151347.0514,849.4430,LL
5662,812753.1259,151346.7921,849.6027,LL
5663,812728.1277,151346.5384,849.7521,LL
5664,812703.1291,151346.3112,849.8973,LL
5665,812678.1306,151346.0694,850.0141,LL
5666,812653.1323,151345.8029,850.1345,LL
5667,812628.1347,151345.4895,850.2607,LL
5668,812603.1367,151345.1909,850.3706,LL
5669,812578.1395,151344.8374,850.4808,LL
5670,812553.1425,151344.4644,850.5711,LL
5671,812528.1457,151344.0698,850.6354,LL
5672,812503.1481,151343.7214,850.6881,LL
5673,812478.1502,151343.4069,850.7414,LL
5674,812453.1516,151343.1506,850.8019,LL
5675,812428.1533,151342.8636,850.8435,LL
5676,812403.1545,151342.6225,850.8940,LL
5677,812378.1562,151342.3390,850.9012,LL
5678,812353.1576,151342.0683,850.8997,LL
5679,812328.1593,151341.7840,850.8875,LL
5680,812303.1606,151341.5284,850.8787,LL
5681,812278.1622,151341.2498,850.8543,LL
5682,812253.1643,151340.9282,850.8227,LL
5683,812228.1657,151340.6657,850.7670,LL
5684,812203.1674,151340.3850,850.7158,LL
5685,812178.1693,151340.0773,850.6561,LL
5686,812153.1718,151339.7343,850.5976,LL
5687,812128.1744,151339.3809,850.5450,LL
5688,812103.1768,151339.0406,850.4861,LL
5689,812078.1784,151338.7659,850.4435,LL
5690,812053.1795,151338.5380,850.3848,LL
5691,812028.1804,151338.3254,850.3286,LL
5692,812003.1816,151338.0909,850.2610,LL
5693,811978.1834,151337.7999,850.1963,LL
5694,811953.1856,151337.4837,850.1234,LL
5695,811928.1885,151337.1087,850.0534,LL
5696,811903.1916,151336.7211,849.9947,LL
5697,811878.1939,151336.3890,849.9419,LL
5698,811853.1961,151336.0653,849.8827,LL
5699,811828.1978,151335.7863,849.8230,LL
5700,811803.1995,151335.4970,849.7565,LL
5701,811778.2004,151335.2932,849.7191,LL
5702,811753.2020,151335.0227,849.6681,LL
5703,811728.2034,151334.7629,849.6050,LL
5704,811703.2054,151334.4605,849.5363,LL
5705,811678.2071,151334.1696,849.4707,LL
5706,811653.2086,151333.9155,849.3991,LL
5707,811628.2102,151333.6432,849.3226,LL
5708,811603.2119,151333.3591,849.2666,LL
5709,811578.2133,151333.0917,849.2293,LL
5710,811553.2148,151332.8322,849.1717,LL
5711,811528.2166,151332.5390,849.1019,LL
5712,811503.2187,151332.2216,849.0356,LL
5713,811478.2211,151331.8850,848.9666,LL
5714,811453.2228,151331.6009,848.8974,LL
5715,811428.2239,151331.3754,848.8282,LL
5716,811403.2255,151331.1029,848.7561,LL
5717,811378.2270,151330.8424,848.6986,LL
5718,811353.2288,151330.5478,848.6267,LL
5719,811328.2308,151330.2385,848.5736,LL
5720,811303.2325,151329.9476,848.5234,LL
5721,811278.2340,151329.6792,848.4711,LL
5722,811253.2356,151329.4109,848.4084,LL
5723,811228.2374,151329.1132,848.3682,LL
5724,811203.2392,151328.8163,848.3327,LL
5725,811178.2413,151328.4946,848.2905,LL
5726,811153.2431,151328.1955,848.2376,LL
5727,811128.2449,151327.9052,848.1792,LL
5728,811103.2463,151327.6464,848.1095,LL
5729,811078.2477,151327.3897,848.0565,LL
5730,811053.2495,151327.1023,847.9948,LL
5731,811028.2516,151326.7808,847.9341,LL
5732,811003.2536,151326.4679,847.8980,LL
5733,810978.2559,151326.1406,847.8380,LL
5734,810953.2582,151325.8064,847.7562,LL
5735,810928.2604,151325.4903,847.6673,LL
5736,810903.2622,151325.2085,847.5844,LL
5737,810878.2635,151324.9579,847.5200,LL
5738,810853.2652,151324.6800,847.4414,LL
5739,810828.2666,151324.4297,847.3596,LL
5740,810803.2678,151324.1952,847.2719,LL
5741,810778.2695,151323.9140,847.2008,LL
5742,810753.2717,151323.5885,847.1439,LL
5743,810728.2735,151323.2954,847.0817,LL
5744,810703.2756,151322.9803,847.0217,LL
5745,810678.2774,151322.6893,846.9414,LL
5746,810653.2792,151322.4051,846.8737,LL
5747,810628.2810,151322.1101,846.8169,LL
5748,810603.2823,151321.8567,846.7880,LL
5749,810578.2835,151321.6175,846.7353,LL
5750,810553.2845,151321.4052,846.6872,LL
5751,810528.2858,151321.1553,846.6251,LL
5752,810503.2873,151320.8959,846.5433,LL
5753,810478.2895,151320.5678,846.4806,LL
5754,810453.2911,151320.2969,846.4119,LL
5755,810428.2931,151319.9944,846.3415,LL
5756,810403.2951,151319.6840,846.2871,LL
5757,810378.2972,151319.3624,846.2358,LL
5758,810353.2991,151319.0535,846.2036,LL
5759,810328.3011,151318.7466,846.1483,LL
5760,810303.3028,151318.4612,846.0940,LL
5761,810278.3036,151318.2664,846.0217,LL
5762,810253.3056,151317.9622,845.9483,LL
5763,810228.3073,151317.6791,845.8928,LL
5764,810203.3089,151317.4034,845.8377,LL
5765,810178.3109,151317.1007,845.7634,LL
5766,810153.3134,151316.7513,845.6981,LL
5767,810128.3156,151316.4204,845.6951,LL
5768,810103.3175,151316.1177,845.6643,LL
5769,810078.3191,151315.8335,845.6168,LL
5770,810053.3206,151315.5720,845.5391,LL
5771,810028.3225,151315.2787,845.4555,LL
5772,810003.3248,151314.9545,845.3573,LL
5773,809978.3275,151314.6008,845.2713,LL
5774,809953.3308,151314.2043,845.1860,LL
5775,809928.3335,151313.8452,845.1009,LL
5776,809903.3356,151313.5359,845.0056,LL
5777,809878.3388,151313.1478,844.9220,LL
5778,809853.3419,151312.7598,844.8664,LL
5779,809828.3454,151312.3422,844.8184,LL
5780,809803.3498,151311.8776,844.7692,LL
5781,809778.3552,151311.3641,844.7147,LL
5782,809753.3631,151310.7375,844.6552,LL
5783,809728.3721,151310.0708,844.5982,LL
5784,809703.3799,151309.4488,844.5276,LL
5785,809678.3870,151308.8574,844.4488,LL
5786,809653.3947,151308.2445,844.3809,LL
5787,809628.4045,151307.5502,844.2923,LL
5788,809603.4193,151306.6970,844.1960,LL
5789,809578.4380,151305.7327,844.1168,LL
5790,809553.4603,151304.6820,844.0307,LL
5791,809528.4872,151303.5257,843.9386,LL
5792,809503.5208,151302.2355,843.8479,LL
5793,809478.5592,151300.8529,843.7541,LL
5794,809453.5986,151299.4531,843.6682,LL
5795,809428.6417,151297.9893,843.5585,LL
5796,809403.6918,151296.4123,843.4385,LL
5797,809378.7442,151294.7981,843.3414,LL
5798,809353.8027,151293.0911,843.2490,LL
5799,809328.8654,151291.3246,843.1600,LL
5800,809303.9337,151289.4796,843.0597,LL
5801,809279.0076,151287.5627,842.9497,LL
5802,809254.0883,151285.5583,842.8449,LL
5803,809229.1763,151283.4673,842.7339,LL
5804,809204.2813,151281.1813,842.6112,LL
5805,809179.3891,151278.8656,842.5052,LL
5806,809154.4969,151276.5487,842.4017,LL
5807,809129.6092,151274.1842,842.2962,LL
5808,809104.7296,151271.7361,842.1875,LL
5809,809079.8673,151269.1196,842.0772,LL
5810,809055.0199,151266.3632,841.9700,LL
5811,809030.1830,151263.5153,841.8594,LL
5812,809005.3509,151260.6247,841.7444,LL
5813,808980.5243,151257.6878,841.6228,LL
5814,808955.6887,151254.8282,841.5177,LL
5815,808930.8666,151251.8537,841.4164,LL
5816,808906.0647,151248.7146,841.2985,LL
5817,808881.2868,151245.3927,841.1793,LL
5818,808856.5193,151241.9932,841.0511,LL
5819,808831.7589,151238.5426,840.9313,LL
5820,808807.0120,151234.9968,840.8133,LL
5821,808782.2807,151231.3443,840.6554,LL
5822,808757.5580,151227.6331,840.5585,LL
5823,808732.8439,151223.8651,840.4469,LL
5824,808708.1502,151219.9650,840.3442,LL
5825,808683.4699,151215.9808,840.2481,LL
5826,808658.7835,151212.0343,840.1641,LL
5827,808634.1023,151208.0563,840.0510,LL
5828,808609.4241,151204.0601,839.9348,LL
5829,808584.7518,151200.0272,839.8054,LL
5830,808560.1007,151195.8682,839.6532,LL
5831,808535.4708,151191.5849,839.5214,LL
5832,808510.8552,151187.2200,839.3800,LL
5833,808486.2326,151182.8946,839.2531,LL
5834,808461.6396,151178.4033,839.1592,LL
5835,808437.0681,151173.7957,839.0546,LL
5836,808412.5110,151169.1120,838.9515,LL
5837,808387.9717,151164.3354,838.8550,LL
5838,808363.4498,151159.4712,838.7333,LL
5839,808338.9468,151154.5126,838.6282,LL
5840,808314.4640,151149.4551,838.5222,LL
5841,808290.0052,151144.2826,838.4176,LL
5842,808265.5803,151138.9527,838.3141,LL
5843,808241.1643,151133.5816,838.2195,LL
5844,808216.7530,151128.1892,838.1203,LL
5845,808192.3425,151122.7930,838.0329,LL
5846,808167.9391,151117.3651,837.9296,LL
5847,808143.5575,151111.8405,837.8032,LL
5848,808119.2022,151106.2009,837.6975,LL
5849,808094.8662,151100.4782,837.5968,LL
5850,808070.5579,151094.6392,837.4865,LL
5851,808046.2691,151088.7193,837.3924,LL
5852,808022.0096,151082.6806,837.3163,LL
5853,807997.7639,151076.5861,837.2249,LL
5854,807973.5434,151070.3927,837.1449,LL
5855,807949.3405,151064.1306,837.0644,LL
5856,807925.1492,151057.8238,836.9917,LL
5857,807900.9589,151051.5136,836.9076,LL
5858,807876.7769,151045.1715,836.8164,LL
5859,807852.6126,151038.7623,836.7291,LL
5860,807828.4927,151032.1884,836.6220,LL
5861,807804.4141,151025.4651,836.4956,LL
5862,807780.3710,151018.6161,836.3518,LL
5863,807756.3410,151011.7212,836.2153,LL
5864,807732.3193,151004.7973,836.0939,LL
5865,807708.3062,150997.8436,835.9773,LL
5866,807684.3113,150990.8266,835.8891,LL
5867,807660.3550,150983.6789,835.8416,LL
5868,807636.4196,150976.4613,835.8046,LL
5869,807612.5046,150969.1764,835.7544,LL
5870,807588.6195,150961.7943,835.6959,LL
5871,807564.7565,150954.3407,835.6369,LL
5872,807540.9245,150946.7891,835.5768,LL
5873,807517.1477,150939.0652,835.5262,LL
5874,807493.3988,150931.2558,835.4839,LL
5875,807469.6602,150923.4149,835.4477,LL
5876,807445.9214,150915.5751,835.4070,LL
5877,807422.1761,150907.7546,835.3664,LL
5878,807398.4325,150899.9291,835.3506,LL
5879,807374.6978,150892.0766,835.3111,LL
5880,807350.9919,150884.1377,835.2548,LL
5881,807327.3428,150876.0316,835.1812,LL
5882,807303.7532,150867.7537,835.1050,LL
5883,807280.2163,150859.3272,835.0438,LL
5884,807256.6999,150850.8435,834.9681,LL
5885,807233.2130,150842.2785,834.9080,LL
5886,807209.7508,150833.6462,834.8404,LL
5887,807186.3170,150824.9367,834.7728,LL
5888,807162.8923,150816.2032,834.7039,LL
5889,807139.4728,150807.4556,834.6309,LL
5890,807116.0981,150798.5890,834.5658,LL
5891,807092.7546,150789.6401,834.5231,LL
5892,807069.4502,150780.5903,834.4651,LL
5893,807046.1614,150771.5002,834.4113,LL
5894,807022.9130,150762.3074,834.3677,LL
5895,806999.6820,150753.0708,834.2968,LL
5896,806976.4768,150743.7695,834.2157,LL
5897,806953.2820,150734.4425,834.1564,LL
5898,806930.0933,150725.1001,834.0907,LL
5899,806906.9301,150715.6947,834.0409,LL
5900,806883.7879,150706.2377,833.9887,LL
5901,806860.7083,150696.6289,833.9292,LL
5902,806837.6702,150686.9212,833.8914,LL
5903,806814.6659,150677.1335,833.8743,LL
5904,806791.7148,150667.2215,833.8922,LL
5905,806768.8021,150657.2214,833.8473,LL
5906,806745.9446,150647.0957,833.7691,LL
5907,806723.1212,150636.8934,833.7006,LL
5908,806700.3313,150626.6167,833.6299,LL
5909,806677.5810,150616.2525,833.5448,LL
5910,806654.8408,150605.8661,833.4705,LL
5911,806632.1199,150595.4373,833.4078,LL
5912,806609.4229,150584.9570,833.3309,LL
5913,806586.7527,150574.4188,833.2359,LL
5914,806564.1277,150563.7839,833.1524,LL
5915,806541.5334,150553.0842,833.0568,LL
5916,806518.9966,150542.2637,832.9494,LL
5917,806496.5116,150531.3361,832.8512,LL
5918,806474.0484,150520.3635,832.7855,LL
5919,806451.6180,150509.3239,832.7178,LL
5920,806429.2212,150498.2166,832.6216,LL
5921,806406.8519,150487.0541,832.4921,LL
5922,806384.5154,150475.8265,832.3597,LL
5923,806362.2070,150464.5428,832.2525,LL
5924,806339.9129,150453.2306,832.1552,LL
5925,806317.6445,150441.8680,832.0653,LL
5926,806295.4161,150430.4274,831.9798,LL
5927,806273.2027,150418.9579,831.8677,LL
5928,806251.0336,150407.4032,831.7355,LL
5929,806228.8984,150395.7835,831.6086,LL
5930,806206.8391,150384.0207,831.4935,LL
5931,806184.8678,150372.0938,831.3934,LL
5932,806162.9443,150360.0797,831.2631,LL
5933,806141.0683,150347.9791,831.1353,LL
5934,806119.2259,150335.8177,831.0255,LL
5935,806097.4022,150323.6230,830.9133,LL
5936,806075.6052,150311.3809,830.7757,LL
5937,806053.8348,150299.0915,830.6252,LL
5938,806032.1095,150286.7223,830.5067,LL
5939,806010.4317,150274.2700,830.3960,LL
5940,805988.7695,150261.7908,830.2683,LL
5941,805967.1531,150249.2325,830.1348,LL
5942,805945.5621,150236.6303,830.0234,LL
5943,805924.0148,150223.9535,829.9010,LL
5944,805902.5053,150211.2129,829.7741,LL
5945,805881.0352,150198.4059,829.6611,LL
5946,805859.5951,150185.5487,829.5450,LL
5947,805838.1975,150172.6211,829.4038,LL
5948,805816.8509,150159.6094,829.2615,LL
5949,805795.5504,150146.5221,829.1689,LL
5950,805774.2727,150133.3977,829.0689,LL
5951,805753.0282,150120.2198,828.9569,LL
5952,805731.7677,150107.0676,828.8523,LL
5953,805710.5265,150093.8843,828.7600,LL
5954,805689.2882,150080.6962,828.6645,LL
5955,805668.0448,150067.5166,828.5486,LL
5956,805646.8026,150054.3349,828.4343,LL
5957,805625.5767,150041.1271,828.3119,LL
5958,805604.3602,150027.9043,828.2010,LL
5959,805583.1406,150014.6862,828.0817,LL
5960,805561.9110,150001.4846,827.9401,LL
5961,805540.6854,149988.2768,827.7785,LL
5962,805519.4618,149975.0656,827.6284,LL
5963,805498.2446,149961.8436,827.5172,LL
5964,805477.0441,149948.5950,827.4128,LL
5965,805455.8616,149935.3175,827.3195,LL
5966,805434.7043,149922.0002,827.2007,LL
5967,805413.5109,149908.7404,827.0904,LL
5968,805392.2682,149895.5596,826.9639,LL
5969,805371.0300,149882.3716,826.8471,LL
5970,805349.7979,149869.1737,826.7350,LL
5971,805328.5814,149855.9506,826.6380,LL
5972,805307.3935,149842.6818,826.5219,LL
5973,805286.2023,149829.4183,826.4271,LL
5974,805265.0064,149816.1624,826.3189,LL
5975,805243.8006,149802.9222,826.2156,LL
5976,805222.5706,149789.7207,826.1372,LL
5977,805201.3661,149776.4782,826.0537,LL
5978,805180.1488,149763.2563,825.9831,LL
5979,805158.9295,149750.0377,825.9007,LL
5980,805137.6820,149736.8643,825.8109,LL
5981,805123.4414,149728.0497,825.7683,LL,E
5982,812867.3556,151383.8786,849.0161,LL,B
5983,812842.3582,151383.5848,849.1874,LL
5984,812817.3602,151383.3254,849.3929,LL
5985,812792.3625,151383.0392,849.5646,LL
5986,812767.3644,151382.7716,849.7193,LL
5987,812742.3671,151382.4409,849.8721,LL
5988,812717.3693,151382.1416,850.0109,LL
5989,812692.3713,151381.8587,850.1461,LL
5990,812667.3733,151381.5747,850.2884,LL
5991,812642.3749,151381.3126,850.4110,LL
5992,812617.3773,151380.9876,850.5153,LL
5993,812592.3802,151380.6244,850.6295,LL
5994,812567.3831,151380.2587,850.7205,LL
5995,812542.3855,151379.9177,850.8029,LL
5996,812517.3884,151379.5449,850.8436,LL
5997,812492.3924,151379.1043,850.8874,LL
5998,812467.3938,151378.8484,850.9389,LL
5999,812442.3947,151378.6677,850.9951,LL
6000,812417.3951,151378.5359,851.0401,LL
6001,812392.3958,151378.3640,851.0770,LL
6002,812367.3976,151378.0692,851.1028,LL
6003,812342.4004,151377.6966,851.1020,LL
6004,812317.4027,151377.3531,851.0861,LL
6005,812292.4050,151377.0210,851.0746,LL
6006,812267.4069,151376.7100,851.0373,LL
6007,812242.4090,151376.3943,850.9946,LL
6008,812217.4109,151376.0891,850.9546,LL
6009,812192.4133,151375.7462,850.8969,LL
6010,812167.4154,151375.4273,850.8359,LL
6011,812142.4165,151375.2176,850.7604,LL
6012,812117.4176,151374.9889,850.6882,LL
6013,812092.4185,151374.7868,850.6241,LL
6014,812067.4196,151374.5668,850.5836,LL
6015,812042.4209,151374.3163,850.5219,LL
6016,812017.4228,151374.0180,850.4495,LL
6017,811992.4267,151373.5809,850.3896,LL
6018,811967.4305,151373.1537,850.3463,LL
6019,811942.4325,151372.8491,850.2744,LL
6020,811917.4337,151372.6218,850.2041,LL
6021,811892.4346,151372.4120,850.1398,LL
6022,811867.4361,151372.1498,850.0772,LL
6023,811842.4391,151371.7709,850.0230,LL
6024,811817.4419,151371.3974,849.9616,LL
6025,811792.4443,151371.0594,849.9142,LL
6026,811767.4458,151370.7855,849.8794,LL
6027,811742.4475,151370.5011,849.8220,LL
6028,811717.4495,151370.1934,849.7414,LL
6029,811692.4511,151369.9301,849.6604,LL
6030,811667.4523,151369.6911,849.5900,LL
6031,811642.4551,151369.3331,849.5280,LL
6032,811617.4574,151368.9995,849.4773,LL
6033,811592.4593,151368.7005,849.4105,LL
6034,811567.4612,151368.4052,849.3437,LL
6035,811542.4629,151368.1204,849.2813,LL
6036,811517.4648,151367.8160,849.2183,LL
6037,811492.4668,151367.5129,849.1644,LL
6038,811467.4691,151367.1811,849.0972,LL
6039,811442.4712,151366.8625,849.0344,LL
6040,811417.4728,151366.5896,848.9648,LL
6041,811392.4741,151366.3490,848.8755,LL
6042,811367.4757,151366.0762,848.8190,LL
6043,811342.4779,151365.7573,848.7402,LL
6044,811317.4792,151365.5070,848.6688,LL
6045,811292.4810,151365.2233,848.6088,LL
6046,811267.4835,151364.8732,848.5621,LL
6047,811242.4861,151364.5148,848.5253,LL
6048,811217.4892,151364.1258,848.4633,LL
6049,811192.4910,151363.8330,848.4278,LL
6050,811167.4922,151363.6185,848.3710,LL
6051,811142.4936,151363.3662,848.2931,LL
6052,811117.4947,151363.1420,848.2293,LL
6053,811092.4958,151362.9134,848.1763,LL
6054,811067.4984,151362.5624,848.1315,LL
6055,811042.5007,151362.2263,848.0834,LL
6056,811017.5020,151361.9808,848.0221,LL
6057,810992.5037,151361.6967,847.9349,LL
6058,810967.5053,151361.4293,847.8498,LL
6059,810942.5063,151361.2298,847.7604,LL
6060,810917.5078,151360.9697,847.6968,LL
6061,810892.5100,151360.6413,847.6160,LL
6062,810867.5125,151360.3009,847.5548,LL
6063,810842.5140,151360.0398,847.4696,LL
6064,810817.5149,151359.8637,847.3782,LL
6065,810792.5169,151359.8891,847.3386,LL
6066,810767.5845,151361.6095,847.2037,LL
6067,810742.6479,151363.3554,847.1047,LL
6068,810717.6992,151364.9435,846.9892,LL
6069,810692.7744,151366.8758,846.8668,LL
6070,810667.8393,151368.6727,846.7515,LL
6071,810642.8661,151369.6720,846.6369,LL
6072,810617.8693,151369.3071,846.5828,LL
6073,810592.8705,151369.1565,846.5077,LL
6074,810567.8706,151369.1548,846.4336,LL
6075,810542.8717,151368.9779,846.3820,LL
6076,810517.8738,151368.6644,846.3165,LL
6077,810492.8763,151368.3510,846.2474,LL
6078,810467.8798,151367.9484,846.1810,LL
6079,810442.8812,151367.7417,846.0867,LL
6080,810417.8824,151367.5215,845.9988,LL
6081,810392.8842,151367.2342,845.9406,LL
6082,810382.7385,151367.1593,845.9257,LL,E
6083,812854.4280,151372.3633,849.3612,LL,B
6084,812829.4303,151372.0803,849.5378,LL
6085,812804.4324,151371.8168,849.7175,LL
6086,812779.4352,151371.4737,849.8810,LL
6087,812754.4367,151371.3327,850.0312,LL
6088,812729.4416,151370.9288,850.1815,LL
6089,812704.4440,151370.6826,850.3161,LL
6090,812679.4459,151370.4139,850.4617,LL
6091,812654.4477,151370.1427,850.5910,LL
6092,812629.4496,151369.8627,850.6779,LL
6093,812604.4519,151369.5384,850.7858,LL
6094,812579.4542,151369.2119,850.8861,LL
6095,812554.4575,151368.8259,850.9778,LL
6096,812529.4600,151368.4903,851.0623,LL
6097,812504.4633,151368.0853,851.0764,LL
6098,812479.4658,151367.7355,851.1404,LL
6099,812454.4674,151367.4651,851.2125,LL
6100,812429.4678,151367.3397,851.2637,LL
6101,812404.4683,151367.1862,851.3125,LL
6102,812379.4687,151367.0558,851.3542,LL
6103,812354.4711,151366.7233,851.3548,LL
6104,812329.4741,151366.3349,851.3537,LL
6105,812304.4772,151365.9452,851.3361,LL
6106,812279.4792,151365.6276,851.3106,LL
6107,812254.4813,151365.3133,851.2799,LL
6108,812229.4832,151365.0093,851.2266,LL
6109,812204.4849,151364.7261,851.1675,LL
6110,812179.4876,151364.3638,851.1049,LL
6111,812154.4896,151364.0573,851.0458,LL
6112,812129.4910,151363.7921,850.9850,LL
6113,812104.4919,151363.5882,850.9339,LL
6114,812079.4932,151363.3484,850.8916,LL
6115,812054.4940,151363.1423,850.8566,LL
6116,812029.4961,151362.8274,850.7996,LL
6117,812004.4994,151362.4319,850.7196,LL
6118,811979.5034,151361.9905,850.6456,LL
6119,811954.5060,151361.6442,850.5746,LL
6120,811929.5073,151361.4702,850.5207,LL
6121,811904.5085,151361.2543,850.4425,LL
6122,811879.5102,151360.9739,850.3835,LL
6123,811854.5116,151360.7264,850.3264,LL
6124,811829.5149,151360.3286,850.2461,LL
6125,811804.5178,151359.9578,850.1763,LL
6126,811779.5197,151359.6552,850.1319,LL
6127,811754.5208,151359.4323,850.0903,LL
6128,811729.5223,151359.1629,850.0418,LL
6129,811704.5240,151358.8787,849.9661,LL
6130,811679.5261,151358.5792,849.8928,LL
6131,811654.5270,151358.3829,849.8399,LL
6132,811629.5291,151358.0694,849.7578,LL
6133,811604.5313,151357.7385,849.6957,LL
6134,811579.5329,151357.4656,849.6389,LL
6135,811554.5357,151357.1049,849.5787,LL
6136,811529.5377,151356.8019,849.5197,LL
6137,811504.5394,151356.5095,849.4619,LL
6138,811479.5419,151356.1660,849.3844,LL
6139,811454.5440,151355.8497,849.3303,LL
6140,811429.5457,151355.5705,849.2579,LL
6141,811404.5471,151355.3151,849.1777,LL
6142,811379.5483,151355.0796,849.1031,LL
6143,811354.5506,151354.7544,849.0458,LL
6144,811329.5523,151354.4717,848.9812,LL
6145,811304.5538,151354.2060,848.9046,LL
6146,811279.5565,151353.8523,848.8608,LL
6147,811254.5586,151353.5297,848.8163,LL
6148,811229.5617,151353.1385,848.7567,LL
6149,811204.5638,151352.8315,848.7110,LL
6150,811179.5659,151352.5093,848.6714,LL
6151,811154.5676,151352.2293,848.6062,LL
6152,811129.5689,151351.9816,848.5433,LL
6153,811104.5699,151351.7702,848.4763,LL
6154,811079.5718,151351.4689,848.4246,LL
6155,811054.5741,151351.1314,848.3894,LL
6156,811029.5756,151350.8662,848.3287,LL
6157,811004.5773,151350.5822,848.2760,LL
6158,810979.5787,151350.3240,848.2069,LL
6159,810954.5801,151350.0723,848.1197,LL
6160,810929.5814,151349.8245,848.0623,LL
6161,810904.5839,151349.4819,847.9760,LL
6162,810879.5860,151349.1755,847.8704,LL
6163,810854.5874,151348.9256,847.8174,LL
6164,810829.5884,151348.7105,847.7527,LL
6165,810804.5896,151348.4941,847.6772,LL
6166,810779.5898,151348.4279,847.6011,LL
6167,810754.5904,151348.2724,847.5318,LL
6168,810729.5919,151348.0434,847.4898,LL
6169,810704.5961,151347.5872,847.4245,LL
6170,810679.5999,151347.1565,847.3679,LL
6171,810654.6035,151346.7670,847.2930,LL
6172,810629.6042,151346.6081,847.2253,LL
6173,810604.6051,151346.4050,847.1712,LL
6174,810579.6061,151346.1879,847.1171,LL
6175,810554.6100,151345.7915,847.0715,LL
6176,810529.6111,151345.5652,847.0358,LL
6177,810504.6123,151345.3239,846.9637,LL
6178,810479.6159,151344.9304,846.8911,LL
6179,810454.6182,151344.5993,846.8247,LL
6180,810429.6197,151344.3343,846.7652,LL
6181,810404.6216,151344.0317,846.6983,LL
6182,810379.6242,151343.6772,846.6311,LL
6183,810354.6267,151343.3300,846.5876,LL
6184,810329.6296,151342.9509,846.5470,LL
6185,810304.6309,151342.7057,846.4903,LL
6186,810279.6322,151342.4591,846.4340,LL
6187,810254.6346,151342.1402,846.3605,LL
6188,810229.6383,151341.7228,846.2991,LL
6189,810204.6407,151341.3829,846.2482,LL
6190,810179.6426,151341.0841,846.1944,LL
6191,810154.6455,151340.7264,846.1425,LL
6192,810129.6469,151340.4620,846.0952,LL
6193,810104.6493,151340.1229,846.0387,LL
6194,810079.6518,151339.7820,845.9781,LL
6195,810054.6531,151339.5398,845.9320,LL
6196,810029.6545,151339.2859,845.8529,LL
6197,810004.6561,151339.0189,845.7568,LL
6198,809979.6572,151338.7919,845.6850,LL
6199,809954.6596,151338.4630,845.5927,LL
6200,809929.6624,151338.1032,845.5056,LL
6201,809904.6649,151337.7604,845.4160,LL
6202,809879.6690,151337.3141,845.3616,LL
6203,809854.6731,151336.8627,845.3356,LL
6204,809829.6768,151336.4317,845.3024,LL
6205,809804.6808,151335.9892,845.2768,LL
6206,809779.6855,151335.5048,845.2356,LL
6207,809754.6915,151334.9614,845.1834,LL
6208,809729.6972,151334.4332,845.1294,LL
6209,809704.7053,151333.8003,845.0509,LL
6210,809679.7151,151333.1080,844.9723,LL
6211,809654.7256,151332.3853,844.9080,LL
6212,809629.7359,151331.6732,844.8137,LL
6213,809604.7479,151330.9070,844.7131,LL
6214,809579.7632,151330.0376,844.6234,LL
6215,809554.7876,151328.9387,844.5370,LL
6216,809529.8136,151327.8015,844.4672,LL
6217,809504.8429,151326.5949,844.3779,LL
6218,809479.8774,151325.2870,844.2870,LL
6219,809454.9170,151323.8857,844.1801,LL
6220,809429.9637,151322.3627,844.0535,LL
6221,809405.0152,151320.7648,843.9354,LL
6222,809380.0717,151319.0880,843.8394,LL
6223,809355.1294,151317.3947,843.7357,LL
6224,809330.1879,151315.6915,843.6484,LL
6225,809305.2581,151313.8211,843.5431,LL
6226,809280.3335,151311.8843,843.4331,LL
6227,809255.4119,151309.9097,843.3495,LL
6228,809230.4993,151307.8241,843.2243,LL
6229,809205.5940,151305.6535,843.1128,LL
6230,809180.6970,151303.3893,842.9965,LL
6231,809155.8138,151300.9780,842.8950,LL
6232,809130.9313,151298.5598,842.8066,LL
6233,809106.0552,151296.0754,842.6927,LL
6234,809081.1937,151293.4515,842.6020,LL
6235,809056.3421,151290.7333,842.5052,LL
6236,809031.4928,151287.9946,842.3892,LL
6237,809006.6504,151285.1942,842.2815,LL
6238,808981.8132,151282.3480,842.1695,LL
6239,808956.9966,151279.3288,842.0392,LL
6240,808932.1921,151276.2108,841.9286,LL
6241,808907.3887,151273.0842,841.8105,LL
6242,808882.5981,151269.8577,841.6883,LL
6243,808857.8095,151266.6158,841.5805,LL
6244,808833.0421,151263.2164,841.4385,LL
6245,808808.2940,151259.6794,841.3244,LL
6246,808783.5589,151256.0517,841.2147,LL
6247,808758.8486,151252.2586,841.0843,LL
6248,808734.1446,151248.4248,840.9914,LL
6249,808709.4397,151244.5965,840.8852,LL
6250,808684.7424,151240.7192,840.7899,LL
6251,808660.0568,151236.7690,840.6823,LL
6252,808635.3843,151232.7366,840.5621,LL
6253,808610.7173,151228.6717,840.4445,LL
6254,808586.0496,151224.6113,840.3301,LL
6255,808561.3921,151220.4896,840.1858,LL
6256,808536.7401,151216.3349,840.0565,LL
6257,808512.1138,151212.0311,839.9235,LL
6258,808487.5110,151207.5959,839.8006,LL
6259,808462.8977,151203.2178,839.6969,LL
6260,808438.3208,151198.6393,839.5873,LL
6261,808413.7596,151193.9775,839.4789,LL
6262,808389.2175,151189.2161,839.3770,LL
6263,808364.6797,151184.4331,839.2662,LL
6264,808340.1893,151179.4130,839.1700,LL
6265,808315.7268,151174.2580,839.0567,LL
6266,808291.2743,151169.0565,838.9472,LL
6267,808266.8400,151163.7691,838.8650,LL
6268,808242.4125,151158.4508,838.7482,LL
6269,808217.9871,151153.1224,838.6493,LL
6270,808193.5708,151147.7529,838.5503,LL
6271,808169.1825,151142.2576,838.4294,LL
6272,808144.8119,151136.6851,838.3167,LL
6273,808120.4367,151131.1316,838.1996,LL
6274,808096.1009,151125.4088,838.1010,LL
6275,808071.7827,151119.6113,838.0109,LL
6276,808047.5025,151113.6563,837.8992,LL
6277,808023.2217,151107.7040,837.8009,LL
6278,807998.9529,151101.7022,837.7393,LL
6279,807974.7159,151095.5732,837.6788,LL
6280,807950.4895,151089.4026,837.6123,LL
6281,807926.2715,151083.1993,837.5329,LL
6282,807902.0803,151076.8923,837.4548,LL
6283,807877.9081,151070.5134,837.3625,LL
6284,807853.7777,151063.9775,837.2619,LL
6285,807829.6618,151057.3890,837.1579,LL
6286,807805.5576,151050.7575,837.0631,LL
6287,807781.4852,151044.0115,836.9503,LL
6288,807757.4216,151037.2344,836.8401,LL
6289,807733.4053,151030.2918,836.7145,LL
6290,807709.4014,151023.3061,836.5926,LL
6291,807685.4246,151016.2292,836.4953,LL
6292,807661.4648,151009.0929,836.4506,LL
6293,807637.5240,151001.8935,836.4427,LL
6294,807613.5931,150994.6607,836.4215,LL
6295,807589.7123,150987.2646,836.3519,LL
6296,807565.8407,150979.8389,836.2876,LL
6297,807541.9734,150972.3994,836.2047,LL
6298,807518.1896,150964.6979,836.1159,LL
6299,807494.4470,150956.8700,836.0665,LL
6300,807470.7039,150949.0431,836.0212,LL
6301,807446.9036,150941.3939,835.9992,LL
6302,807423.1340,150933.6474,835.9712,LL
6303,807399.3918,150925.8179,835.8936,LL
6304,807375.6515,150917.9825,835.8423,LL
6305,807351.8932,150910.2014,835.7929,LL
6306,807328.2118,150902.1900,835.7376,LL
6307,807304.6061,150893.9623,835.6988,LL
6308,807281.1039,150885.4395,835.6111,LL
6309,807257.6310,150876.8364,835.5319,LL
6310,807234.1441,150868.2738,835.4729,LL
6311,807210.6531,150859.7234,835.4121,LL
6312,807187.2278,150850.9914,835.3472,LL
6313,807163.8344,150842.1744,835.2673,LL
6314,807140.4316,150833.3820,835.1917,LL
6315,807117.0232,150824.6049,835.1322,LL
6316,807093.6843,150815.6443,835.0570,LL
6317,807070.3618,150806.6412,834.9977,LL
6318,807047.0464,150797.6204,834.9649,LL
6319,807023.7512,150788.5471,834.9059,LL
6320,807000.4840,150779.4024,834.8539,LL
6321,806977.2482,150770.1778,834.8052,LL
6322,806954.0596,150760.8352,834.7314,LL
6323,806930.8997,150751.4220,834.6555,LL
6324,806907.7798,150741.9108,834.5770,LL
6325,806884.6758,150732.3610,834.5174,LL
6326,806861.5758,150722.8017,834.4616,LL
6327,806838.5296,150713.1131,834.3980,LL
6328,806815.5133,150703.3537,834.3426,LL
6329,806792.5204,150693.5392,834.3484,LL
6330,806769.5923,150683.5741,834.3358,LL
6331,806746.7095,150673.5060,834.3124,LL
6332,806723.8582,150663.3663,834.2393,LL
6333,806701.0818,150653.0604,834.1769,LL
6334,806678.3622,150642.6306,834.1133,LL
6335,806655.6044,150632.2829,834.0330,LL
6336,806632.8524,150621.9223,833.9537,LL
6337,806610.0972,150611.5689,833.8871,LL
6338,806587.3610,150601.1738,833.7894,LL
6339,806564.6959,150590.6267,833.7162,LL
6340,806542.1037,150579.9234,833.6154,LL
6341,806519.5843,150569.0669,833.5174,LL
6342,806497.0396,150558.2628,833.4189,LL
6343,806474.5485,150547.3477,833.3312,LL
6344,806452.0594,150536.4282,833.2654,LL
6345,806429.5643,150525.5210,833.2180,LL
6346,806407.1663,150514.4162,833.1052,LL
6347,806384.8092,150503.2297,832.9908,LL
6348,806362.5192,150491.9095,832.8902,LL
6349,806340.2575,150480.5340,832.7843,LL
6350,806317.9888,150469.1720,832.6957,LL
6351,806295.7760,150457.7013,832.5793,LL
6352,806273.5861,150446.1866,832.4639,LL
6353,806251.3744,150434.7137,832.3469,LL
6354,806229.2356,150423.1010,832.2184,LL
6355,806207.0920,150411.4985,832.0839,LL
6356,806185.1093,150399.5929,831.9689,LL
6357,806163.1582,150387.6288,831.8669,LL
6358,806141.1960,150375.6852,831.7602,LL
6359,806119.3506,150363.5295,831.6368,LL
6360,806097.5601,150351.2761,831.5016,LL
6361,806075.7365,150339.0814,831.3800,LL
6362,806053.9351,150326.8467,831.2315,LL
6363,806032.1816,150314.5277,831.1297,LL
6364,806010.4415,150302.1844,831.0151,LL
6365,805988.7747,150289.7133,830.8857,LL
6366,805967.1462,150277.1759,830.7518,LL
6367,805945.5286,150264.6194,830.6219,LL
6368,805923.9925,150251.9240,830.5080,LL
6369,805902.4942,150239.1645,830.3959,LL
6370,805881.0138,150226.3747,830.2658,LL
6371,805859.5730,150213.5190,830.1436,LL
6372,805838.1929,150200.5623,830.0101,LL
6373,805816.8648,150187.5202,829.8861,LL
6374,805795.5541,150174.4499,829.7612,LL
6375,805774.2102,150161.4337,829.6290,LL
6376,805752.9272,150148.3184,829.5070,LL
6377,805731.7076,150135.1007,829.3763,LL
6378,805710.5370,150121.8046,829.2327,LL
6379,805689.2917,150108.6286,829.1158,LL
6380,805668.0373,150095.4668,828.9913,LL
6381,805646.7715,150082.3238,828.8492,LL
6382,805625.4896,150069.2064,828.7471,LL
6383,805604.2495,150056.0213,828.6421,LL
6384,805583.0383,150042.7900,828.5132,LL
6385,805561.8411,150029.5363,828.4018,LL
6386,805540.6323,150016.3014,828.2781,LL
6387,805519.3738,150003.1461,828.1482,LL
6388,805498.1053,149990.0069,828.0473,LL
6389,805476.8561,149976.8366,827.9355,LL
6390,805455.6149,149963.6535,827.8374,LL
6391,805434.4246,149950.3883,827.7227,LL
6392,805413.2558,149937.0893,827.6033,LL
6393,805392.0855,149923.7926,827.4882,LL
6394,805370.8730,149910.5633,827.3721,LL
6395,805349.6520,149897.3475,827.2571,LL
6396,805328.4347,149884.1258,827.1459,LL
6397,805307.2407,149870.8667,827.0209,LL
6398,805286.0555,149857.5938,826.9169,LL
6399,805264.8708,149844.3197,826.8190,LL
6400,805243.6857,149831.0464,826.7239,LL
6401,805222.4849,149817.7980,826.6563,LL
6402,805201.2372,149804.6251,826.5457,LL
6403,805180.0182,149791.4060,826.4553,LL
6404,805158.8270,149778.1423,826.3755,LL
6405,805137.6540,149764.8498,826.2736,LL
6406,805116.9633,149751.8634,826.1871,LL,E
6407,809980.8803,151240.0885,845.1589,LL,B
6408,809955.8845,151240.5278,845.0960,LL
6409,809930.8850,151240.6254,845.0229,LL
6410,809905.8852,151240.6573,844.9550,LL
6411,809880.8860,151240.4765,844.9202,LL
6412,809855.8861,151240.4103,844.8507,LL
6413,809830.8867,151240.2646,844.7824,LL
6414,809805.8877,151240.0435,844.7391,LL
6415,809780.8897,151239.7361,844.6995,LL
6416,809755.8927,151239.3598,844.6496,LL
6417,809730.8985,151238.8261,844.5922,LL
6418,809705.9092,151238.1037,844.4921,LL
6419,809680.9233,151237.3164,844.3623,LL
6420,809655.9347,151236.5845,844.1922,LL
6421,809630.9474,151235.7946,844.0811,LL
6422,809605.9658,151234.8641,843.9719,LL
6423,809580.9874,151233.8306,843.8722,LL
6424,809556.0134,151232.6957,843.7780,LL
6425,809531.0408,151231.5275,843.7016,LL
6426,809506.0743,151230.2374,843.6368,LL
6427,809481.1112,151228.8833,843.5404,LL
6428,809456.1511,151227.4760,843.4421,LL
6429,809431.1974,151225.9611,843.3158,LL
6430,809406.2453,151224.4159,843.2378,LL
6431,809381.2973,151222.8067,843.1591,LL
6432,809356.3570,151221.0834,843.0753,LL
6433,809331.4185,151219.3335,842.9794,LL
6434,809306.4864,151217.4947,842.8807,LL
6435,809281.5615,151215.5613,842.7732,LL
6436,809256.6504,151213.4603,842.6320,LL
6437,809231.7439,151211.3028,842.5251,LL
6438,809206.8480,151209.0267,842.4144,LL
6439,809181.9600,151206.6662,842.3031,LL
6440,809157.0757,151204.2663,842.1853,LL
6441,809132.1944,151201.8364,842.0719,LL
6442,809107.3226,151199.3105,841.9570,LL
6443,809082.4653,151196.6457,841.8542,LL
6444,809057.6106,151193.9573,841.7461,LL
6445,809032.7623,151191.2098,841.6483,LL
6446,809007.9197,151188.4113,841.5286,LL
6447,808983.0914,151185.4901,841.4138,LL
6448,808958.2691,151182.5163,841.3057,LL
6449,808933.4540,151179.4833,841.2064,LL
6450,808908.6584,151176.2961,841.0863,LL
6451,808883.8836,151172.9499,840.9634,LL
6452,808859.1097,151169.5978,840.8384,LL
6453,808834.3437,151166.1874,840.7145,LL
6454,808809.5993,151162.6235,840.6176,LL
6455,808784.8516,151159.0834,840.4984,LL
6456,808760.1220,151155.4184,840.3880,LL
6457,808735.4093,151151.6403,840.2953,LL
6458,808710.7015,151147.8307,840.1911,LL
6459,808686.0085,151143.9268,840.0776,LL
6460,808661.3316,151139.9224,839.9717,LL
6461,808636.6807,151135.7609,839.8496,LL
6462,808612.0208,151131.6524,839.7530,LL
6463,808587.3575,151127.5656,839.6481,LL
6464,808562.7303,151123.2678,839.4881,LL
6465,808538.0981,151118.9973,839.3540,LL
6466,808513.4737,151114.6821,839.2550,LL
6467,808488.8829,151110.1790,839.1481,LL
6468,808464.3030,151105.6159,839.0565,LL
6469,808439.7314,151101.0092,838.9529,LL
6470,808415.1970,151096.2081,838.8561,LL
6471,808390.6898,151091.2704,838.7489,LL
6472,808366.2055,151086.2202,838.6298,LL
6473,808341.7194,151081.1779,838.5475,LL
6474,808317.2461,151076.0742,838.4589,LL
6475,808292.7832,151070.9209,838.3574,LL
6476,808268.3126,151065.8048,838.2585,LL
6477,808243.8895,151060.4664,838.1476,LL
6478,808219.4914,151055.0150,838.0253,LL
6479,808195.0944,151049.5584,837.9130,LL
6480,808170.7121,151044.0369,837.8113,LL
6481,808146.3454,151038.4473,837.6924,LL
6482,808121.9865,151032.8238,837.5807,LL
6483,808097.6597,151027.0635,837.5083,LL
6484,808073.3766,151021.1205,837.3945,LL
6485,808049.1127,151015.1001,837.2648,LL
6486,808024.8571,151009.0462,837.1564,LL
6487,808000.6145,151002.9401,837.0571,LL
6488,807976.4067,150996.6974,836.9571,LL
6489,807952.2218,150990.3662,836.8862,LL
6490,807928.0303,150984.0602,836.8093,LL
6491,807903.8448,150977.7318,836.7290,LL
6492,807879.6830,150971.3136,836.6400,LL
6493,807855.5598,150964.7512,836.5757,LL
6494,807831.4734,150958.0551,836.4724,LL
6495,807807.4014,150951.3080,836.3580,LL
6496,807783.3558,150944.4670,836.2611,LL
6497,807759.3162,150937.6052,836.1480,LL
6498,807735.2702,150930.7668,836.0555,LL
6499,807711.3092,150923.6356,835.9732,LL
6500,807687.3403,150916.5303,835.9004,LL
6501,807663.3650,150909.4465,835.8451,LL
6502,807639.4505,150902.1601,835.7874,LL
6503,807615.5954,150894.6823,835.7294,LL
6504,807591.7222,150887.2618,835.6769,LL
6505,807567.8773,150879.7512,835.5899,LL
6506,807543.9819,150872.4023,835.5554,LL
6507,807520.1302,150864.9131,835.5314,LL
6508,807496.3409,150857.2289,835.5038,LL
6509,807472.6279,150849.3114,835.4519,LL
6510,807448.9070,150841.4171,835.4215,LL
6511,807425.2147,150833.4377,835.3746,LL
6512,807401.5565,150825.3577,835.3079,LL
6513,807377.9150,150817.2291,835.2505,LL
6514,807354.2834,150809.0718,835.1846,LL
6515,807330.6867,150800.8140,835.1324,LL
6516,807307.1699,150792.3316,835.0760,LL
6517,807283.6365,150783.8961,835.0162,LL
6518,807260.1142,150775.4290,834.9367,LL
6519,807236.6141,150766.9003,834.8795,LL
6520,807213.1245,150758.3425,834.8089,LL
6521,807189.6594,150749.7179,834.7923,LL
6522,807166.2240,150741.0132,834.7305,LL
6523,807142.8209,150732.2216,834.6605,LL
6524,807119.4629,150723.3112,834.5775,LL
6525,807096.1336,150714.3258,834.5033,LL
6526,807072.8356,150705.2596,834.4364,LL
6527,807049.5444,150696.1757,834.3734,LL
6528,807026.2870,150687.0057,834.3067,LL
6529,807003.0779,150677.7142,834.2520,LL
6530,806979.9358,150668.2580,834.1823,LL
6531,806956.8294,150658.7139,834.1096,LL
6532,806933.7520,150649.1002,834.0562,LL
6533,806910.6850,150639.4616,834.0168,LL
6534,806892.4448,150631.7918,833.9700,LL,E
6535,806274.7476,150324.5845,831.2298,LL,B
6536,806252.7007,150312.7988,831.0604,LL
6537,806230.7044,150300.9190,830.9263,LL
6538,806208.8270,150288.8221,830.7962,LL
6539,806186.9435,150276.7351,830.6976,LL
6540,806165.0443,150264.6770,830.5649,LL
6541,806143.1296,150252.6472,830.4296,LL
6542,806121.1698,150240.6996,830.3039,LL
6543,806099.2424,150228.6927,830.1748,LL
6544,806077.2784,150216.7575,830.0595,LL
6545,806054.6283,150206.1910,830.0001,LL
6546,806031.8519,150195.8859,829.9331,LL
6547,806009.2004,150185.3074,829.8928,LL
6548,805986.4392,150174.9670,829.8930,LL
6549,805963.8525,150164.2594,829.7805,LL
6550,805942.3631,150151.4968,829.6825,LL
6551,805920.9105,150138.6635,829.5521,LL
6552,805899.4058,150125.9166,829.4490,LL
6553,805877.9915,150113.0168,829.3321,LL
6554,805856.5825,150100.1084,829.2100,LL
6555,805835.2167,150087.1281,829.0765,LL
6556,805813.8502,150074.1515,828.9900,LL
6557,805792.6836,150060.8487,828.8657,LL
6558,805771.4966,150047.5782,828.8093,LL
6559,805750.2817,150034.3526,828.7148,LL
6560,805729.0501,150021.1537,828.6287,LL
6561,805707.8061,150007.9747,828.5562,LL
6562,805686.5783,149994.7698,828.4546,LL
6563,805665.3855,149981.5088,828.3583,LL
6564,805644.2389,149968.1745,828.2449,LL
6565,805623.0759,149954.8662,828.1318,LL
6566,805601.9039,149941.5722,827.9915,LL
6567,805580.7057,149928.3203,827.8397,LL
6568,805559.4727,149915.1240,827.7070,LL
6569,805538.2351,149901.9350,827.5920,LL
6570,805517.0161,149888.7159,827.5110,LL
6571,805495.8160,149875.4664,827.4296,LL
6572,805474.6325,149862.1904,827.3430,LL
6573,805453.4212,149848.9591,827.2433,LL
6574,805432.2514,149835.6614,827.1308,LL
6575,805411.0420,149822.4270,827.0422,LL
6576,805389.8091,149809.2303,826.9398,LL
6577,805368.6076,149795.9835,826.8365,LL
6578,805347.4148,149782.7227,826.7336,LL
6579,805326.2515,149769.4148,826.6162,LL
6580,805305.0983,149756.0908,826.5072,LL
6581,805283.9148,149742.8148,826.4056,LL
6582,805262.7003,149729.5884,826.3264,LL
6583,805241.4635,149716.3980,826.2394,LL
6584,805220.2101,149703.2341,826.1600,LL
6585,805198.9993,149690.0018,826.0769,LL
6586,805177.8071,149676.7397,825.9907,LL
6587,805160.7567,149666.1067,825.9062,LL,E
6588,812852.9366,151359.9706,849.2211,LL,B
6589,812827.9384,151359.7335,849.4100,LL
6590,812802.9399,151359.5231,849.5748,LL
6591,812777.9418,151359.2537,849.7266,LL
6592,812752.9440,151358.9657,849.8788,LL
6593,812727.9461,151358.6752,850.0176,LL
6594,812702.9477,151358.4236,850.1457,LL
6595,812677.9502,151358.1097,850.2760,LL
6596,812652.9517,151357.8665,850.4124,LL
6597,812627.9542,151357.5394,850.5249,LL
6598,812602.9567,151357.2013,850.6318,LL
6599,812577.9592,151356.8620,850.7267,LL
6600,812552.9620,151356.4973,850.8186,LL
6601,812527.9645,151356.1532,850.9020,LL
6602,812502.9672,151355.7869,850.9470,LL
6603,812477.9692,151355.4891,850.9979,LL
6604,812452.9704,151355.2678,851.0646,LL
6605,812427.9722,151354.9940,851.1166,LL
6606,812402.9733,151354.7620,851.1455,LL
6607,812377.9744,151354.5333,851.1637,LL
6608,812352.9763,151354.2261,851.1442,LL
6609,812327.9783,151353.9110,851.1585,LL
6610,812302.9802,151353.6011,851.1354,LL
6611,812277.9824,151353.2749,851.1256,LL
6612,812252.9838,151353.0185,851.1043,LL
6613,812227.9857,151352.7168,851.0429,LL
6614,812202.9873,151352.4405,850.9823,LL
6615,812177.9887,151352.1818,850.9247,LL
6616,812152.9916,151351.8062,850.8581,LL
6617,812127.9940,151351.4738,850.8089,LL
6618,812102.9956,151351.1934,850.7591,LL
6619,812077.9975,151350.8944,850.7060,LL
6620,812052.9988,151350.6414,850.6514,LL
6621,812028.0000,151350.4041,850.5867,LL
6622,812003.0016,151350.1270,850.5378,LL
6623,811978.0039,151349.7989,850.4709,LL
6624,811953.0067,151349.4405,850.4030,LL
6625,811928.0097,151349.0727,850.3354,LL
6626,811903.0115,151348.7818,850.2570,LL
6627,811878.0131,151348.5096,850.2033,LL
6628,811853.0141,151348.2930,850.1534,LL
6629,811828.0158,151348.0090,850.0923,LL
6630,811803.0178,151347.7095,850.0248,LL
6631,811778.0187,151347.5030,850.0000,LL
6632,811753.0209,151347.1730,849.9469,LL
6633,811728.0236,151346.8155,849.8789,LL
6634,811703.0258,151346.4907,849.7940,LL
6635,811678.0275,151346.2118,849.7257,LL
6636,811653.0295,151345.9104,849.6502,LL
6637,811628.0313,151345.6205,849.5740,LL
6638,811603.0330,151345.3451,849.5216,LL
6639,811578.0356,151344.9860,849.4735,LL
6640,811553.0373,151344.7006,849.4072,LL
6641,811528.0388,151344.4409,849.3370,LL
6642,811503.0402,151344.1877,849.2830,LL
6643,811478.0435,151343.8069,849.2005,LL
6644,811453.0453,151343.5211,849.1417,LL
6645,811428.0467,151343.2608,849.0635,LL
6646,811403.0481,151343.0130,848.9899,LL
6647,811378.0506,151342.6673,848.9266,LL
6648,811353.0530,151342.3383,848.8583,LL
6649,811328.0553,151342.0075,848.7991,LL
6650,811303.0559,151341.8478,848.7462,LL
6651,811278.0575,151341.5792,848.7024,LL
6652,811253.0600,151341.2308,848.6425,LL
6653,811228.0630,151340.8474,848.5798,LL
6654,811203.0652,151340.5199,848.5429,LL
6655,811178.0671,151340.2157,848.5215,LL
6656,811153.0685,151339.9630,848.4585,LL
6657,811128.0701,151339.6996,848.3898,LL
6658,811103.0718,151339.4114,848.3324,LL
6659,811078.0737,151339.1064,848.2625,LL
6660,811053.0757,151338.7986,848.2228,LL
6661,811028.0777,151338.4886,848.1612,LL
6662,811003.0794,151338.2059,848.1074,LL
6663,810978.0805,151337.9710,848.0557,LL
6664,810953.0822,151337.6935,847.9840,LL
6665,810928.0853,151337.3267,847.9011,LL
6666,810903.0871,151337.0383,847.8143,LL
6667,810878.0892,151336.7322,847.7295,LL
6668,810853.0906,151336.4694,847.6696,LL
6669,810828.0913,151336.3021,847.5976,LL
6670,810803.0924,151336.0930,847.5151,LL
6671,810778.0931,151335.9261,847.4468,LL
6672,810753.0942,151335.7241,847.3727,LL
6673,810728.0950,151335.5432,847.3208,LL
6674,810703.0964,151335.2778,847.2691,LL
6675,810678.0996,151334.8940,847.2053,LL
6676,810653.1026,151334.5221,847.1335,LL
6677,810628.1057,151334.1340,847.0655,LL
6678,810603.1081,151333.7988,847.0093,LL
6679,810578.1110,151333.4185,846.9663,LL
6680,810553.1118,151333.2330,846.9191,LL
6681,810528.1125,151333.0464,846.8593,LL
6682,810503.1142,151332.7633,846.7980,LL
6683,810478.1165,151332.4543,846.7415,LL
6684,810453.1174,151332.2493,846.6774,LL
6685,810428.1191,151331.9654,846.6140,LL
6686,810403.1212,151331.6505,846.5432,LL
6687,810378.1238,151331.2919,846.5009,LL
6688,810353.1266,151330.9267,846.4424,LL
6689,810328.1289,151330.5946,846.3869,LL
6690,810303.1295,151330.4262,846.3387,LL
6691,810278.1313,151330.1376,846.2715,LL
6692,810253.1339,151329.7900,846.1959,LL
6693,810228.1364,151329.4403,846.1357,LL
6694,810203.1390,151329.0880,846.0714,LL
6695,810178.1415,151328.7459,846.0068,LL
6696,810153.1433,151328.4620,845.9569,LL
6697,810128.1444,151328.2260,845.9263,LL
6698,810103.1450,151328.0565,845.8942,LL
6699,810078.1476,151327.7140,845.8321,LL
6700,810053.1508,151327.3196,845.7668,LL
6701,810028.1531,151326.9889,845.6845,LL
6702,810003.1544,151326.8544,845.5975,LL
6703,809978.1554,151326.6452,845.5372,LL
6704,809953.1586,151326.2604,845.4559,LL
6705,809928.1614,151325.8923,845.3654,LL
6706,809903.1640,151325.5437,845.2760,LL
6707,809878.1670,151325.1634,845.1995,LL
6708,809853.1703,151324.7687,845.1427,LL
6709,809828.1738,151324.3477,845.1051,LL
6710,809803.1776,151323.9175,845.0594,LL
6711,809778.1826,151323.4178,845.0224,LL
6712,809753.1913,151322.7655,844.9609,LL
6713,809728.1988,151322.1576,844.8986,LL
6714,809703.2073,151321.5102,844.8144,LL
6715,809678.2149,151320.8995,844.7462,LL
6716,809653.2228,151320.2777,844.6848,LL
6717,809628.2335,151319.5573,844.5981,LL
6718,809603.2477,151318.7231,844.5108,LL
6719,809578.2665,151317.7586,844.4247,LL
6720,809553.2882,151316.7214,844.3199,LL
6721,809528.3138,151315.5961,844.2374,LL
6722,809503.3468,151314.3156,844.1474,LL
6723,809478.3809,151313.0204,844.0546,LL
6724,809453.4229,151311.5759,843.9573,LL
6725,809428.4673,151310.0912,843.8421,LL
6726,809403.5270,151308.3909,843.7334,LL
6727,809378.5737,151306.8669,843.6405,LL
6728,809353.6317,151305.1687,843.5394,LL
6729,809328.6949,151303.3956,843.4452,LL
6730,809303.7617,151301.5714,843.3552,LL
6731,809278.8365,151299.6431,843.2515,LL
6732,809253.9170,151297.6421,843.1379,LL
6733,809229.0058,151295.5405,843.0159,LL
6734,809204.1043,151293.3270,842.9068,LL
6735,809179.2080,151291.0554,842.8124,LL
6736,809154.3182,151288.7129,842.6991,LL
6737,809129.4308,151286.3464,842.5875,LL
6738,809104.5565,151283.8448,842.4905,LL
6739,809079.7007,151281.1667,842.3908,LL
6740,809054.8481,151278.4582,842.2924,LL
6741,809030.0022,151275.6889,842.1771,LL
6742,809005.1650,151272.8432,842.0649,LL
6743,808980.3308,151269.9720,841.9501,LL
6744,808955.5103,151266.9838,841.8382,LL
6745,808930.6973,151263.9340,841.7380,LL
6746,808905.9003,151260.7571,841.6083,LL
6747,808881.1205,151257.4491,841.4787,LL
6748,808856.3440,151254.1161,841.3672,LL
6749,808831.5706,151250.7609,841.2271,LL
6750,808806.8164,151247.2675,841.0977,LL
6751,808782.0843,151243.6204,840.9738,LL
6752,808757.3688,151239.8615,840.8598,LL
6753,808732.6598,151236.0596,840.7515,LL
6754,808707.9586,151232.2076,840.6505,LL
6755,808683.2763,151228.2366,840.5445,LL
6756,808658.5864,151224.3127,840.4465,LL
6757,808633.9101,151220.3037,840.3340,LL
6758,808609.2427,151216.2410,840.2217,LL
6759,808584.5862,151212.1134,840.1038,LL
6760,808559.9366,151207.9451,839.9486,LL
6761,808535.2963,151203.7232,839.8094,LL
6762,808510.6434,151199.5736,839.6883,LL
6763,808486.0510,151195.0827,839.5550,LL
6764,808461.4544,151190.6118,839.4501,LL
6765,808436.8751,151186.0461,839.3227,LL
6766,808412.3160,151181.3737,839.2256,LL
6767,808387.7854,151176.5538,839.1371,LL
6768,808363.2540,151171.7379,839.0215,LL
6769,808338.7452,151166.8094,838.9069,LL
6770,808314.2680,151161.7246,838.8033,LL
6771,808289.8472,151156.3769,838.6907,LL
6772,808265.4211,151151.0525,838.5879,LL
6773,808241.0041,151145.6858,838.4727,LL
6774,808216.5843,151140.3323,838.3567,LL
6775,808192.1669,151134.9681,838.2684,LL
6776,808167.7685,151129.5177,838.1552,LL
6777,808143.3891,151123.9834,838.0510,LL
6778,808119.0271,151118.3726,837.9639,LL
6779,808094.6976,151112.6226,837.8484,LL
6780,808070.3769,151106.8357,837.7410,LL
6781,808046.0911,151100.9036,837.6421,LL
6782,808021.8267,151094.8846,837.5547,LL
6783,807997.5838,151088.7798,837.4855,LL
6784,807973.3415,151082.6731,837.4103,LL
6785,807949.0981,151076.5700,837.3521,LL
6786,807924.8757,151070.3835,837.2941,LL
6787,807900.6994,151064.0201,837.1977,LL
6788,807876.5322,151057.6221,837.1120,LL
6789,807852.3823,151051.1588,837.0169,LL
6790,807828.2720,151044.5499,836.9112,LL
6791,807804.1911,151037.8348,836.8071,LL
6792,807780.1328,151031.0387,836.6821,LL
6793,807756.0989,151024.1581,836.5589,LL
6794,807732.0460,151017.3431,836.4456,LL
6795,807708.0438,151010.3518,836.3223,LL
6796,807684.0513,151003.3270,836.2280,LL
6797,807660.0937,150996.1835,836.1817,LL
6798,807636.1735,150988.9157,836.1634,LL
6799,807612.2643,150981.6116,836.1308,LL
6800,807588.3852,150974.2100,836.0542,LL
6801,807564.5108,150966.7932,835.9960,LL
6802,807540.6566,150959.3125,835.9453,LL
6803,807516.8854,150951.5713,835.8729,LL
6804,807493.1182,150943.8180,835.8167,LL
6805,807469.3704,150936.0052,835.7859,LL
6806,807445.6011,150928.2580,835.7601,LL
6807,807421.8371,150920.4945,835.7328,LL
6808,807398.1215,150912.5846,835.6881,LL
6809,807374.3993,150904.6943,835.6384,LL
6810,807350.6800,150896.7956,835.5900,LL
6811,807327.0239,150888.7098,835.5215,LL
6812,807303.4342,150880.4333,835.4485,LL
6813,807279.9043,150871.9871,835.3960,LL
6814,807256.3807,150863.5234,835.3284,LL
6815,807232.8767,150855.0052,835.2852,LL
6816,807209.4263,150846.3409,835.2146,LL
6817,807186.0140,150837.5745,835.1323,LL
6818,807162.6383,150828.7103,835.0693,LL
6819,807139.2384,150819.9103,834.9876,LL
6820,807115.8482,150811.0848,834.9256,LL
6821,807092.4952,150802.1611,834.8556,LL
6822,807069.1832,150793.1310,834.7878,LL
6823,807045.8722,150784.0983,834.7533,LL
6824,807022.5951,150774.9781,834.7030,LL
6825,806999.3545,150765.7660,834.6417,LL
6826,806976.1615,150756.4350,834.5651,LL
6827,806952.9882,150747.0545,834.4863,LL
6828,806929.8038,150737.7015,834.4211,LL
6829,806906.6258,150728.3325,834.3723,LL
6830,806883.4917,150718.8562,834.3099,LL
6831,806860.3877,150709.3063,834.2511,LL
6832,806837.3072,150699.6995,834.1987,LL
6833,806814.2952,150689.9307,834.1776,LL
6834,806791.3141,150680.0919,834.2144,LL
6835,806768.4112,150670.0695,834.1677,LL
6836,806745.5555,150659.9403,834.0987,LL
6837,806722.7294,150649.7441,834.0332,LL
6838,806699.9559,150639.4308,833.9609,LL
6839,806677.1945,150629.0909,833.8822,LL
6840,806654.4511,150618.7115,833.8079,LL
6841,806631.7271,150608.2897,833.7325,LL
6842,806609.0073,150597.8588,833.6619,LL
6843,806586.3076,150587.3840,833.5803,LL
6844,806563.6944,150576.7249,833.4949,LL
6845,806541.1066,150566.0115,833.3941,LL
6846,806518.5863,150555.1568,833.2717,LL
6847,806496.0796,150544.2741,833.1643,LL
6848,806473.5851,150533.3656,833.1015,LL
6849,806451.1164,150522.4043,833.0429,LL
6850,806428.6519,150511.4343,832.9741,LL
6851,806406.2723,150500.2928,832.8293,LL
6852,806383.9509,150489.0355,832.6862,LL
6853,806361.6876,150477.6630,832.5895,LL
6854,806339.4121,150466.3143,832.5018,LL
6855,806317.1220,150454.9945,832.4198,LL
6856,806294.9057,150443.5305,832.3198,LL
6857,806272.6833,150432.0783,832.2065,LL
6858,806250.4852,150420.5793,832.0903,LL
6859,806228.3455,150408.9681,831.9659,LL
6860,806206.2923,150397.1942,831.8496,LL
6861,806184.3104,150385.2870,831.7333,LL
6862,806162.3711,150373.3015,831.6224,LL
6863,806140.4653,150361.2551,831.4929,LL
6864,806118.5885,150349.1558,831.3732,LL
6865,806096.7538,150336.9808,831.2535,LL
6866,806074.9302,150324.7860,831.1282,LL
6867,806053.2016,150312.4227,830.9917,LL
6868,806031.4483,150300.1032,830.8819,LL
6869,806009.7345,150287.7139,830.7746,LL
6870,805988.0511,150275.2714,830.6478,LL
6871,805966.3748,150262.8173,830.5309,LL
6872,805944.8050,150250.1790,830.4195,LL
6873,805923.2617,150237.4956,830.2952,LL
6874,805901.7299,150224.7926,830.1746,LL
6875,805880.2870,150211.9401,830.0490,LL
6876,805858.8346,150199.1045,829.9204,LL
6877,805837.4866,150186.0956,829.7975,LL
6878,805816.1463,150173.0734,829.6648,LL
6879,805794.8398,150159.9961,829.5573,LL
6880,805773.5520,150146.8882,829.4532,LL
6881,805752.2622,150133.7837,829.3168,LL
6882,805731.0263,150120.5923,829.1910,LL
6883,805709.8436,150107.3154,829.0590,LL
6884,805688.6049,150094.1283,828.9476,LL
6885,805667.3748,150080.9270,828.8472,LL
6886,805646.1195,150067.7667,828.7190,LL
6887,805624.8267,150054.6670,828.6183,LL
6888,805603.5686,150041.5109,828.5205,LL
6889,805582.3616,150028.2729,828.3854,LL
6890,805561.1712,150015.0086,828.2507,LL
6891,805539.9305,150001.8248,828.1007,LL
6892,805518.6963,149988.6305,827.9625,LL
6893,805497.4627,149975.4352,827.8416,LL
6894,805476.2619,149962.1869,827.7207,LL
6895,805455.0598,149948.9409,827.6236,LL
6896,805433.8463,149935.7130,827.5327,LL
6897,805412.6585,149922.4441,827.4099,LL
6898,805391.4544,149909.2014,827.2847,LL
6899,805370.2419,149895.9721,827.1574,LL
6900,805349.0212,149882.7561,827.0513,LL
6901,805327.8242,149869.5018,826.9441,LL
6902,805306.6168,149856.2642,826.8232,LL
6903,805285.4075,149843.0296,826.7210,LL
6904,805264.1839,149829.8180,826.6299,LL
6905,805243.0048,149816.5349,826.5240,LL
6906,805221.8105,149803.2764,826.4363,LL
6907,805200.6145,149790.0204,826.3637,LL
6908,805179.3854,149776.8173,826.0739,LL
6909,805158.1383,149763.6434,826.2048,LL
6910,805136.9781,149750.3304,826.0994,LL
6911,805123.2197,149741.6823,826.0446,LL,E
6912,812883.2718,151224.3968,848.6098,LL,B
6913,812858.2749,151224.7436,848.7636,LL
6914,812833.2773,151225.0369,848.9687,LL
6915,812808.2790,151225.2627,849.1573,LL
6916,812783.2818,151225.5872,849.3257,LL
6917,812758.2850,151225.9501,849.4957,LL
6918,812733.2890,151226.3718,849.6362,LL
6919,812708.2927,151226.7653,849.7948,LL
6920,812683.2957,151227.1281,849.9355,LL
6921,812658.2971,151227.3371,850.0945,LL
6922,812633.2984,151227.5487,850.2264,LL
6923,812608.3011,151227.8864,850.3370,LL
6924,812583.3060,151228.3663,850.4345,LL
6925,812558.3109,151228.8531,850.5274,LL
6926,812533.3136,151229.2094,850.5864,LL
6927,812508.3152,151229.4543,850.6739,LL
6928,812483.3173,151229.7746,850.7344,LL
6929,812458.3200,151230.0975,850.7832,LL
6930,812433.3245,151230.5668,850.8267,LL
6931,812408.3277,151230.9717,850.8335,LL
6932,812383.3311,151231.3772,850.8449,LL
6933,812358.3327,151231.6567,850.8592,LL
6934,812333.3346,151231.9648,850.8788,LL
6935,812308.3362,151232.2264,850.8979,LL
6936,812283.3401,151232.6591,850.8835,LL
6937,812258.3433,151233.0552,850.8589,LL
6938,812233.3460,151233.4219,850.8417,LL
6939,812208.3494,151233.8301,850.7935,LL
6940,812183.3528,151234.2350,850.7307,LL
6941,812158.3547,151234.5380,850.6894,LL
6942,812133.3568,151234.8542,850.6197,LL
6943,812108.3591,151235.1880,850.5759,LL
6944,812083.3611,151235.5048,850.5137,LL
6945,812058.3634,151235.8206,850.4606,LL
6946,812033.3672,151236.2506,850.4022,LL
6947,812008.3698,151236.5919,850.3388,LL
6948,811983.3720,151236.9092,850.2763,LL
6949,811958.3743,151237.2410,850.2116,LL
6950,811933.3763,151237.5540,850.1602,LL
6951,811908.3781,151237.8491,850.1163,LL
6952,811883.3804,151238.1751,850.0438,LL
6953,811858.3820,151238.4561,849.9922,LL
6954,811833.3833,151238.7040,849.9724,LL
6955,811808.3860,151239.0571,849.9036,LL
6956,811783.3876,151239.3347,849.8538,LL
6957,811758.3900,151239.6780,849.7821,LL
6958,811733.3930,151240.0601,849.7112,LL
6959,811708.3961,151240.4465,849.6588,LL
6960,811683.3984,151240.7761,849.5908,LL
6961,811658.4005,151241.0762,849.5448,LL
6962,811633.4063,151241.6084,849.4689,LL
6963,811608.4093,151241.9828,849.4031,LL
6964,811583.4110,151242.2246,849.3304,LL
6965,811558.4139,151242.5926,849.2488,LL
6966,811533.4200,151243.0963,849.1701,LL
6967,811508.4222,151243.4209,849.1017,LL
6968,811483.4239,151243.7038,849.0486,LL
6969,811458.4256,151243.9970,848.9993,LL
6970,811433.4273,151244.2878,848.9704,LL
6971,811408.4300,151244.6465,848.9209,LL
6972,811383.4336,151245.0648,848.8666,LL
6973,811358.4351,151245.3280,848.8009,LL
6974,811333.4371,151245.6296,848.7503,LL
6975,811308.4400,151246.0094,848.6909,LL
6976,811283.4429,151246.3823,848.6185,LL
6977,811258.4458,151246.7517,848.5437,LL
6978,811233.4489,151247.1386,848.4889,LL
6979,811208.4509,151247.4500,848.4294,LL
6980,811183.4524,151247.7092,848.3764,LL
6981,811158.4545,151248.0255,848.2968,LL
6982,811133.4586,151248.4605,848.2146,LL
6983,811108.4617,151248.8338,848.1402,LL
6984,811083.4645,151249.1671,848.0618,LL
6985,811058.4672,151249.5260,848.0160,LL
6986,811033.4696,151249.8636,847.9414,LL
6987,811008.4721,151250.2067,847.8935,LL
6988,810983.4739,151250.4955,847.8439,LL
6989,810958.4754,151250.7675,847.7753,LL
6990,810933.4776,151251.0913,847.7235,LL
6991,810908.4800,151251.4256,847.6434,LL
6992,810883.4841,151251.8738,847.5639,LL
6993,810858.4901,151252.4026,847.4974,LL
6994,810833.4934,151252.8033,847.4340,LL
6995,810808.4947,151253.0476,847.3890,LL
6996,810783.4953,151253.2113,847.3525,LL
6997,810758.4964,151253.4368,847.2844,LL
6998,810733.5025,151253.8992,847.2239,LL
6999,810708.5039,151254.1605,847.1754,LL
7000,810683.5069,151254.5366,847.1214,LL
7001,810658.5104,151254.9468,847.0639,LL
7002,810633.5142,151255.3644,846.9877,LL
7003,810608.5159,151255.5913,846.9394,LL
7004,810583.5165,151255.7505,846.9022,LL
7005,810558.5180,151256.0124,846.8418,LL
7006,810533.5206,151256.3606,846.7977,LL
7007,810508.5242,151256.7595,846.7418,LL
7008,810483.5262,151257.0683,846.6935,LL
7009,810458.5276,151257.3288,846.6439,LL
7010,810433.5303,151257.6876,846.5885,LL
7011,810408.5335,151258.0851,846.5268,LL
7012,810383.5360,151258.4291,846.4482,LL
7013,810358.5381,151258.7170,846.3558,LL
7014,810333.5418,151259.1365,846.3012,LL
7015,810308.5446,151259.5051,846.2359,LL
7016,810283.5467,151259.8173,846.1785,LL
7017,810258.5481,151260.0832,846.1320,LL
7018,810233.5515,151260.4815,846.0427,LL
7019,810208.5562,151260.9511,845.9458,LL
7020,810183.5580,151261.2441,845.8663,LL
7021,810158.5598,151261.4970,845.7869,LL
7022,810133.5624,151261.8456,845.7154,LL
7023,810108.5639,151262.1150,845.6532,LL
7024,810083.5651,151262.3462,845.6036,LL
7025,810058.5669,151262.6450,845.5551,LL
7026,810033.5691,151262.9709,845.4951,LL
7027,810008.5704,151263.1936,845.4408,LL
7028,809983.5715,151263.4199,845.3923,LL
7029,809958.5721,151263.5829,845.3333,LL
7030,809933.5723,151263.6559,845.3042,LL
7031,809908.5724,151263.6928,845.2527,LL
7032,809883.5726,151263.6337,845.2128,LL
7033,809858.5730,151263.5076,845.1617,LL
7034,809833.5732,151263.4071,845.1136,LL
7035,809808.5740,151263.2308,845.0532,LL
7036,809783.5759,151262.9304,844.9874,LL
7037,809758.5817,151262.4094,844.9367,LL
7038,809733.5862,151261.9450,844.8874,LL
7039,809708.5916,151261.4399,844.8142,LL
7040,809683.6004,151260.7881,844.7288,LL
7041,809658.6120,151260.0290,844.6509,LL
7042,809633.6281,151259.1376,844.5645,LL
7043,809608.6467,151258.1865,844.4752,LL
7044,809583.6646,151257.2435,844.3869,LL
7045,809558.6873,151256.1889,844.2942,LL
7046,809533.7162,151254.9923,844.2172,LL
7047,809508.7491,151253.7136,844.1316,LL
7048,809483.7871,151252.3401,844.0377,LL
7049,809458.8269,151250.9329,843.9414,LL
7050,809433.8728,151249.4231,843.8383,LL
7051,809408.9188,151247.9110,843.7325,LL
7052,809383.9726,151246.2760,843.6169,LL
7053,809359.0283,151244.6161,843.5192,LL
7054,809334.0953,151242.7897,843.4433,LL
7055,809309.1651,151240.9261,843.3296,LL
7056,809284.2410,151238.9830,843.2434,LL
7057,809259.3271,151236.9133,843.1199,LL
7058,809234.4190,151234.7756,842.9855,LL
7059,809209.5153,151232.5884,842.8664,LL
7060,809184.6214,151230.2903,842.7401,LL
7061,809159.7326,151227.9381,842.6336,LL
7062,809134.8540,151225.4814,842.5245,LL
7063,809109.9871,151222.9082,842.4147,LL
7064,809085.1214,151220.3228,842.3246,LL
7065,809060.2615,151217.6833,842.2039,LL
7066,809035.4167,151214.9055,842.0806,LL
7067,809010.5707,151212.1376,841.9610,LL
7068,808985.7316,151209.3072,841.8573,LL
7069,808960.9088,151206.3388,841.7644,LL
7070,808936.0956,151203.2903,841.6721,LL
7071,808911.2981,151200.1169,841.5652,LL
7072,808886.5047,151196.9120,841.4542,LL
7073,808861.7323,151193.5480,841.3520,LL
7074,808836.9640,151190.1542,841.2329,LL
7075,808812.2045,151186.6983,841.1210,LL
7076,808787.4565,151183.1597,840.9994,LL
7077,808762.7261,151179.5019,840.8778,LL
7078,808738.0102,151175.7448,840.7817,LL
7079,808713.3044,151171.9231,840.6587,LL
7080,808688.6101,151168.0292,840.5458,LL
7081,808663.9235,151164.0841,840.4470,LL
7082,808639.2501,151160.0580,840.3479,LL
7083,808614.5828,151155.9942,840.2526,LL
7084,808589.9346,151151.8169,840.1115,LL
7085,808565.2971,151147.5770,840.0042,LL
7086,808540.6774,151143.2347,839.9051,LL
7087,808516.0717,151138.8131,839.7965,LL
7088,808491.4745,151134.3451,839.6940,LL
7089,808466.8850,151129.8341,839.5859,LL
7090,808442.3077,151125.2587,839.4560,LL
7091,808417.7499,151120.5795,839.3572,LL
7092,808393.2411,151115.6500,839.2325,LL
7093,808368.7522,151110.6221,839.1116,LL
7094,808344.2737,151105.5432,839.0134,LL
7095,808319.7784,151100.5466,838.9266,LL
7096,808295.3044,151095.4488,838.8404,LL
7097,808270.8441,151090.2849,838.7287,LL
7098,808246.4158,151084.9723,838.6186,LL
7099,808222.0113,151079.5491,838.5325,LL
7100,808197.6212,151074.0628,838.4206,LL
7101,808173.1977,151068.7282,838.3012,LL
7102,808148.8183,151063.1942,838.1680,LL
7103,808124.4587,151057.5729,838.0545,LL
7104,808100.1185,151051.8704,837.9532,LL
7105,808075.8406,151045.9062,837.8385,LL
7106,808051.5834,151039.8589,837.7265,LL
7107,808027.3252,151033.8148,837.6322,LL
7108,808003.0961,151027.6553,837.5314,LL
7109,807978.8802,151021.4439,837.4476,LL
7110,807954.6751,151015.1903,837.3650,LL
7111,807930.4805,151008.8967,837.2956,LL
7112,807906.3078,151002.5192,837.2190,LL
7113,807882.1212,150996.1946,837.1212,LL
7114,807857.9892,150989.6673,837.0356,LL
7115,807833.8842,150983.0384,836.9551,LL
7116,807809.8195,150976.2647,836.8786,LL
7117,807785.7667,150969.4493,836.7895,LL
7118,807761.7370,150962.5527,836.6783,LL
7119,807737.7253,150955.5936,836.5818,LL
7120,807713.7207,150948.6101,836.5099,LL
7121,807689.7471,150941.5208,836.4180,LL
7122,807665.7901,150934.3757,836.3374,LL
7123,807641.8511,150927.1702,836.2748,LL
7124,807617.9515,150919.8349,836.2125,LL
7125,807594.0715,150912.4363,836.1516,LL
7126,807570.2162,150904.9585,836.0795,LL
7127,807546.3772,150897.4290,836.0003,LL
7128,807522.5610,150889.8276,835.9462,LL
7129,807498.7529,150882.2007,835.8922,LL
7130,807475.0080,150874.3808,835.8436,LL
7131,807451.3088,150866.4224,835.8095,LL
7132,807427.5586,150858.6214,835.7599,LL
7133,807403.8769,150850.6107,835.7076,LL
7134,807380.2344,150842.4850,835.6509,LL
7135,807356.6028,150834.3277,835.5853,LL
7136,807332.9671,150826.1821,835.5351,LL
7137,807309.3996,150817.8417,835.4572,LL
7138,807285.8575,150809.4297,835.3923,LL
7139,807262.3575,150800.9007,835.3377,LL
7140,807238.8781,150792.3166,835.2645,LL
7141,807215.3564,150783.8476,835.1991,LL
7142,807191.8797,150775.2547,835.1272,LL
7143,807168.4574,150766.5147,835.0565,LL
7144,807145.0397,150757.7620,835.0036,LL
7145,807121.6697,150748.8831,834.9379,LL
7146,807098.3208,150739.9493,834.8783,LL
7147,807075.0183,150730.8949,834.7968,LL
7148,807051.7143,150721.8451,834.7087,LL
7149,807028.4562,150712.6770,834.6565,LL
7150,807005.2322,150703.4228,834.5845,LL
7151,806982.0408,150694.0871,834.5267,LL
7152,806958.8653,150684.7122,834.4798,LL
7153,806935.7569,150675.1731,834.4029,LL
7154,806912.6993,150665.5119,834.3509,LL
7155,806889.6714,150655.7799,834.3106,LL
7156,806866.6554,150646.0200,834.2299,LL
7157,806843.6176,150636.3114,834.1865,LL
7158,806820.5634,150626.6417,834.1684,LL
7159,806797.5770,150616.8122,834.1163,LL
7160,806774.6343,150606.8821,834.0775,LL
7161,806751.7803,150596.7485,834.0138,LL
7162,806728.8715,150586.7410,833.9517,LL
7163,806706.0570,150576.5189,833.8870,LL
7164,806683.2866,150566.1994,833.7978,LL
7165,806660.5502,150555.8048,833.7095,LL
7166,806637.8786,150545.2698,833.6065,LL
7167,806615.2691,150534.6021,833.5211,LL
7168,806592.6978,150523.8541,833.4382,LL
7169,806570.2217,150512.9081,833.3426,LL
7170,806547.6715,150502.1169,833.2503,LL
7171,806525.1307,150491.3047,833.1665,LL
7172,806502.5854,150480.5024,833.0682,LL
7173,806480.1447,150469.4866,832.9827,LL
7174,806457.7410,150458.3930,832.9053,LL
7175,806435.3719,150447.2301,832.8267,LL
7176,806412.9894,150436.0938,832.7491,LL
7177,806390.6627,150424.8460,832.6676,LL
7178,806368.3900,150413.4921,832.5932,LL
7179,806346.1307,150402.1116,832.5110,LL
7180,806323.8957,150390.6842,832.3882,LL
7181,806301.7036,150379.1737,832.2639,LL
7182,806279.5483,150367.5925,832.1262,LL
7183,806257.3995,150355.9990,832.0050,LL
7184,806235.3165,150344.2804,831.8833,LL
7185,806213.2820,150332.4712,831.7502,LL
7186,806191.2748,150320.6110,831.6155,LL
7187,806169.3479,150308.6028,831.4880,LL
7188,806147.4879,150296.4736,831.3702,LL
7189,806125.6332,150284.3346,831.2416,LL
7190,806103.8337,150272.0968,831.0977,LL
7191,806082.0700,150259.7957,830.9587,LL
7192,806060.3699,150247.3826,830.8244,LL
7193,806038.6626,150234.9821,830.6792,LL
7194,806016.9713,150222.5535,830.5448,LL
7195,805995.3354,150210.0285,830.4426,LL
7196,805973.7542,150197.4099,830.3181,LL
7197,805952.1869,150184.7679,830.2004,LL
7198,805930.6875,150172.0101,830.0538,LL
7199,805909.2188,150159.2011,829.9251,LL
7200,805887.7776,150146.3460,829.7838,LL
7201,805866.3318,150133.4988,829.6159,LL
7202,805844.9277,150120.5823,829.4640,LL
7203,805823.5555,150107.6126,829.3331,LL
7204,805802.2476,150094.5376,829.2305,LL
7205,805780.9382,150081.4648,829.1271,LL
7206,805759.6953,150068.2844,829.0009,LL
7207,805738.5059,150055.0191,828.8572,LL
7208,805717.2457,150041.8665,828.7467,LL
7209,805696.0407,150028.6252,828.6384,LL
7210,805674.8444,150015.3698,828.5446,LL
7211,805653.7034,150002.0263,828.4545,LL
7212,805632.5661,149988.6770,828.3544,LL
7213,805611.3669,149975.4271,828.2407,LL
7214,805590.1460,149962.2115,828.0908,LL
7215,805568.9422,149948.9686,827.9366,LL
7216,805547.7176,149935.7591,827.7762,LL
7217,805526.5082,149922.5248,827.6505,LL
7218,805505.3096,149909.2730,827.5735,LL
7219,805484.1239,149896.0004,827.5088,LL
7220,805462.9519,149882.7071,827.4264,LL
7221,805441.7173,149869.5133,827.3361,LL
7222,805420.5213,149856.2574,827.2224,LL
7223,805399.3156,149843.0170,827.1203,LL
7224,805378.1249,149829.7527,827.0219,LL
7225,805356.9007,149816.5421,826.9133,LL
7226,805335.6813,149803.3237,826.8218,LL
7227,805314.5076,149790.0323,826.6957,LL
7228,805293.2794,149776.8285,826.5750,LL
7229,805272.0764,149763.5839,826.4820,LL
7230,805250.8430,149750.3880,826.3795,LL
7231,805229.6052,149737.1990,826.3167,LL
7232,805208.3764,149723.9955,826.2394,LL
7233,805187.1845,149710.7331,826.1418,LL
7234,805166.8009,149697.9637,826.0601,LL,E
7235,812882.3015,151212.0791,848.8455,LL,B
7236,812857.3042,151212.3795,849.0265,LL
7237,812832.3072,151212.7078,849.2100,LL
7238,812807.3101,151213.0494,849.3860,LL
7239,812782.3123,151213.3266,849.5640,LL
7240,812757.3146,151213.6149,849.7200,LL
7241,812732.3177,151213.9623,849.8732,LL
7242,812707.3212,151214.3435,850.0500,LL
7243,812682.3247,151214.7287,850.2162,LL
7244,812657.3262,151214.9672,850.3428,LL
7245,812632.3279,151215.2247,850.4702,LL
7246,812607.3308,151215.5885,850.5613,LL
7247,812582.3344,151215.9998,850.6675,LL
7248,812557.3381,151216.4169,850.7695,LL
7249,812532.3416,151216.8248,850.8490,LL
7250,812507.3452,151217.2428,850.9131,LL
7251,812482.3471,151217.5496,850.9686,LL
7252,812457.3502,151217.9340,850.9999,LL
7253,812432.3535,151218.3250,851.0489,LL
7254,812407.3558,151218.6609,851.0714,LL
7255,812382.3582,151219.0044,851.0736,LL
7256,812357.3613,151219.3968,851.1028,LL
7257,812332.3638,151219.7453,851.1063,LL
7258,812307.3655,151220.0381,851.1123,LL
7259,812282.3682,151220.4040,851.1083,LL
7260,812257.3709,151220.7716,851.0895,LL
7261,812232.3736,151221.1372,851.0792,LL
7262,812207.3754,151221.4352,851.0200,LL
7263,812182.3772,151221.7293,850.9834,LL
7264,812157.3811,151222.1682,850.9252,LL
7265,812132.3842,151222.5519,850.8746,LL
7266,812107.3865,151222.8852,850.8158,LL
7267,812082.3887,151223.2100,850.7640,LL
7268,812057.3907,151223.5155,850.7095,LL
7269,812032.3933,151223.8756,850.6614,LL
7270,812007.3966,151224.2731,850.5957,LL
7271,811982.3993,151224.6310,850.5400,LL
7272,811957.4011,151224.9250,850.4967,LL
7273,811932.4035,151225.2617,850.4239,LL
7274,811907.4055,151225.5661,850.3673,LL
7275,811882.4071,151225.8453,850.3014,LL
7276,811857.4089,151226.1388,850.2478,LL
7277,811832.4106,151226.4267,850.1935,LL
7278,811807.4131,151226.7745,850.1337,LL
7279,811782.4153,151227.0869,850.0914,LL
7280,811757.4189,151227.5060,850.0253,LL
7281,811732.4222,151227.9029,849.9686,LL
7282,811707.4244,151228.2325,849.9033,LL
7283,811682.4271,151228.5899,849.8185,LL
7284,811657.4292,151228.9045,849.7663,LL
7285,811632.4315,151229.2363,849.7098,LL
7286,811607.4349,151229.6475,849.6532,LL
7287,811582.4381,151230.0363,849.5892,LL
7288,811557.4420,151230.4693,849.4991,LL
7289,811532.4446,151230.8049,849.4037,LL
7290,811507.4456,151231.0143,849.3504,LL
7291,811482.4472,151231.2937,849.3019,LL
7292,811457.4516,151231.7310,849.2524,LL
7293,811432.4541,151232.0861,849.2254,LL
7294,811407.4560,151232.3841,849.1570,LL
7295,811382.4592,151232.7655,849.1063,LL
7296,811357.4614,151233.0875,849.0289,LL
7297,811332.4632,151233.3731,848.9686,LL
7298,811307.4653,151233.6882,848.8887,LL
7299,811282.4677,151234.0268,848.8060,LL
7300,811257.4711,151234.4292,848.7347,LL
7301,811232.4747,151234.8489,848.6851,LL
7302,811207.4776,151235.2248,848.6284,LL
7303,811182.4796,151235.5316,848.5704,LL
7304,811157.4811,151235.7881,848.4893,LL
7305,811132.4829,151236.0782,848.4187,LL
7306,811107.4858,151236.4532,848.3656,LL
7307,811082.4880,151236.7788,848.2865,LL
7308,811057.4903,151237.1055,848.2284,LL
7309,811032.4931,151237.4776,848.1848,LL
7310,811007.4954,151237.7975,848.1175,LL
7311,810982.4987,151238.1933,848.0641,LL
7312,810957.5006,151238.4950,847.9865,LL
7313,810932.5031,151238.8423,847.9068,LL
7314,810907.5059,151239.2048,847.8703,LL
7315,810882.5086,151239.5481,847.7845,LL
7316,810857.5124,151239.9762,847.7287,LL
7317,810832.5143,151240.2820,847.6710,LL
7318,810807.5164,151240.5964,847.6173,LL
7319,810782.5192,151240.9630,847.5761,LL
7320,810757.5212,151241.2738,847.5065,LL
7321,810732.5233,151241.5907,847.4462,LL
7322,810707.5255,151241.9199,847.3829,LL
7323,810682.5277,151242.2308,847.3135,LL
7324,810657.5308,151242.6226,847.2655,LL
7325,810632.5324,151242.8947,847.2071,LL
7326,810607.5343,151243.1969,847.1564,LL
7327,810582.5362,151243.4985,847.0863,LL
7328,810557.5388,151243.8509,847.0236,LL
7329,810532.5420,151244.2484,846.9853,LL
7330,810507.5447,151244.6088,846.9101,LL
7331,810482.5471,151244.9496,846.8525,LL
7332,810457.5489,151245.2412,846.7935,LL
7333,810432.5510,151245.5613,846.7294,LL
7334,810407.5530,151245.8660,846.6562,LL
7335,810382.5557,151246.2170,846.5573,LL
7336,810357.5581,151246.5535,846.4700,LL
7337,810332.5600,151246.8570,846.4022,LL
7338,810307.5628,151247.2193,846.3294,LL
7339,810282.5654,151247.5768,846.2883,LL
7340,810257.5686,151247.9735,846.2359,LL
7341,810232.5707,151248.2761,846.1673,LL
7342,810207.5737,151248.6466,846.0640,LL
7343,810182.5767,151249.0261,845.9620,LL
7344,810157.5791,151249.3566,845.8462,LL
7345,810132.5810,151249.6606,845.8151,LL
7346,810107.5833,151249.9874,845.7274,LL
7347,810082.5859,151250.3299,845.6329,LL
7348,810057.5894,151250.7388,845.5593,LL
7349,810032.5909,151250.9955,845.4549,LL
7350,810007.5924,151251.2509,845.3779,LL
7351,809982.5934,151251.4646,845.2899,LL
7352,809957.5943,151251.6647,845.2112,LL
7353,809932.5950,151251.8291,845.1812,LL
7354,809907.5951,151251.8602,845.1168,LL
7355,809882.5952,151251.8312,845.0610,LL
7356,809857.5953,151251.8094,844.9934,LL
7357,809832.5963,151251.5967,844.9285,LL
7358,809807.5979,151251.3305,844.8471,LL
7359,809782.6003,151250.9889,844.7927,LL
7360,809757.6041,151250.5665,844.7428,LL
7361,809732.6090,151250.0742,844.6787,LL
7362,809707.6142,151249.5698,844.5945,LL
7363,809682.6241,151248.8858,844.5132,LL
7364,809657.6344,151248.1761,844.4333,LL
7365,809632.6483,151247.3496,844.3404,LL
7366,809607.6700,151246.3491,844.2570,LL
7367,809582.6917,151245.3119,844.1648,LL
7368,809557.7200,151244.1345,844.0702,LL
7369,809532.7450,151243.0173,844.0008,LL
7370,809507.7791,151241.7170,843.9125,LL
7371,809482.8164,151240.3556,843.8199,LL
7372,809457.8545,151238.9790,843.7232,LL
7373,809432.8997,151237.4810,843.6133,LL
7374,809407.9486,151235.9218,843.5365,LL
7375,809382.9998,151234.3245,843.4484,LL
7376,809358.0593,151232.6051,843.3534,LL
7377,809333.1192,151230.8794,843.2604,LL
7378,809308.1885,151229.0222,843.1558,LL
7379,809283.2659,151227.0614,843.0411,LL
7380,809258.3525,151224.9859,842.9141,LL
7381,809233.4452,151222.8395,842.7902,LL
7382,809208.5432,151220.6322,842.6788,LL
7383,809183.6550,151218.2727,842.5588,LL
7384,809158.7732,151215.8477,842.4515,LL
7385,809133.8909,151213.4278,842.3393,LL
7386,809109.0182,151210.9105,842.2347,LL
7387,809084.1561,151208.2911,842.1384,LL
7388,809059.3017,151205.5989,842.0054,LL
7389,809034.4506,151202.8778,841.9010,LL
7390,809009.6058,151200.1004,841.7749,LL
7391,808984.7708,151197.2346,841.6696,LL
7392,808959.9473,151194.2715,841.5546,LL
7393,808935.1265,151191.2858,841.4663,LL
7394,808910.3357,151188.0613,841.3590,LL
7395,808885.5512,151184.7875,841.2488,LL
7396,808860.7695,151181.4922,841.1464,LL
7397,808836.0074,151178.0541,841.0317,LL
7398,808811.2501,151174.5807,840.9299,LL
7399,808786.5089,151170.9943,840.8064,LL
7400,808761.7740,151167.3654,840.6889,LL
7401,808737.0484,151163.6796,840.5918,LL
7402,808712.3615,151159.7387,840.4715,LL
7403,808687.6730,151155.8068,840.3664,LL
7404,808662.9874,151151.8556,840.2657,LL
7405,808638.3105,151147.8509,840.1550,LL
7406,808613.6485,151143.7561,840.0653,LL
7407,808588.9910,151139.6339,839.9192,LL
7408,808564.3568,151135.3758,839.7974,LL
7409,808539.7411,151131.0108,839.7027,LL
7410,808515.1474,151126.5233,839.5839,LL
7411,808490.5622,151121.9897,839.4884,LL
7412,808465.9611,151117.5429,839.3742,LL
7413,808441.3771,151113.0033,839.2549,LL
7414,808416.8168,151108.3415,839.1413,LL
7415,808392.3172,151103.3657,839.0330,LL
7416,808367.8346,151098.3076,838.9314,LL
7417,808343.3552,151093.2328,838.8430,LL
7418,808318.8856,151088.1119,838.7503,LL
7419,808294.4178,151082.9824,838.6631,LL
7420,808269.9365,151077.9173,838.5421,LL
7421,808245.5093,151072.6001,838.4155,LL
7422,808221.1037,151067.1825,838.3161,LL
7423,808196.7201,151061.6666,838.2021,LL
7424,808172.3189,151056.2292,838.0924,LL
7425,808147.9282,151050.7444,837.9761,LL
7426,808123.5867,151045.0462,837.8661,LL
7427,808099.2528,151039.3151,837.7596,LL
7428,808074.9646,151033.3927,837.6597,LL
7429,808050.7004,151027.3736,837.5403,LL
7430,808026.4402,151021.3387,837.4343,LL
7431,808002.2095,151015.1853,837.3405,LL
7432,807977.9954,151008.9676,837.2595,LL
7433,807953.7970,151002.6882,837.1687,LL
7434,807929.6011,150996.3991,837.0918,LL
7435,807905.4321,150990.0089,837.0187,LL
7436,807881.2760,150983.5686,836.9264,LL
7437,807857.1553,150976.9979,836.8359,LL
7438,807833.0553,150970.3513,836.7435,LL
7439,807808.9898,150963.5805,836.6432,LL
7440,807784.9426,150956.7454,836.5573,LL
7441,807760.9024,150949.8856,836.4439,LL
7442,807736.8827,150942.9544,836.3476,LL
7443,807712.8880,150935.9383,836.2373,LL
7444,807688.8981,150928.9045,836.1444,LL
7445,807664.9505,150921.7277,836.0865,LL
7446,807641.0281,150914.4679,836.0279,LL
7447,807617.1205,150907.1588,835.9670,LL
7448,807593.2399,150899.7624,835.8958,LL
7449,807569.3920,150892.2612,835.8196,LL
7450,807545.5407,150884.7706,835.7530,LL
7451,807521.7068,150877.2248,835.7031,LL
7452,807497.9356,150869.4833,835.6637,LL
7453,807474.1820,150861.6889,835.6209,LL
7454,807450.4589,150853.8015,835.5990,LL
7455,807426.7782,150845.7883,835.5444,LL
7456,807403.1181,150837.7139,835.4894,LL
7457,807379.4643,150829.6208,835.4457,LL
7458,807355.8304,150821.4701,835.3736,LL
7459,807332.2199,150813.2524,835.3093,LL
7460,807308.6689,150804.8651,835.2398,LL
7461,807285.1337,150796.4335,835.2019,LL
7462,807261.6121,150787.9642,835.1374,LL
7463,807238.1117,150779.4363,835.0581,LL
7464,807214.6222,150770.8783,834.9934,LL
7465,807191.1303,150762.3270,834.9504,LL
7466,807167.7159,150753.5657,834.8919,LL
7467,807144.3074,150744.7886,834.8108,LL
7468,807120.9460,150735.8871,834.7386,LL
7469,807097.6142,150726.9082,834.6804,LL
7470,807074.3087,150717.8612,834.6170,LL
7471,807051.0082,150708.8013,834.5541,LL
7472,807027.7286,150699.6881,834.4848,LL
7473,807004.5049,150690.4334,834.4187,LL
7474,806981.3428,150681.0252,834.2589,LL
7475,806958.2123,150671.5401,834.2731,LL
7476,806935.1094,150661.9874,834.2176,LL
7477,806912.0581,150652.3112,834.1578,LL
7478,806889.0312,150642.5767,834.1117,LL
7479,806866.0040,150632.8432,834.0252,LL
7480,806842.9927,150623.0728,833.9589,LL
7481,806820.0477,150613.1469,833.9272,LL
7482,806797.1095,150603.2052,833.9083,LL
7483,806774.1716,150593.2630,833.8483,LL
7484,806751.2313,150583.3263,833.7798,LL
7485,806728.3324,150573.2946,833.7142,LL
7486,806705.4641,150563.1942,833.6553,LL
7487,806682.7175,150552.8219,833.5570,LL
7488,806659.9880,150542.4123,833.4737,LL
7489,806637.3250,150531.8588,833.3678,LL
7490,806614.7465,150521.1257,833.2838,LL
7491,806592.1848,150510.3574,833.1843,LL
7492,806569.6659,150499.4995,833.0748,LL
7493,806547.1478,150488.6401,832.9858,LL
7494,806524.6288,150477.7828,832.8935,LL
7495,806502.1194,150466.9054,832.7963,LL
7496,806479.6312,150455.9846,832.6965,LL
7497,806457.2210,150444.9043,832.6224,LL
7498,806434.8521,150433.7412,832.5372,LL
7499,806412.5369,150422.4708,832.4590,LL
7500,806390.2019,150411.2394,832.3789,LL
7501,806367.9162,150399.9109,832.3020,LL
7502,806345.6782,150388.4889,832.2288,LL
7503,806323.4614,150377.0262,832.0985,LL
7504,806301.2618,150365.5303,831.9478,LL
7505,806279.1097,150353.9426,831.8636,LL
7506,806257.0382,150342.2029,831.7382,LL
7507,806234.9936,150330.4123,831.6232,LL
7508,806212.9527,150318.6148,831.4710,LL
7509,806190.9788,150306.6934,831.3432,LL
7510,806169.0238,150294.7369,831.2374,LL
7511,806147.2015,150282.5396,831.1139,LL
7512,806125.4296,150270.2536,830.9977,LL
7513,806103.6440,150257.9910,830.8632,LL
7514,806081.8306,150245.7791,830.7191,LL
7515,806060.0924,150233.4326,830.6046,LL
7516,806038.4163,150220.9774,830.4798,LL
7517,806016.8197,150208.3855,830.3641,LL
7518,805995.2183,150195.8009,830.2761,LL
7519,805973.6480,150183.1634,830.1623,LL
7520,805952.1265,150170.4431,830.0486,LL
7521,805930.6029,150157.7262,829.9275,LL
7522,805909.1137,150144.9518,829.8014,LL
7523,805887.6773,150132.0884,829.6972,LL
7524,805866.2775,150119.1642,829.5584,LL
7525,805844.9023,150106.1996,829.4220,LL
7526,805823.5409,150093.2122,829.3258,LL
7527,805802.2434,150080.1209,829.2046,LL
7528,805781.0440,150066.8709,829.1135,LL
7529,805759.8450,150053.6196,829.0159,LL
7530,805738.6464,150040.3678,828.9308,LL
7531,805717.4436,150027.1227,828.8463,LL
7532,805696.1778,150013.9789,828.7563,LL
7533,805674.9789,150000.7279,828.6554,LL
7534,805653.8294,149987.3981,828.5735,LL
7535,805632.6705,149974.0834,828.4556,LL
7536,805611.5071,149960.7759,828.3253,LL
7537,805590.3103,149947.5216,828.2051,LL
7538,805569.1213,149934.2554,828.0611,LL
7539,805547.8770,149921.0774,827.9120,LL
7540,805526.6479,149907.8747,827.7998,LL
7541,805505.4565,149894.6113,827.7223,LL
7542,805484.2684,149881.3429,827.6616,LL
7543,805463.0381,149868.1420,827.5481,LL
7544,805441.8490,149854.8752,827.4497,LL
7545,805420.6745,149841.5849,827.3628,LL
7546,805399.4228,149828.4187,827.2609,LL
7547,805378.2321,149815.1546,827.1593,LL
7548,805357.0187,149801.9266,827.0225,LL
7549,805335.8236,149788.6692,826.9445,LL
7550,805314.6471,149775.3823,826.8540,LL
7551,805293.4648,149762.1048,826.7431,LL
7552,805272.2590,149748.8645,826.6480,LL
7553,805251.0295,149735.6622,826.5569,LL
7554,805229.8091,149722.4454,826.4663,LL
7555,805208.5859,149709.2331,826.3865,LL
7556,805187.3460,149696.0475,826.3077,LL
7557,805172.7206,149686.9326,826.2474,LL,E
7558,810771.2431,151359.5306,847.2965,LL,B
7559,810746.2447,151359.2637,847.2316,LL
7560,810721.2464,151358.9889,847.1735,LL
7561,810696.2481,151358.7131,847.1190,LL
7562,810671.2499,151358.4337,847.0646,LL
7563,810646.2515,151358.2112,847.0081,LL
7564,810621.2541,151357.8586,846.9369,LL
7565,810596.2558,151357.5844,846.8650,LL
7566,810571.2577,151357.2849,846.8200,LL
7567,810546.2599,151356.9595,846.7728,LL
7568,810521.2630,151356.5762,846.7039,LL
7569,810496.2643,151356.3675,846.6348,LL
7570,810471.2656,151356.1357,846.5522,LL
7571,810446.2673,151355.8567,846.4867,LL
7572,810421.2695,151355.5434,846.4141,LL
7573,810396.2710,151355.2811,846.3535,LL
7574,810371.2731,151354.9610,846.2981,LL
7575,810346.2749,151354.6670,846.2480,LL
7576,810321.2770,151354.3478,846.2143,LL
7577,810296.2799,151353.9860,846.1616,LL
7578,810271.2820,151353.6762,846.1055,LL
7579,810246.2835,151353.4334,846.0410,LL
7580,810221.2856,151353.1212,846.0103,LL
7581,810196.2880,151352.7884,845.9491,LL
7582,810171.2893,151352.5509,845.8823,LL
7583,810146.2913,151352.2408,845.8296,LL
7584,810121.2937,151351.9056,845.7745,LL
7585,810096.3008,151351.3335,845.7319,LL
7586,810071.3045,151350.9317,845.6527,LL
7587,810046.3048,151350.9095,845.5767,LL
7588,810021.3080,151350.5613,845.5095,LL
7589,809996.3148,151349.9862,845.4339,LL
7590,809971.3159,151349.7811,845.3665,LL
7591,809946.3200,151349.3583,845.2960,LL
7592,809921.3255,151348.8428,845.2372,LL
7593,809896.3284,151348.4686,845.1917,LL
7594,809871.3318,151348.0594,845.1613,LL
7595,809846.3348,151347.6748,845.1489,LL
7596,809821.3394,151347.1936,845.1505,LL
7597,809796.3473,151346.5781,845.1396,LL
7598,809771.3570,151345.8831,845.1214,LL
7599,809746.3644,151345.2800,845.1005,LL
7600,809721.3749,151344.5626,845.0389,LL
7601,809696.3850,151343.8574,844.9545,LL
7602,809671.3927,151343.2432,844.8891,LL
7603,809646.4020,151342.5666,844.8225,LL
7604,809621.4110,151341.9003,844.7501,LL
7605,809596.4179,151341.3259,844.6635,LL
7606,809571.4277,151340.7532,844.5677,LL
7607,809546.4580,151339.5299,844.4637,LL
7608,809521.4859,151338.3509,844.3853,LL
7609,809496.5192,151337.0648,844.3110,LL
7610,809471.5531,151335.7662,844.2171,LL
7611,809446.5912,151334.3920,844.1120,LL
7612,809421.6332,151332.9490,844.0104,LL
7613,809396.6883,151331.2953,843.8944,LL
7614,809371.7409,151329.6786,843.7828,LL
7615,809346.7951,151328.0375,843.6734,LL
7616,809321.8587,151326.2583,843.5838,LL
7617,809296.9294,151324.3828,843.4870,LL
7618,809272.0051,151322.4415,843.3870,LL
7619,809247.0892,151320.3951,843.2817,LL
7620,809222.1758,151318.3195,843.1784,LL
7621,809197.2745,151316.1048,843.0591,LL
7622,809172.3839,151313.7706,842.9714,LL
7623,809147.4989,151311.3777,842.8783,LL
7624,809122.6197,151308.9271,842.7785,LL
7625,809097.7507,151306.3737,842.6637,LL
7626,809072.8902,151303.7383,842.5560,LL
7627,809048.0420,151300.9898,842.4566,LL
7628,809023.1916,151298.2613,842.3469,LL
7629,808998.3391,151295.5531,842.2249,LL
7630,808973.5035,151292.6944,842.1091,LL
7631,808948.6903,151289.6467,842.0093,LL
7632,808923.8823,151286.5568,841.8887,LL
7633,808899.0824,151283.4018,841.7763,LL
7634,808874.2903,151280.1866,841.6647,LL
7635,808849.5068,151276.9056,841.5478,LL
7636,808824.7501,151273.4283,841.4363,LL
7637,808800.0201,151269.7657,841.3310,LL
7638,808775.2900,151266.1039,841.2189,LL
7639,808750.5725,151262.3589,841.1102,LL
7640,808725.8771,151258.4700,840.9941,LL
7641,808701.1768,151254.6122,840.8834,LL
7642,808676.4755,151250.7609,840.7804,LL
7643,808651.7941,151246.7836,840.6860,LL
7644,808627.1258,151242.7268,840.5609,LL
7645,808602.4605,151238.6519,840.4348,LL
7646,808577.7973,151234.5638,840.3163,LL
7647,808553.1336,151230.4796,840.1867,LL
7648,808528.4990,151226.2230,840.0499,LL
7649,808503.8784,151221.8861,839.9451,LL
7650,808479.2646,151217.5102,839.8291,LL
7651,808454.6626,151213.0688,839.7188,LL
7652,808430.0817,151208.5117,839.6175,LL
7653,808405.5314,151203.7934,839.5144,LL
7654,808380.9910,151199.0231,839.4175,LL
7655,808356.4686,151194.1611,839.3037,LL
7656,808331.9841,151189.1120,839.2014,LL
7657,808307.5185,151183.9724,839.1010,LL
7658,808283.0873,151178.6706,839.0125,LL
7659,808258.6468,151173.4119,838.9198,LL
7660,808234.2160,151168.1091,838.8000,LL
7661,808209.7849,151162.8073,838.6930,LL
7662,808185.3800,151157.3864,838.5886,LL
7663,808160.9956,151151.8737,838.4864,LL
7664,808136.6152,151146.3438,838.3752,LL
7665,808112.2612,151140.6987,838.2724,LL
7666,808087.9384,151134.9207,838.1843,LL
7667,808063.6329,151129.0695,838.0921,LL
7668,808039.3460,151123.1424,837.9809,LL
7669,808015.0785,151117.1363,837.8811,LL
7670,807990.8145,151111.1156,837.7940,LL
7671,807966.5719,151105.0088,837.7389,LL
7672,807942.3526,151098.8105,837.6751,LL
7673,807918.1344,151092.6081,837.5845,LL
7674,807893.9253,151086.3700,837.5004,LL
7675,807869.7659,151079.9430,837.4105,LL
7676,807845.6552,151073.3352,837.3155,LL
7677,807821.5489,151066.7116,837.2028,LL
7678,807797.4727,151059.9791,837.0970,LL
7679,807773.3936,151053.2572,836.9862,LL
7680,807749.3431,151046.4340,836.8560,LL
7681,807725.3112,151039.5457,836.7304,LL
7682,807701.3281,151032.4897,836.6084,LL
7683,807677.3538,151025.4024,836.5447,LL
7684,807653.3981,151018.2525,836.5052,LL
7685,807629.4517,151011.0714,836.4812,LL
7686,807605.5223,151003.8339,836.4440,LL
7687,807581.6094,150996.5421,836.4000,LL
7688,807557.7432,150989.0994,836.3335,LL
7689,807533.9303,150981.4877,836.2672,LL
7690,807510.1924,150973.6462,836.2346,LL
7691,807486.4619,150965.7816,836.2049,LL
7692,807462.6795,150958.0745,836.1717,LL
7693,807438.9167,150950.3077,836.1236,LL
7694,807415.1357,150942.5967,836.0638,LL
7695,807391.3514,150934.8960,836.0063,LL
7696,807367.5786,150927.1599,835.9406,LL
7697,807343.8200,150919.3812,835.8674,LL
7698,807320.1198,150911.4268,835.7994,LL
7699,807296.5698,150903.0375,835.7379,LL
7700,807273.0685,150894.5119,835.6625,LL
7701,807249.5642,150885.9947,835.6073,LL
7702,807226.0670,150877.4580,835.5394,LL
7703,807202.6254,150868.7697,835.4678,LL
7704,807179.1997,150860.0387,835.3995,LL
7705,807155.7847,150851.2791,835.2997,LL
7706,807132.4183,150842.3912,835.2160,LL
7707,807109.0564,150833.4913,835.1448,LL
7708,807085.6694,150824.6572,835.0803,LL
7709,807062.3057,150815.7615,835.0531,LL
7710,807038.9982,150806.7197,835.0287,LL
7711,807015.7344,150797.5665,834.9735,LL
7712,806992.5149,150788.3012,834.8928,LL
7713,806969.2744,150779.0885,834.8398,LL
7714,806946.0451,150769.8479,834.8027,LL
7715,806922.8804,150760.4464,834.7192,LL
7716,806899.7516,150750.9575,834.6574,LL
7717,806876.6365,150741.4350,834.5630,LL
7718,806853.5290,150731.8937,834.5093,LL
7719,806830.4510,150722.2816,834.4571,LL
7720,806807.4345,150712.5243,834.4224,LL
7721,806784.5040,150702.5648,834.4145,LL
7722,806761.5840,150692.5814,834.4001,LL
7723,806738.6834,150682.5536,834.3452,LL
7724,806715.9117,150672.2364,834.3077,LL
7725,806693.1585,150661.8786,834.2509,LL
7726,806670.4217,150651.4860,834.1840,LL
7727,806647.6440,150641.1824,834.0962,LL
7728,806624.8637,150630.8842,834.0188,LL
7729,806602.1258,150620.4933,833.9418,LL
7730,806579.3981,150610.0804,833.8569,LL
7731,806556.7752,150599.4417,833.7786,LL
7732,806534.2247,150588.6499,833.6957,LL
7733,806511.6472,150577.9150,833.5900,LL
7734,806489.1007,150567.1147,833.5022,LL
7735,806466.5871,150556.2464,833.4095,LL
7736,806444.1896,150545.1407,833.3210,LL
7737,806421.7475,150534.1254,833.2370,LL
7738,806399.3506,150523.0183,833.1390,LL
7739,806377.0568,150511.7063,833.0353,LL
7740,806354.7403,150500.4388,832.9327,LL
7741,806332.4220,150489.1755,832.7918,LL
7742,806310.1325,150477.8543,832.7036,LL
7743,806287.8846,150466.4519,832.6051,LL
7744,806265.3804,150455.5683,832.4737,LL
7745,806258.5981,150452.0470,832.4297,LL,E
7746,806254.9029,150449.5815,832.4107,LL,B
7747,806232.9473,150437.6289,832.2788,LL
7748,806210.8202,150425.9953,832.1506,LL
7749,806188.8249,150414.1132,832.0404,LL
7750,806166.8709,150402.1545,831.9402,LL
7751,806144.9055,150390.2172,831.8280,LL
7752,806123.0084,150378.1553,831.7185,LL
7753,806101.1177,150366.0815,831.5830,LL
7754,806079.2431,150353.9785,831.4626,LL
7755,806057.4437,150341.7405,831.3438,LL
7756,806035.6895,150329.4220,831.2360,LL
7757,806013.8925,150317.1797,831.1278,LL
7758,805992.1917,150304.7681,831.0091,LL
7759,805970.5397,150292.2713,830.8809,LL
7760,805948.9316,150279.6985,830.7529,LL
7761,805927.3768,150267.0347,830.6268,LL
7762,805905.8431,150254.3348,830.5179,LL
7763,805884.3165,150241.6229,830.4095,LL
7764,805862.8831,150228.7549,830.2966,LL
7765,805841.5465,150215.7270,830.1572,LL
7766,805820.1769,150202.7531,830.0211,LL
7767,805798.8418,150189.7225,829.8910,LL
7768,805777.5269,150176.6590,829.7562,LL
7769,805756.2457,150163.5420,829.6139,LL
7770,805734.9660,150150.4217,829.4438,LL
7771,805713.7173,150137.2509,829.2761,LL
7772,805692.5073,150124.0181,829.1189,LL
7773,805671.2326,150110.8895,828.9563,LL
7774,805650.0029,150097.6883,828.7919,LL
7775,805628.7197,150084.5736,828.6373,LL
7776,805607.5217,150071.3212,828.5166,LL
7777,805586.3346,150058.0511,828.4062,LL
7778,805565.1569,150044.7662,828.2923,LL
7779,805543.9209,150031.5746,828.1825,LL
7780,805522.6879,150018.3783,828.0502,LL
7781,805501.5007,150005.1084,827.9383,LL
7782,805480.2847,149991.8849,827.8187,LL
7783,805459.0890,149978.6288,827.6904,LL
7784,805437.9225,149965.3260,827.5858,LL
7785,805416.8036,149951.9480,827.4847,LL
7786,805395.5708,149938.7511,827.3695,LL
7787,805374.3201,149925.5836,827.2391,LL
7788,805353.0806,149912.3978,827.1151,LL
7789,805331.8554,149899.1888,827.0066,LL
7790,805310.6494,149885.9490,826.9006,LL
7791,805289.4560,149872.6891,826.7799,LL
7792,805268.2603,149859.4328,826.6803,LL
7793,805247.0500,149846.1998,826.5857,LL
7794,805225.8473,149832.9546,826.4960,LL
7795,805204.6345,149819.7256,826.4086,LL
7796,805183.4304,149806.4828,826.3048,LL
7797,805162.2790,149793.1558,826.2071,LL
7798,805141.1156,149779.8479,826.1136,LL
7799,805119.8871,149766.6441,826.0144,LL
7800,805098.6424,149753.4663,825.9256,LL
7801,805077.3976,149740.2886,825.8483,LL
7802,805056.1341,149727.1410,825.7930,LL
7803,805034.8852,149713.9700,825.7177,LL
7804,805013.7025,149700.6927,825.6462,LL
7805,804992.5261,149687.4053,825.5807,LL
7806,804971.3538,149674.1112,825.5382,LL
7807,804950.1340,149660.8932,825.5070,LL
7808,804928.8838,149647.7241,825.4849,LL
7809,804907.6462,149634.5345,825.4776,LL
7810,804886.4136,149621.3369,825.4701,LL
7811,804865.2320,149608.0577,825.4638,LL
7812,804844.0990,149594.7012,825.4528,LL
7813,804822.9781,149581.3256,825.4186,LL
7814,804801.7861,149568.0635,825.3908,LL
7815,804780.5164,149554.9260,825.3690,LL
7816,804759.2895,149541.7193,825.3662,LL
7817,804738.0748,149528.4930,825.3787,LL
7818,804716.7890,149515.3816,825.3791,LL
7819,804695.5654,149502.1696,825.3958,LL
7820,804674.3265,149488.9822,825.4106,LL
7821,804653.1422,149475.7073,825.4306,LL
7822,804631.9297,149462.4777,825.4753,LL
7823,804610.7586,149449.1817,825.5259,LL
7824,804589.5203,149435.9935,825.5722,LL
7825,804568.3129,149422.7556,825.6058,LL
7826,804547.1390,149409.4641,825.6536,LL
7827,804525.9290,149396.2305,825.7071,LL
7828,804504.7203,149382.9946,825.7402,LL
7829,804483.5157,149369.7520,825.7388,LL
7830,804462.2955,149356.5347,825.6947,LL
7831,804441.0097,149343.4231,825.7014,LL
7832,804419.7500,149330.2693,825.6942,LL
7833,804398.5850,149316.9640,825.7611,LL
7834,804377.3682,149303.7424,825.8444,LL
7835,804356.1374,149290.5419,825.8890,LL
7836,804334.9460,149277.2784,825.9317,LL
7837,804313.7089,149264.0881,825.9506,LL
7838,804292.4736,149250.8951,825.9674,LL
7839,804271.2773,149237.6392,825.9988,LL
7840,804250.0813,149224.3830,826.0235,LL
7841,804228.8910,149211.1179,826.0197,LL
7842,804207.7006,149197.8526,826.0678,LL
7843,804186.4775,149184.6397,826.0981,LL
7844,804165.2645,149171.4107,826.1274,LL
7845,804144.0307,149158.2151,826.1608,LL
7846,804122.7920,149145.0274,826.1793,LL
7847,804101.5846,149131.7893,826.2003,LL
7848,804080.3785,149118.5493,826.2195,LL
7849,804059.1864,149105.2867,826.2380,LL
7850,804038.0037,149092.0093,826.2823,LL
7851,804016.8345,149078.7102,826.3019,LL
7852,803995.6672,149065.4083,826.3231,LL
7853,803974.4788,149052.1399,826.3542,LL
7854,803953.2920,149038.8689,826.3875,LL
7855,803932.0962,149025.6124,826.4118,LL
7856,803910.9155,149012.3316,826.4163,LL
7857,803889.7094,148999.0915,826.4182,LL
7858,803868.4965,148985.8623,826.4381,LL
7859,803847.3039,148972.6006,826.4615,LL
7860,803826.0925,148959.3691,826.4868,LL
7861,803804.9041,148946.1006,826.4791,LL
7862,803783.6976,148932.8612,826.4420,LL
7863,803762.4755,148919.6471,826.4077,LL
7864,803741.2962,148906.3642,826.3955,LL
7865,803720.1180,148893.0794,826.3877,LL
7866,803698.9400,148879.7945,826.4086,LL
7867,803677.7456,148866.5358,826.4157,LL
7868,803656.5471,148853.2836,826.4241,LL
7869,803635.3757,148839.9880,826.4339,LL
7870,803614.1638,148826.7574,826.4403,LL
7871,803592.9260,148813.5680,826.4560,LL
7872,803571.6762,148800.3983,826.4799,LL
7873,803550.4439,148787.2003,826.5092,LL
7874,803529.2386,148773.9588,826.5255,LL
7875,803508.0365,148760.7122,826.5109,LL
7876,803486.8177,148747.4925,826.4892,LL
7877,803465.5966,148734.2767,826.5333,LL
7878,803444.3574,148721.0899,826.5480,LL
7879,803423.1680,148707.8232,826.6247,LL
7880,803401.9755,148694.5615,826.6686,LL
7881,803380.7782,148681.3077,826.7284,LL
7882,803359.5655,148668.0782,826.7818,LL
7883,803338.4090,148654.7599,826.8193,LL
7884,803317.2110,148641.5068,826.8746,LL
7885,803296.0137,148628.2526,826.9180,LL
7886,803274.8179,148614.9962,826.9661,LL
7887,803253.6275,148601.7312,827.0431,LL
7888,803232.4125,148588.5056,827.1238,LL
7889,803211.1996,148575.2766,827.2009,LL
7890,803189.9695,148562.0754,827.2765,LL
7891,803168.7411,148548.8713,827.3658,LL
7892,803147.5221,148535.6522,827.4495,LL
7893,803126.3032,148522.4327,827.4908,LL
7894,803105.0775,148509.2241,827.5443,LL
7895,803083.8589,148496.0041,827.5728,LL
7896,803062.6335,148482.7949,827.6078,LL
7897,803041.4074,148469.5870,827.6592,LL
7898,803020.2245,148456.3100,827.7081,LL
7899,802999.0230,148443.0625,827.7436,LL
7900,802977.8478,148429.7730,827.7759,LL
7901,802956.6481,148416.5228,827.8166,LL
7902,802935.4488,148403.2719,827.8682,LL
7903,802914.2559,148390.0107,827.8931,LL
7904,802893.0646,148376.7469,827.9079,LL
7905,802871.8498,148363.5208,827.9255,LL
7906,802850.6480,148350.2737,827.9714,LL
7907,802829.4407,148337.0356,828.0011,LL
7908,802808.2594,148323.7559,828.0237,LL
7909,802787.0981,148310.4444,828.0776,LL
7910,802765.9325,148297.1398,828.1222,LL
7911,802744.7120,148283.9229,828.1165,LL
7912,802723.5347,148270.6369,828.1641,LL
7913,802702.3356,148257.3858,828.1622,LL
7914,802681.1551,148244.1048,828.2169,LL
7915,802659.9777,148230.8188,828.2495,LL
7916,802638.7853,148217.5570,828.2983,LL
7917,802617.5697,148204.3321,828.3543,LL
7918,802596.3561,148191.1041,828.4098,LL
7919,802575.1583,148177.8508,828.4511,LL
7920,802553.9373,148164.6346,828.4913,LL
7921,802532.7081,148151.4317,828.5258,LL
7922,802511.4836,148138.2212,828.5607,LL
7923,802490.2972,148124.9497,828.6043,LL
7924,802469.0905,148111.7105,828.6172,LL
7925,802447.8765,148098.4831,828.6440,LL
7926,802426.6801,148085.2275,828.6470,LL
7927,802405.4921,148071.9584,828.6712,LL
7928,802384.3179,148058.6673,828.6880,LL
7929,802363.1396,148045.3829,828.7336,LL
7930,802341.9495,148032.1175,828.8017,LL
7931,802320.7400,148018.8830,828.8412,LL
7932,802299.4993,148005.6985,828.8676,LL
7933,802278.2523,147992.5242,828.8946,LL
7934,802256.9969,147979.3634,828.9208,LL
7935,802235.7630,147966.1681,828.9532,LL
7936,802214.5497,147952.9396,828.9966,LL
7937,802193.3594,147939.6743,829.0362,LL
7938,802172.2045,147926.3526,829.0683,LL
7939,802151.0277,147913.0657,829.1041,LL
7940,802129.8351,147899.8040,829.1406,LL
7941,802108.6428,147886.5419,829.1543,LL
7942,802087.4477,147873.2842,829.1908,LL
7943,802066.2284,147860.0653,829.2256,LL
7944,802044.9795,147846.8939,829.2406,LL
7945,802023.7471,147833.6961,829.2519,LL
7946,802002.5016,147820.5193,829.2741,LL
7947,801981.2736,147807.3144,829.2949,LL
7948,801960.0652,147794.0781,829.2995,LL
7949,801938.8968,147780.7778,829.3203,LL
7950,801917.6961,147767.5290,829.3505,LL
7951,801896.5023,147754.2693,829.3874,LL
7952,801875.3191,147740.9926,829.4202,LL
7953,801854.1287,147727.7275,829.4683,LL
7954,801832.9274,147714.4797,829.5002,LL
7955,801811.6766,147701.3116,829.5406,LL
7956,801790.4161,147688.1591,829.5970,LL
7957,801769.1969,147674.9401,829.6427,LL
7958,801748.0127,147661.6651,829.6774,LL
7959,801726.8071,147648.4242,829.7027,LL
7960,801705.5935,147635.1961,829.7213,LL
7961,801684.3833,147621.9625,829.7564,LL
7962,801663.1592,147608.7514,829.7681,LL
7963,801641.9586,147595.5025,829.7759,LL
7964,801620.7450,147582.2744,829.7832,LL
7965,801599.5200,147569.0646,829.8059,LL
7966,801578.3062,147555.8370,829.8652,LL
7967,801557.0678,147542.6489,829.9005,LL
7968,801535.8558,147529.4183,829.9281,LL
7969,801514.6703,147516.1453,829.9482,LL
7970,801493.4971,147502.8526,829.9667,LL
7971,801472.3425,147489.5304,830.0067,LL
7972,801451.1723,147476.2330,830.0295,LL
7973,801430.0000,147462.9388,830.0611,LL
7974,801408.7932,147449.6999,830.0764,LL
7975,801387.5652,147436.4951,830.1033,LL
7976,801366.3371,147423.2903,830.1338,LL
7977,801345.1155,147410.0749,830.1301,LL
7978,801323.8908,147396.8648,830.1527,LL
7979,801302.6554,147383.6717,830.1718,LL
7980,801281.4078,147370.4984,830.1966,LL
7981,801260.1785,147357.2955,830.2281,LL
7982,801238.9498,147344.0916,830.2632,LL
7983,801217.7751,147330.8015,830.3004,LL
7984,801196.5800,147317.5438,830.3435,LL
7985,801175.4079,147304.2494,830.3826,LL
7986,801154.2169,147290.9853,830.4114,LL
7987,801133.0086,147277.7488,830.4578,LL
7988,801111.8169,147264.4857,830.4901,LL
7989,801090.6033,147251.2576,830.5155,LL
7990,801069.3934,147238.0236,830.5463,LL
7991,801048.1721,147224.8080,830.5791,LL
7992,801026.9810,147211.5440,830.6103,LL
7993,801005.7953,147198.2713,830.6383,LL
7994,800984.5959,147185.0205,830.6517,LL
7995,800963.3967,147171.7694,830.6762,LL
7996,800942.1893,147158.5314,830.7278,LL
7997,800920.9785,147145.2989,830.7620,LL
7998,800899.7829,147132.0420,830.7811,LL
7999,800878.5888,147118.7827,830.8125,LL
8000,800857.4262,147105.4732,830.8600,LL
8001,800836.3064,147092.0959,830.8977,LL
8002,800815.2044,147078.6906,830.9439,LL
8003,800793.9965,147065.4536,830.9529,LL
8004,800772.6994,147052.3606,830.9725,LL
8005,800751.4657,147039.1648,831.0046,LL
8006,800730.2633,147025.9189,831.0345,LL
8007,800709.0524,147012.6864,831.0380,LL
8008,800687.7568,146999.5909,831.0457,LL
8009,800666.4471,146986.5182,831.0582,LL
8010,800645.1318,146973.4546,831.0756,LL
8011,800623.9488,146960.1778,831.1174,LL
8012,800602.7434,146946.9370,831.1652,LL
8013,800581.5684,146933.6474,831.2013,LL
8014,800560.3601,146920.4109,831.2431,LL
8015,800539.1327,146907.2050,831.2977,LL
8016,800517.9099,146893.9916,831.3042,LL
8017,800496.7057,146880.7486,831.3197,LL
8018,800475.5480,146867.4314,831.3302,LL
8019,800454.3762,146854.1365,831.3842,LL
8020,800433.2159,146840.8234,831.4241,LL
8021,800412.0135,146827.5778,831.4436,LL
8022,800390.7493,146814.4313,831.4490,LL
8023,800369.5410,146801.1947,831.4714,LL
8024,800348.2594,146788.0764,831.4752,LL
8025,800327.0382,146774.8605,831.4889,LL
8026,800305.8275,146761.6279,831.5052,LL
8027,800284.6162,146748.3963,831.5482,LL
8028,800263.4315,146735.1221,831.6100,LL
8029,800242.3053,146721.7550,831.6481,LL
8030,800221.1489,146708.4358,831.6918,LL
8031,800199.9262,146695.2223,831.7010,LL
8032,800178.7250,146681.9744,831.7431,LL
8033,800157.4954,146668.7720,831.7589,LL
8034,800136.2831,146655.5421,831.8046,LL
8035,800115.0708,146642.3119,831.8449,LL
8036,800093.8655,146629.0706,831.8869,LL
8037,800072.6509,146615.8441,831.9145,LL
8038,800051.4487,146602.5979,831.9583,LL
8039,800030.2438,146589.3558,831.9719,LL
8040,800009.0776,146576.0522,832.0015,LL
8041,799987.8826,146562.7943,832.0274,LL
8042,799966.6587,146549.5827,832.0511,LL
8043,799945.4437,146536.3570,832.0798,LL
8044,799924.2377,146523.1168,832.1276,LL
8045,799903.0333,146509.8740,832.1840,LL
8046,799881.8266,146496.6351,832.2350,LL
8047,799860.6442,146483.3570,832.2679,LL
8048,799839.4555,146470.0891,832.2791,LL
8049,799818.2735,146456.8106,832.2823,LL
8050,799797.0748,146443.5586,832.2855,LL
8051,799775.8548,146430.3408,832.3225,LL
8052,799754.6364,146417.1205,832.3499,LL
8053,799733.4740,146403.8107,832.3990,LL
8054,799712.2877,146390.5390,832.4280,LL
8055,799691.0593,146377.3348,832.4550,LL
8056,799669.8613,146364.0816,832.4726,LL
8057,799648.6736,146350.8123,832.5028,LL
8058,799627.5185,146337.4908,832.5326,LL
8059,799606.3494,146324.1917,832.5703,LL
8060,799585.2126,146310.8413,832.5975,LL
8061,799564.0023,146297.6081,832.6231,LL
8062,799542.7442,146284.4518,832.6495,LL
8063,799521.4677,146271.3251,832.6674,LL
8064,799500.1868,146258.2056,832.7149,LL
8065,799478.9428,146245.0265,832.7492,LL
8066,799457.7221,146231.8100,832.7741,LL
8067,799436.5850,146218.4601,832.8025,LL
8068,799415.4386,146205.1249,832.8273,LL
8069,799394.2755,146191.8163,832.8781,LL
8070,799373.0372,146178.6280,832.9015,LL
8071,799351.7844,146165.4630,832.9206,LL
8072,799330.5458,146152.2750,832.9485,LL
8073,799309.3195,146139.0674,832.9787,LL
8074,799288.1493,146125.7701,833.0231,LL
8075,799266.9696,146112.4879,833.0477,LL
8076,799245.7700,146099.2374,833.0610,LL
8077,799224.5874,146085.9600,833.0790,LL
8078,799203.3648,146072.7465,833.1214,LL
8079,799182.1394,146059.5374,833.1507,LL
8080,799160.9163,146046.3247,833.1652,LL
8081,799139.7171,146033.0737,833.1921,LL
8082,799118.4869,146019.8725,833.2105,LL
8083,799097.2423,146006.6943,833.2031,LL
8084,799075.9984,145993.5149,833.2585,LL
8085,799054.7716,145980.3080,833.2723,LL
8086,799033.5663,145967.0666,833.2970,LL
8087,799012.3632,145953.8219,833.3314,LL
8088,798991.1702,145940.5608,833.3699,LL
8089,798969.9683,145927.3143,833.3785,LL
8090,798948.7571,145914.0825,833.4104,LL
8091,798927.5406,145900.8591,833.4522,LL
8092,798906.3176,145887.6463,833.4886,LL
8093,798885.1232,145874.3876,833.5209,LL
8094,798863.9383,145861.1138,833.5602,LL
8095,798842.7296,145847.8783,833.6085,LL
8096,798821.5205,145834.6431,833.6326,LL
8097,798800.3010,145821.4244,833.6100,LL
8098,798779.0830,145808.2036,833.6700,LL
8099,798757.8555,145794.9978,833.6981,LL
8100,798736.6276,145781.7931,833.7168,LL
8101,798715.4217,145768.5529,833.7594,LL
8102,798694.2501,145755.2577,833.7888,LL
8103,798673.0812,145741.9586,833.8307,LL
8104,798651.8716,145728.7241,833.8564,LL
8105,798630.6713,145715.4750,833.8811,LL
8106,798609.4658,145702.2340,833.9106,LL
8107,798588.2667,145688.9829,833.9353,LL
8108,798567.0604,145675.7432,833.9463,LL
8109,798545.8454,145662.5174,833.9883,LL
8110,798524.6372,145649.2808,834.0286,LL
8111,798503.4325,145636.0385,834.0821,LL
8112,798482.2262,145622.7988,834.1123,LL
8113,798461.0369,145609.5319,834.1504,LL
8114,798439.8485,145596.2638,834.1785,LL
8115,798418.6577,145582.9992,834.1900,LL
8116,798397.4322,145569.7902,834.1956,LL
8117,798376.2367,145556.5332,834.2168,LL
8118,798355.0085,145543.3287,834.2241,LL
8119,798333.7898,145530.1088,834.2305,LL
8120,798312.5667,145516.8961,834.2522,LL
8121,798291.3496,145503.6735,834.2665,LL
8122,798270.1619,145490.4040,834.2830,LL
8123,798248.9841,145477.1188,834.2989,LL
8124,798227.8151,145463.8195,834.3130,LL
8125,798206.6204,145450.5612,834.3038,LL
8126,798185.4037,145437.3381,834.3090,LL
8127,798164.1924,145424.1064,834.3052,LL
8128,798142.9573,145410.9127,834.2925,LL
8129,798121.7619,145397.6554,834.2957,LL
8130,798100.5630,145384.4038,834.2791,LL
8131,798079.3485,145371.1772,834.2569,LL
8132,798058.1292,145357.9584,834.2359,LL
8133,798036.9404,145344.6907,834.2165,LL
8134,798015.7537,145331.4196,834.1860,LL
8135,797994.5534,145318.1701,834.1760,LL
8136,797981.4308,145310.0113,834.1637,LL,E
8137,805090.4523,149735.4085,826.1043,LL,B
8138,805069.1739,149722.2852,826.0231,LL
8139,805047.9382,149709.0929,825.9548,LL
8140,805026.7420,149695.8372,825.8739,LL
8141,805005.5809,149682.5255,825.8159,LL
8142,804984.4040,149669.2391,825.7784,LL
8143,804963.1790,149656.0293,825.7456,LL
8144,804941.9397,149642.8427,825.7236,LL
8145,804920.6740,149629.6985,825.7232,LL
8146,804899.4552,149616.4787,825.7098,LL
8147,804878.2423,149603.2496,825.7141,LL
8148,804857.0822,149589.9359,825.6825,LL
8149,804835.9632,149576.5580,825.6346,LL
8150,804814.8127,149563.2293,825.6031,LL
8151,804793.5658,149550.0552,825.5772,LL
8152,804772.3099,149536.8952,825.5763,LL
8153,804751.1056,149523.6523,825.5906,LL
8154,804729.9176,149510.3842,825.5937,LL
8155,804708.6795,149497.1956,825.6186,LL
8156,804687.4387,149484.0111,825.6274,LL
8157,804666.2441,149470.7527,825.6566,LL
8158,804645.0659,149457.4680,825.7090,LL
8159,804623.8399,149444.2600,825.7405,LL
8160,804602.6366,149431.0155,825.7814,LL
8161,804581.4127,149417.8041,825.8371,LL
8162,804560.1916,149404.5880,825.8824,LL
8163,804538.9733,149391.3676,825.9335,LL
8164,804517.7739,149378.1168,825.9564,LL
8165,804496.5897,149364.8420,825.9751,LL
8166,804475.3498,149351.6562,825.9982,LL
8167,804454.0558,149338.5578,825.9924,LL
8168,804432.7736,149325.4404,825.9913,LL
8169,804411.5090,149312.2944,826.0340,LL
8170,804390.2892,149299.0767,826.0832,LL
8171,804369.1244,149285.7709,826.1306,LL
8172,804347.9022,149272.5567,826.1569,LL
8173,804326.6945,149259.3190,826.1859,LL
8174,804305.5047,149246.0529,826.2228,LL
8175,804284.3084,149232.7972,826.2334,LL
8176,804263.1505,149219.4805,826.2753,LL
8177,804241.9702,149206.1991,826.2970,LL
8178,804220.7490,149192.9833,826.3142,LL
8179,804199.5512,149179.7300,826.3222,LL
8180,804178.3189,149166.5318,826.3535,LL
8181,804157.1030,149153.3075,826.3840,LL
8182,804135.8752,149140.1024,826.4224,LL
8183,804114.6598,149126.8771,826.4215,LL
8184,804093.4598,149113.6273,826.4324,LL
8185,804072.2573,149100.3815,826.4679,LL
8186,804051.0823,149087.0917,826.4995,LL
8187,804029.9094,149073.7985,826.5233,LL
8188,804008.7564,149060.4739,826.5478,LL
8189,803987.5746,149047.1948,826.5645,LL
8190,803966.3824,149033.9325,826.6117,LL
8191,803945.1986,149020.6568,826.6442,LL
8192,803924.0122,149007.3852,826.6641,LL
8193,803902.8136,148994.1331,826.6923,LL
8194,803881.6239,148980.8667,826.6987,LL
8195,803860.4204,148967.6224,826.7122,LL
8196,803839.1904,148954.4206,826.7172,LL
8197,803817.9849,148941.1797,826.7270,LL
8198,803796.7891,148927.9230,826.7407,LL
8199,803775.5831,148914.6829,826.6703,LL
8200,803754.3731,148901.4492,826.6018,LL
8201,803733.1725,148888.2004,826.5782,LL
8202,803712.0472,148874.8317,826.5619,LL
8203,803690.9182,148861.4690,826.5687,LL
8204,803669.7602,148848.1521,826.5990,LL
8205,803648.6021,148834.8355,826.6421,LL
8206,803627.4100,148821.5730,826.6346,LL
8207,803606.1818,148808.3684,826.6303,LL
8208,803584.9261,148795.2082,826.6465,LL
8209,803563.6890,148782.0178,826.6760,LL
8210,803542.4705,148768.7976,826.6854,LL
8211,803521.2726,148755.5445,826.7197,LL
8212,803500.0348,148742.3553,826.7187,LL
8213,803478.8072,148729.1497,826.7187,LL
8214,803457.5558,148715.9824,826.7290,LL
8215,803436.3316,148702.7716,826.7736,LL
8216,803415.1546,148689.4852,826.8375,LL
8217,803393.9531,148676.2378,826.8909,LL
8218,803372.7452,148663.0008,826.9378,LL
8219,803351.5691,148649.7129,826.9978,LL
8220,803330.4068,148636.4029,827.0399,LL
8221,803309.1874,148623.1849,827.0847,LL
8222,803287.9802,148609.9466,827.1424,LL
8223,803266.8184,148596.6364,827.2257,LL
8224,803245.6158,148583.3911,827.3274,LL
8225,803224.3836,148570.1930,827.4239,LL
8226,803203.1306,148557.0286,827.4785,LL
8227,803181.9177,148543.7997,827.5678,LL
8228,803160.7081,148530.5657,827.6750,LL
8229,803139.5064,148517.3187,827.7545,LL
8230,803118.2866,148504.1007,827.7919,LL
8231,803097.0838,148490.8554,827.8416,LL
8232,803075.8477,148477.6637,827.8964,LL
8233,803054.5948,148464.4989,827.9274,LL
8234,803033.3780,148451.2760,827.9847,LL
8235,803012.1557,148438.0619,828.0157,LL
8236,802990.9460,148424.8276,828.0358,LL
8237,802969.7314,148411.6012,828.0817,LL
8238,802948.5091,148398.3871,828.1095,LL
8239,802927.2887,148385.1700,828.1587,LL
8240,802906.1158,148371.8768,828.1759,LL
8241,802884.8897,148358.6688,828.1884,LL
8242,802863.6661,148345.4568,828.2376,LL
8243,802842.4634,148332.2113,828.2621,LL
8244,802821.2850,148318.9270,828.2919,LL
8245,802800.1252,148305.6129,828.3048,LL
8246,802778.9457,148292.3304,828.3529,LL
8247,802757.7436,148279.0839,828.3722,LL
8248,802736.4855,148265.9275,828.3925,LL
8249,802715.3338,148252.6012,828.4144,LL
8250,802694.1657,148239.3004,828.4570,LL
8251,802673.0061,148225.9862,828.4826,LL
8252,802651.8303,148212.6977,828.5018,LL
8253,802630.6526,148199.4122,828.5647,LL
8254,802609.4371,148186.1875,828.6073,LL
8255,802588.2110,148172.9796,828.6460,LL
8256,802567.0134,148159.7258,828.6875,LL
8257,802545.8546,148146.4103,828.7319,LL
8258,802524.6913,148133.1020,828.7839,LL
8259,802503.4988,148119.8401,828.7993,LL
8260,802482.2862,148106.6105,828.8142,LL
8261,802461.1090,148093.3243,828.8456,LL
8262,802439.8843,148080.1140,828.8622,LL
8263,802418.6836,148066.8654,828.8712,LL
8264,802397.5180,148053.5606,828.8957,LL
8265,802376.3086,148040.3259,828.9129,LL
8266,802355.0903,148027.1055,828.9865,LL
8267,802333.8942,148013.8494,829.0211,LL
8268,802312.6820,148000.6191,829.0529,LL
8269,802291.4378,147987.4403,829.0879,LL
8270,802270.1778,147974.2869,829.1136,LL
8271,802248.9318,147961.1110,829.1516,LL
8272,802227.7448,147947.8403,829.1856,LL
8273,802206.5536,147934.5764,829.2222,LL
8274,802185.3788,147921.2863,829.2574,LL
8275,802164.1787,147908.0367,829.2902,LL
8276,802142.9773,147894.7890,829.3212,LL
8277,802121.7789,147881.5365,829.3531,LL
8278,802100.5912,147868.2671,829.3682,LL
8279,802079.3879,147855.0226,829.4150,LL
8280,802058.1374,147841.8539,829.4578,LL
8281,802036.9157,147828.6388,829.4734,LL
8282,802015.6934,147815.4246,829.5030,LL
8283,801994.4603,147802.2278,829.5296,LL
8284,801973.2589,147788.9805,829.5434,LL
8285,801952.0458,147775.7515,829.5769,LL
8286,801930.8482,147762.4981,829.5784,LL
8287,801909.6522,147749.2420,829.5975,LL
8288,801888.4608,147735.9784,829.6310,LL
8289,801867.2800,147722.6981,829.6721,LL
8290,801846.0597,147709.4808,829.7302,LL
8291,801824.8049,147696.3192,829.7863,LL
8292,801803.5643,147683.1345,829.8286,LL
8293,801782.3359,147669.9304,829.8713,LL
8294,801761.1469,147656.6632,829.8831,LL
8295,801739.9504,147643.4078,829.8978,LL
8296,801718.7294,147630.1916,829.9320,LL
8297,801697.5128,147616.9684,829.9566,LL
8298,801676.2822,147603.7676,829.9832,LL
8299,801655.0758,147590.5280,829.9870,LL
8300,801633.8615,147577.3010,830.0063,LL
8301,801612.6611,147564.0519,830.0514,LL
8302,801591.4330,147550.8470,830.0847,LL
8303,801570.2383,147537.5889,830.1367,LL
8304,801549.0245,147524.3612,830.1737,LL
8305,801527.8363,147511.0924,830.1959,LL
8306,801506.6613,147497.8027,830.2178,LL
8307,801485.5028,147484.4866,830.2197,LL
8308,801464.3415,147471.1752,830.2362,LL
8309,801443.1404,147457.9269,830.2574,LL
8310,801421.9237,147444.7038,830.2729,LL
8311,801400.7273,147431.4483,830.2985,LL
8312,801379.4974,147418.2465,830.3309,LL
8313,801358.3158,147404.9674,830.3544,LL
8314,801337.1253,147391.7025,830.3697,LL
8315,801315.8741,147378.5350,830.3830,LL
8316,801294.6091,147365.3898,830.4116,LL
8317,801273.3474,147352.2392,830.4634,LL
8318,801252.1573,147338.9737,830.4979,LL
8319,801230.9812,147325.6857,830.5502,LL
8320,801209.7947,147312.4158,830.6090,LL
8321,801188.6116,147299.1394,830.6518,LL
8322,801167.4090,147285.8937,830.6847,LL
8323,801146.2121,147272.6388,830.7028,LL
8324,801125.0184,147259.3789,830.7105,LL
8325,801103.8252,147246.1181,830.7557,LL
8326,801082.6089,147232.8944,830.7752,LL
8327,801061.3915,147219.6724,830.8083,LL
8328,801040.1736,147206.4513,830.8443,LL
8329,801018.9917,147193.1727,830.8637,LL
8330,800997.7995,147179.9104,830.8757,LL
8331,800976.6050,147166.6517,830.8881,LL
8332,800955.4101,147153.3939,830.9192,LL
8333,800934.1684,147140.2111,830.9552,LL
8334,800912.9804,147126.9421,830.9771,LL
8335,800891.7898,147113.6773,831.0077,LL
8336,800870.6063,147100.4010,831.0584,LL
8337,800849.4417,147087.0948,831.0951,LL
8338,800828.2323,147073.8603,831.1364,LL
8339,800806.9939,147060.6721,831.1497,LL
8340,800785.7651,147047.4685,831.1721,LL
8341,800764.5211,147034.2892,831.1983,LL
8342,800743.3246,147021.0339,831.2220,LL
8343,800722.1358,147007.7661,831.2513,LL
8344,800700.9298,146994.5259,831.2584,LL
8345,800679.6483,146981.4073,831.2876,LL
8346,800658.3731,146968.2785,831.3326,LL
8347,800637.1033,146955.1411,831.3656,LL
8348,800615.9259,146941.8556,831.4068,LL
8349,800594.7717,146928.5327,831.4633,LL
8350,800573.5322,146915.3465,831.4884,LL
8351,800552.2959,146902.1550,831.5135,LL
8352,800531.0863,146888.9204,831.5220,LL
8353,800509.9236,146875.6126,831.5664,LL
8354,800488.6638,146862.4590,831.6011,LL
8355,800467.4718,146849.1963,831.6164,LL
8356,800446.2992,146835.9027,831.6420,LL
8357,800425.1139,146822.6293,831.6731,LL
8358,800403.9528,146809.3174,831.6797,LL
8359,800382.7412,146796.0864,831.7049,LL
8360,800361.5140,146782.8801,831.7387,LL
8361,800340.3089,146769.6389,831.7744,LL
8362,800319.0508,146756.4824,831.8065,LL
8363,800297.8438,146743.2438,831.8376,LL
8364,800276.6483,146729.9868,831.8883,LL
8365,800255.4822,146716.6830,831.9284,LL
8366,800234.3466,146703.3305,831.9476,LL
8367,800213.1736,146690.0378,831.9793,LL
8368,800191.9613,146676.8077,832.0120,LL
8369,800170.7213,146663.6221,832.0475,LL
8370,800149.4979,146650.4098,832.0883,LL
8371,800128.2996,146637.1572,832.1051,LL
8372,800107.0991,146623.9082,832.1458,LL
8373,800085.8785,146610.6913,832.1976,LL
8374,800064.6658,146597.4619,832.2061,LL
8375,800043.4431,146584.2484,832.2269,LL
8376,800022.1924,146571.0799,832.2445,LL
8377,800000.9949,146557.8262,832.2743,LL
8378,799979.7638,146544.6263,832.3177,LL
8379,799958.5632,146531.3774,832.3469,LL
8380,799937.3565,146518.1383,832.3958,LL
8381,799916.1697,146504.8674,832.4374,LL
8382,799894.9789,146491.6028,832.4649,LL
8383,799873.7968,146478.3245,832.4938,LL
8384,799852.5930,146465.0807,832.5162,LL
8385,799831.3835,146451.8460,832.5214,LL
8386,799810.2245,146438.5313,832.5456,LL
8387,799788.9780,146425.3560,832.5570,LL
8388,799767.7847,146412.0958,832.5826,LL
8389,799746.5933,146398.8325,832.6148,LL
8390,799725.4118,146385.5533,832.6465,LL
8391,799704.2227,146372.2864,832.6854,LL
8392,799682.9649,146359.1295,832.7397,LL
8393,799661.8052,146345.8155,832.7641,LL
8394,799640.6373,146332.5145,832.7899,LL
8395,799619.4638,146319.2223,832.8051,LL
8396,799598.2848,146305.9390,832.8246,LL
8397,799577.1170,146292.6381,832.8623,LL
8398,799555.8864,146279.4374,832.8869,LL
8399,799534.6095,146266.3119,832.9362,LL
8400,799513.3574,146253.1457,832.9866,LL
8401,799492.1347,146239.9326,833.0274,LL
8402,799470.9734,146226.6212,833.0498,LL
8403,799449.7773,146213.3650,833.0590,LL
8404,799428.5747,146200.1193,833.0834,LL
8405,799407.3677,146186.8807,833.1312,LL
8406,799386.1040,146173.7335,833.1622,LL
8407,799364.8636,146160.5487,833.1909,LL
8408,799343.6311,146147.3510,833.2328,LL
8409,799322.4522,146134.0677,833.2470,LL
8410,799301.2518,146120.8185,833.2787,LL
8411,799280.0418,146107.5846,833.3060,LL
8412,799258.8839,146094.2685,833.3232,LL
8413,799237.6980,146080.9966,833.3576,LL
8414,799216.5193,146067.7128,833.3770,LL
8415,799195.2975,146054.4981,833.4182,LL
8416,799174.0457,146041.3315,833.4721,LL
8417,799152.8456,146028.0819,833.5112,LL
8418,799131.6258,146014.8638,833.5312,LL
8419,799110.3327,146001.7641,833.5416,LL
8420,799089.1411,145988.5011,833.5788,LL
8421,799067.9371,145975.2577,833.6209,LL
8422,799046.7102,145962.0510,833.6419,LL
8423,799025.5308,145948.7685,833.6651,LL
8424,799004.3455,145935.4951,833.7098,LL
8425,798983.1324,145922.2670,833.7231,LL
8426,798961.9138,145909.0472,833.7699,LL
8427,798940.7205,145895.7867,833.7938,LL
8428,798919.5064,145882.5593,833.8125,LL
8429,798898.2954,145869.3270,833.8537,LL
8430,798877.0948,145856.0781,833.8748,LL
8431,798855.9024,145842.8163,833.9025,LL
8432,798834.6772,145829.6069,833.9343,LL
8433,798813.4821,145816.3493,833.9561,LL
8434,798792.2688,145803.1207,834.0020,LL
8435,798771.0277,145789.9368,834.0403,LL
8436,798749.7977,145776.7351,834.0721,LL
8437,798728.5599,145763.5460,834.0922,LL
8438,798707.3682,145750.2828,834.1160,LL
8439,798686.1752,145737.0218,834.1511,LL
8440,798664.9846,145723.7569,834.1919,LL
8441,798643.8245,145710.4435,834.1889,LL
8442,798622.6450,145697.1609,834.1966,LL
8443,798601.4045,145683.9759,834.2163,LL
8444,798580.2051,145670.7253,834.2318,LL
8445,798558.9897,145657.5000,834.2798,LL
8446,798537.7930,145644.2449,834.3147,LL
8447,798516.5801,145631.0161,834.3650,LL
8448,798495.3261,145617.8531,834.4175,LL
8449,798474.1508,145604.5639,834.4325,LL
8450,798452.9617,145591.2967,834.4515,LL
8451,798431.7825,145578.0135,834.4310,LL
8452,798410.5773,145564.7720,834.4580,LL
8453,798389.3529,145551.5615,834.5083,LL
8454,798368.1260,145538.3546,834.5331,LL
8455,798346.9112,145525.1285,834.5525,LL
8456,798325.6957,145511.9035,834.5673,LL
8457,798304.5036,145498.6411,834.5659,LL
8458,798283.3034,145485.3916,834.5771,LL
8459,798262.1433,145472.0779,834.5813,LL
8460,798240.9579,145458.8053,834.5888,LL
8461,798219.7345,145445.5929,834.5986,LL
8462,798198.5483,145432.3209,834.6058,LL
8463,798177.3268,145419.1056,834.6004,LL
8464,798156.0984,145405.9013,834.6001,LL
8465,798134.9134,145392.6275,834.5819,LL
8466,798113.7570,145379.3084,834.5604,LL
8467,798092.5191,145366.1192,834.5529,LL
8468,798071.3047,145352.8927,834.5430,LL
8469,798050.1021,145339.6474,834.5321,LL
8470,798028.9024,145326.3971,834.5010,LL
8471,798007.6820,145313.1799,834.4772,LL
8472,797986.4750,145299.9413,834.4438,LL
8473,797983.7410,145298.2399,834.4386,LL,E
8474,805096.4460,149724.9987,825.9547,LL,B
8475,805075.2324,149711.7709,825.8809,LL
8476,805054.0104,149698.5565,825.8171,LL
8477,805032.7996,149685.3240,825.7488,LL
8478,805011.6246,149672.0344,825.6687,LL
8479,804990.4763,149658.7025,825.5994,LL
8480,804969.2548,149645.4872,825.5643,LL
8481,804948.0261,149632.2834,825.5460,LL
8482,804926.8048,149619.0677,825.5349,LL
8483,804905.6226,149605.7893,825.5159,LL
8484,804884.4465,149592.5012,825.5095,LL
8485,804863.2165,149579.2995,825.5028,LL
8486,804842.0836,149565.9431,825.4920,LL
8487,804820.9698,149552.5563,825.4416,LL
8488,804799.8046,149539.2509,825.4183,LL
8489,804778.5158,149526.1461,825.4227,LL
8490,804757.2765,149512.9593,825.4442,LL
8491,804736.0203,149499.7998,825.4528,LL
8492,804714.7794,149486.6158,825.4764,LL
8493,804693.5225,149473.4574,825.5017,LL
8494,804672.2945,149460.2525,825.5317,LL
8495,804651.0958,149447.0006,825.5633,LL
8496,804629.9313,149433.6941,825.5933,LL
8497,804608.7783,149420.3696,825.6381,LL
8498,804587.5717,149407.1304,825.6939,LL
8499,804566.3868,149393.8565,825.7372,LL
8500,804545.1769,149380.6228,825.7777,LL
8501,804523.9554,149367.4074,825.8072,LL
8502,804502.7113,149354.2287,825.8222,LL
8503,804481.4209,149341.1246,825.8331,LL
8504,804460.1746,149327.9491,825.8281,LL
8505,804438.8991,149314.8209,825.8347,LL
8506,804417.6155,149301.7061,825.8850,LL
8507,804396.5841,149288.1909,825.9137,LL
8508,804377.7847,149276.6805,825.9720,LL,E
8509,804348.1964,149258.1796,826.0289,LL,B
8510,804327.0963,149244.7717,826.0588,LL
8511,804305.8611,149231.5798,826.0986,LL
8512,804284.6361,149218.3701,826.1252,LL
8513,804263.4834,149205.0454,826.1447,LL
8514,804242.3249,149191.7298,826.1782,LL
8515,804221.0683,149178.5710,826.1887,LL
8516,804199.8183,149165.4016,826.2039,LL
8517,804178.5444,149152.2707,826.2330,LL
8518,804157.3229,149139.0553,826.2460,LL
8519,804136.1343,149125.7872,826.2821,LL
8520,804114.9433,149112.5230,826.3013,LL
8521,804093.7536,149099.2570,826.3096,LL
8522,804072.5027,149086.0891,826.3463,LL
8523,804051.3668,149072.7372,826.3621,LL
8524,804030.1951,149059.4423,826.3970,LL
8525,804008.9998,149046.1848,826.4316,LL
8526,803987.8252,149032.8944,826.4520,LL
8527,803966.6418,149019.6180,826.4860,LL
8528,803945.4778,149006.3108,826.5047,LL
8529,803924.3064,148993.0152,826.5300,LL
8530,803903.1456,148979.7028,826.5455,LL
8531,803881.8745,148966.5675,826.5579,LL
8532,803860.6408,148953.3718,826.5657,LL
8533,803839.4002,148940.1870,826.5841,LL
8534,803818.1820,148926.9663,826.5679,LL
8535,803796.9775,148913.7237,826.5394,LL
8536,803775.7961,148900.4443,826.4629,LL
8537,803754.5807,148887.2191,826.4019,LL
8538,803733.4039,148873.9325,826.3770,LL
8539,803712.2020,148860.6857,826.3713,LL
8540,803691.0288,148847.3932,826.3852,LL
8541,803669.8739,148834.0714,826.4140,LL
8542,803648.6964,148820.7855,826.4192,LL
8543,803627.5419,148807.4632,826.4013,LL
8544,803606.3709,148794.1671,826.4146,LL
8545,803585.1633,148780.9298,826.4485,LL
8546,803563.9045,148767.7744,826.4734,LL
8547,803542.6650,148754.5879,826.5010,LL
8548,803521.4272,148741.3987,826.4981,LL
8549,803500.2051,148728.1842,826.5168,LL
8550,803478.9978,148714.9461,826.5193,LL
8551,803457.7706,148701.7400,826.5589,LL
8552,803436.5777,148688.4787,826.5893,LL
8553,803415.3732,148675.2362,826.6397,LL
8554,803394.1967,148661.9490,826.6980,LL
8555,803373.0229,148648.6577,826.7775,LL
8556,803351.8207,148635.4119,826.8496,LL
8557,803330.7095,148622.0210,826.8813,LL
8558,803309.4623,148608.8489,826.9188,LL
8559,803288.2738,148595.5809,826.9990,LL
8560,803267.0647,148582.3459,827.0844,LL
8561,803245.8397,148569.1365,827.1775,LL
8562,803224.6215,148555.9159,827.2433,LL
8563,803203.4080,148542.6882,827.3350,LL
8564,803182.1883,148529.4703,827.4368,LL
8565,803160.9922,148516.2147,827.5337,LL
8566,803139.7896,148502.9692,827.6000,LL
8567,803118.5380,148489.8023,827.6479,LL
8568,803097.3136,148476.5917,827.6934,LL
8569,803076.0817,148463.3935,827.7469,LL
8570,803054.8382,148450.2136,827.7948,LL
8571,803033.5961,148437.0313,827.8391,LL
8572,803012.3891,148423.7928,827.8745,LL
8573,802991.1700,148410.5736,827.9089,LL
8574,802969.9590,148397.3413,827.9445,LL
8575,802948.7666,148384.0794,827.9825,LL
8576,802927.5225,148370.9006,828.0325,LL
8577,802906.3095,148357.6716,828.0585,LL
8578,802885.0794,148344.4701,828.0722,LL
8579,802863.8310,148331.2986,828.1065,LL
8580,802842.7068,148317.9282,828.1372,LL
8581,802821.4625,148304.7509,828.1615,LL
8582,802800.2426,148291.5335,828.1888,LL
8583,802779.0618,148278.2531,828.1973,LL
8584,802757.8104,148265.0867,828.2137,LL
8585,802736.6081,148251.8407,828.2619,LL
8586,802715.5230,148238.4088,828.2524,LL
8587,802694.4235,148224.9995,828.2770,LL
8588,802673.2923,148211.6402,828.2990,LL
8589,802652.0825,148198.4075,828.3335,LL
8590,802630.9328,148185.0777,828.3797,LL
8591,802609.6724,148171.9251,828.4277,LL
8592,802588.4653,148158.6870,828.4648,LL
8593,802567.2637,148145.4396,828.5062,LL
8594,802546.1240,148132.0939,828.5340,LL
8595,802524.9175,148118.8551,828.5899,LL
8596,802503.7107,148105.6161,828.6180,LL
8597,802482.5105,148092.3665,828.6341,LL
8598,802461.3084,148079.1201,828.6658,LL
8599,802440.1281,148065.8386,828.6705,LL
8600,802418.9222,148052.5983,828.6869,LL
8601,802397.6916,148039.3977,828.7274,LL
8602,802376.4639,148026.1927,828.7745,LL
8603,802355.2666,148012.9386,828.8111,LL
8604,802334.0841,147999.6607,828.8543,LL
8605,802312.8320,147986.4958,828.8741,LL
8606,802291.6322,147973.2456,828.9073,LL
8607,802270.3871,147960.0682,828.9254,LL
8608,802249.1665,147946.8515,828.9660,LL
8609,802227.9784,147933.5827,829.0098,LL
8610,802206.7450,147920.3867,829.0361,LL
8611,802185.5602,147907.1126,829.0654,LL
8612,802164.3731,147893.8422,829.1110,LL
8613,802143.1847,147880.5738,829.1430,LL
8614,802122.0167,147867.2728,829.1826,LL
8615,802100.8390,147853.9874,829.2059,LL
8616,802079.6217,147840.7653,829.2459,LL
8617,802058.3908,147827.5651,829.2678,LL
8618,802037.1334,147814.4079,829.2632,LL
8619,802015.8956,147801.2192,829.2857,LL
8620,801994.6954,147787.9696,829.3221,LL
8621,801973.5125,147774.6926,829.2196,LL
8622,801952.2846,147761.4874,829.3733,LL
8623,801931.0930,147748.2241,829.3907,LL
8624,801909.8852,147734.9869,829.4195,LL
8625,801888.6755,147721.7526,829.4474,LL
8626,801867.4828,147708.4911,829.4836,LL
8627,801846.2867,147695.2352,829.5275,LL
8628,801825.0379,147682.0637,829.5842,LL
8629,801803.7860,147668.8974,829.6373,LL
8630,801782.5479,147655.7090,829.6873,LL
8631,801761.3722,147642.4202,829.7060,LL
8632,801740.1788,147629.1599,829.7240,LL
8633,801718.9552,147615.9477,829.7514,LL
8634,801697.7303,147602.7378,829.7701,LL
8635,801676.5059,147589.5270,829.7846,LL
8636,801655.2664,147576.3407,829.7914,LL
8637,801634.0742,147563.0783,829.8141,LL
8638,801612.8921,147549.8000,829.8591,LL
8639,801591.6856,147536.5606,829.8875,LL
8640,801570.4677,147523.3395,829.9361,LL
8641,801549.2432,147510.1289,829.9736,LL
8642,801528.0614,147496.8499,829.9832,LL
8643,801506.8819,147483.5673,829.9968,LL
8644,801485.6992,147470.2897,830.0166,LL
8645,801464.4891,147457.0561,830.0426,LL
8646,801443.2878,147443.8083,830.0705,LL
8647,801422.1146,147430.5156,830.0959,LL
8648,801400.9163,147417.2631,830.1324,LL
8649,801379.7084,147404.0259,830.1807,LL
8650,801358.5349,147390.7338,830.1913,LL
8651,801337.3571,147377.4486,830.1894,LL
8652,801316.0984,147364.2931,830.2168,LL
8653,801294.8777,147351.0764,830.2419,LL
8654,801273.6547,147337.8636,830.2977,LL
8655,801252.4532,147324.6161,830.3419,LL
8656,801231.2938,147311.3017,830.3744,LL
8657,801210.1249,147298.0023,830.4246,LL
8658,801188.8976,147284.7962,830.4620,LL
8659,801167.6690,147271.5922,830.5015,LL
8660,801146.4374,147258.3930,830.5175,LL
8661,801125.2661,147245.0974,830.5322,LL
8662,801104.1569,147231.7038,830.5508,LL
8663,801082.9654,147218.4404,830.5733,LL
8664,801061.7124,147205.2758,830.6108,LL
8665,801040.4607,147192.1092,830.6499,LL
8666,801019.2577,147178.8640,830.6474,LL
8667,800998.0884,147165.5654,830.6674,LL
8668,800976.8961,147152.3031,830.6976,LL
8669,800955.6614,147139.1090,830.7331,LL
8670,800934.4371,147125.8981,830.7646,LL
8671,800913.2089,147112.6936,830.7945,LL
8672,800892.0814,147099.3292,830.8298,LL
8673,800870.9037,147086.0440,830.8674,LL
8674,800849.6951,147072.8080,830.8962,LL
8675,800828.4891,147059.5677,830.9297,LL
8676,800807.2382,147046.3997,830.9572,LL
8677,800786.0150,147033.1873,830.9724,LL
8678,800764.7940,147019.9714,831.0034,LL
8679,800743.5922,147006.7243,831.0214,LL
8680,800722.3708,146993.5088,831.0474,LL
8681,800701.1440,146980.3019,831.0733,LL
8682,800679.9420,146967.0552,831.0921,LL
8683,800658.7060,146953.8632,831.1314,LL
8684,800637.4338,146940.7297,831.1731,LL
8685,800616.2549,146927.4461,831.2009,LL
8686,800595.0823,146914.1525,831.2352,LL
8687,800573.8867,146900.8956,831.2687,LL
8688,800552.6178,146887.7576,831.3144,LL
8689,800531.4092,146874.5216,831.3427,LL
8690,800510.1772,146861.3230,831.3606,LL
8691,800488.9818,146848.0660,831.3815,LL
8692,800467.8420,146834.7203,831.4192,LL
8693,800446.6477,146821.4613,831.4526,LL
8694,800425.4285,146808.2423,831.4794,LL
8695,800404.2464,146794.9639,831.4984,LL
8696,800383.0410,146781.7227,831.5180,LL
8697,800361.8320,146768.4873,831.5587,LL
8698,800340.6143,146755.2658,831.5935,LL
8699,800319.3853,146742.0625,831.6206,LL
8700,800298.1420,146728.8822,831.6580,LL
8701,800277.0086,146715.5264,831.6840,LL
8702,800255.8345,146702.2354,831.7248,LL
8703,800234.6609,146688.9434,831.7599,LL
8704,800213.4238,146675.7543,831.7953,LL
8705,800192.2448,146662.4714,831.8369,LL
8706,800171.0161,146649.2677,831.8625,LL
8707,800149.7763,146636.0817,831.9009,LL
8708,800128.5588,146622.8599,831.9458,LL
8709,800107.3890,146609.5625,831.9667,LL
8710,800086.1583,146596.3619,832.0214,LL
8711,800064.9042,146583.1996,832.0483,LL
8712,800043.6584,146570.0236,832.0705,LL
8713,800022.5152,146556.6859,832.0913,LL
8714,800001.3999,146543.3025,832.0981,LL
8715,799980.1695,146530.1023,832.1191,LL
8716,799958.9805,146516.8348,832.1577,LL
8717,799937.7690,146503.6035,832.1915,LL
8718,799916.5039,146490.4589,832.2285,LL
8719,799895.2633,146477.2741,832.2682,LL
8720,799874.0627,146464.0254,832.2933,LL
8721,799852.8678,146450.7673,832.3259,LL
8722,799831.6773,146437.5022,832.3270,LL
8723,799810.4783,146424.2508,832.3479,LL
8724,799789.2758,146411.0052,832.3833,LL
8725,799768.1235,146397.6801,832.4130,LL
8726,799746.9885,146384.3284,832.4329,LL
8727,799725.7444,146371.1493,832.4719,LL
8728,799704.4607,146358.0348,832.5150,LL
8729,799683.2740,146344.7659,832.5447,LL
8730,799662.1703,146331.3636,832.5732,LL
8731,799640.8766,146318.2677,832.5990,LL
8732,799619.5592,146305.2076,832.6424,LL
8733,799598.4359,146291.8375,832.6504,LL
8734,799577.3270,146278.4448,832.6730,LL
8735,799556.1519,146265.1552,832.7069,LL
8736,799534.8673,146252.0439,832.7479,LL
8737,799513.6476,146238.8260,832.7803,LL
8738,799492.4801,146225.5245,832.8070,LL
8739,799471.3141,146212.2204,832.8270,LL
8740,799450.1006,146198.9922,832.8605,LL
8741,799428.8982,146185.7462,832.8951,LL
8742,799407.6788,146172.5275,832.9361,LL
8743,799386.4662,146159.2977,832.9625,LL
8744,799365.2272,146146.1106,832.9903,LL
8745,799343.9983,146132.9071,833.0344,LL
8746,799322.7396,146119.7516,833.0722,LL
8747,799301.5425,146106.4973,833.0898,LL
8748,799280.3744,146093.1966,833.1195,LL
8749,799259.1865,146079.9273,833.1227,LL
8750,799237.9958,146066.6627,833.1573,LL
8751,799216.8413,146053.3403,833.1863,LL
8752,799195.6454,146040.0841,833.2230,LL
8753,799174.4127,146026.8868,833.2657,LL
8754,799153.1620,146013.7183,833.2901,LL
8755,799131.9110,146000.5504,833.3199,LL
8756,799110.6619,145987.3795,833.3556,LL
8757,799089.4316,145974.1783,833.3724,LL
8758,799068.2600,145960.8840,833.4071,LL
8759,799047.0306,145947.6814,833.4426,LL
8760,799025.8197,145934.4490,833.4602,LL
8761,799004.6059,145921.2213,833.5029,LL
8762,798983.4953,145907.8296,833.5115,LL
8763,798962.2573,145894.6422,833.5393,LL
8764,798941.0419,145881.4171,833.5714,LL
8765,798919.7790,145868.2683,833.5963,LL
8766,798898.5519,145855.0624,833.6300,LL
8767,798877.3522,145841.8128,833.6732,LL
8768,798856.1664,145828.5404,833.7096,LL
8769,798834.9744,145815.2777,833.7429,LL
8770,798813.7818,145802.0160,833.7720,LL
8771,798792.5544,145788.8102,833.8024,LL
8772,798771.2926,145775.6602,833.8298,LL
8773,798750.0868,145762.4197,833.8481,LL
8774,798728.8463,145749.2350,833.8743,LL
8775,798707.6121,145736.0400,833.9128,LL
8776,798686.4341,145722.7551,833.9444,LL
8777,798665.2467,145709.4850,833.9781,LL
8778,798644.0685,145696.2003,833.9900,LL
8779,798622.8773,145682.9364,834.0123,LL
8780,798601.6807,145669.6811,834.0341,LL
8781,798580.4591,145656.4660,834.0627,LL
8782,798559.2364,145643.2526,834.0962,LL
8783,798538.0152,145630.0368,834.1475,LL
8784,798516.8241,145616.7728,834.1948,LL
8785,798495.6279,145603.5168,834.2359,LL
8786,798474.4098,145590.2961,834.2473,LL
8787,798453.2070,145577.0509,834.2703,LL
8788,798431.9712,145563.8586,834.2771,LL
8789,798410.7682,145550.6137,834.2722,LL
8790,798389.5964,145537.3191,834.3069,LL
8791,798368.3868,145524.0845,834.3451,LL
8792,798347.2267,145510.7710,834.3546,LL
8793,798326.0108,145497.5469,834.3647,LL
8794,798304.7969,145484.3192,834.3817,LL
8795,798283.5732,145471.1074,834.3820,LL
8796,798262.3580,145457.8818,834.3844,LL
8797,798241.1472,145444.6490,834.3790,LL
8798,798219.9504,145431.3941,834.3854,LL
8799,798198.7930,145418.0764,834.4014,LL
8800,798177.5505,145404.8947,834.4000,LL
8801,798156.3465,145391.6515,834.4061,LL
8802,798135.1736,145378.3583,834.3773,LL
8803,798113.9813,145365.0961,834.3585,LL
8804,798092.7886,145351.8347,834.3540,LL
8805,798071.5440,145338.6564,834.3328,LL
8806,798050.3167,145325.4504,834.3139,LL
8807,798029.1340,145312.1729,834.3003,LL
8808,798007.9616,145298.8789,834.2813,LL
8809,797989.8795,145287.5617,834.2618,LL,E
8810,805106.1181,149717.3134,825.7187,LL,B
8811,805084.8869,149704.1139,825.6357,LL
8812,805063.6794,149690.8762,825.5662,LL
8813,805042.5001,149677.5936,825.4890,LL
8814,805021.3324,149664.2924,825.4100,LL
8815,805000.1793,149650.9679,825.3463,LL
8816,804979.0176,149637.6570,825.3146,LL
8817,804957.8371,149624.3759,825.2796,LL
8818,804936.6622,149611.0862,825.2666,LL
8819,804915.4889,149597.7937,825.2516,LL
8820,804894.3261,149584.4845,825.2466,LL
8821,804873.1311,149571.2268,825.2255,LL
8822,804851.9205,149557.9938,825.2136,LL
8823,804830.7128,149544.7563,825.1901,LL
8824,804809.4842,149531.5525,825.1836,LL
8825,804788.2738,149518.3193,825.1773,LL
8826,804767.0767,149505.0649,825.1721,LL
8827,804745.8784,149491.8122,825.1869,LL
8828,804724.6826,149478.5556,825.2080,LL
8829,804703.4661,149465.3323,825.2256,LL
8830,804682.2396,149452.1250,825.2380,LL
8831,804661.0009,149438.9373,825.2688,LL
8832,804639.7585,149425.7554,825.3124,LL
8833,804618.5290,149412.5531,825.3641,LL
8834,804597.2845,149399.3748,825.4263,LL
8835,804576.0552,149386.1720,825.4784,LL
8836,804554.8558,149372.9212,825.5245,LL
8837,804533.6704,149359.6480,825.5550,LL
8838,804512.4906,149346.3659,825.5739,LL
8839,804491.2863,149333.1230,825.5505,LL
8840,804470.0497,149319.9323,825.5527,LL
8841,804448.8081,149306.7495,825.5785,LL
8842,804427.5688,149293.5626,825.6185,LL
8843,804406.3540,149280.3366,825.6609,LL
8844,804385.1586,149267.0795,825.7005,LL
8845,804363.9406,149253.8586,825.7518,LL
8846,804342.7400,149240.6099,825.7913,LL
8847,804321.5532,149227.3390,825.8241,LL
8848,804300.3835,149214.0408,825.8539,LL
8849,804279.2183,149200.7356,825.8784,LL
8850,804258.0721,149187.3999,825.8994,LL
8851,804236.9333,149174.0526,825.9157,LL
8852,804215.7496,149160.7768,825.9228,LL
8853,804194.5435,149147.5367,825.9426,LL
8854,804173.3490,149134.2781,825.9578,LL
8855,804152.1556,149121.0176,825.9851,LL
8856,804130.9690,149107.7463,826.0131,LL
8857,804109.7749,149094.4871,826.0378,LL
8858,804088.5878,149081.2167,826.0592,LL
8859,804067.4024,149067.9434,826.0789,LL
8860,804046.2224,149054.6617,826.1039,LL
8861,804025.0289,149041.4014,826.1383,LL
8862,804003.8345,149028.1426,826.1722,LL
8863,803982.6474,149014.8721,826.1972,LL
8864,803961.4447,149001.6266,826.2237,LL
8865,803940.2609,148988.3508,826.2437,LL
8866,803919.0660,148975.0928,826.2627,LL
8867,803897.8780,148961.8240,826.2911,LL
8868,803876.6912,148948.5531,826.2941,LL
8869,803855.5090,148935.2748,826.2959,LL
8870,803834.3148,148922.0157,826.2791,LL
8871,803813.1143,148908.7665,826.2629,LL
8872,803791.9143,148895.5168,826.2176,LL
8873,803770.7142,148882.2672,826.1540,LL
8874,803749.5234,148869.0028,826.1181,LL
8875,803728.3426,148855.7222,826.1058,LL
8876,803707.1429,148842.4718,826.0959,LL
8877,803685.9672,148829.1832,826.1213,LL
8878,803664.7938,148815.8909,826.1617,LL
8879,803643.6115,148802.6129,826.1364,LL
8880,803622.4540,148789.2954,826.1225,LL
8881,803601.3093,148775.9575,826.1599,LL
8882,803580.1304,148762.6740,826.1871,LL
8883,803558.9588,148749.3788,826.1935,LL
8884,803537.7178,148736.1948,826.2202,LL
8885,803516.4928,148722.9850,826.2286,LL
8886,803495.2576,148709.7916,826.2400,LL
8887,803474.0357,148696.5768,826.2585,LL
8888,803452.8231,148683.3472,826.2843,LL
8889,803431.6008,148670.1332,826.3330,LL
8890,803410.3736,148656.9271,826.3891,LL
8891,803389.1626,148643.6949,826.4377,LL
8892,803367.9198,148630.5139,826.5046,LL
8893,803346.6990,148617.2976,826.5802,LL
8894,803325.4901,148604.0621,826.6280,LL
8895,803304.2607,148590.8595,826.6916,LL
8896,803283.0126,148577.6871,826.7637,LL
8897,803261.7783,148564.4925,826.8527,LL
8898,803240.5495,148551.2891,826.9406,LL
8899,803219.3549,148538.0309,827.0266,LL
8900,803198.1641,148524.7666,827.1145,LL
8901,803176.9542,148511.5329,827.2178,LL
8902,803155.7859,148498.2327,827.2881,LL
8903,803134.5767,148484.9980,827.3464,LL
8904,803113.3417,148471.8045,827.4070,LL
8905,803092.1353,148458.5650,827.4590,LL
8906,803070.9003,148445.3713,827.5008,LL
8907,803049.6569,148432.1912,827.5429,LL
8908,803028.4256,148418.9918,827.5833,LL
8909,803007.2087,148405.7691,827.6241,LL
8910,802985.9966,148392.5387,827.6600,LL
8911,802964.7809,148379.3139,827.7097,LL
8912,802943.5528,148366.1091,827.7394,LL
8913,802922.3538,148352.8578,827.7635,LL
8914,802901.1313,148339.6439,827.7814,LL
8915,802879.9222,148326.4087,827.8071,LL
8916,802858.7112,148313.1764,827.8449,LL
8917,802837.4740,148299.9863,827.8739,LL
8918,802816.2111,148286.8376,827.8919,LL
8919,802794.9374,148273.7064,827.8967,LL
8920,802773.6500,148260.5975,827.9310,LL
8921,802752.3847,148247.4527,827.9824,LL
8922,802731.1762,148234.2166,828.0054,LL
8923,802709.9827,148220.9563,828.0230,LL
8924,802688.7984,148207.6815,828.0477,LL
8925,802667.6454,148194.3567,828.0633,LL
8926,802646.4930,148181.0310,828.0910,LL
8927,802625.3077,148167.7576,828.1272,LL
8928,802604.1167,148154.4934,828.1631,LL
8929,802582.9329,148141.2177,828.2039,LL
8930,802561.7612,148127.9227,828.2576,LL
8931,802540.5915,148114.6245,828.2975,LL
8932,802519.4177,148101.3329,828.3202,LL
8933,802498.2224,148088.0754,828.3451,LL
8934,802477.0430,148074.7927,828.3696,LL
8935,802455.8747,148061.4924,828.3857,LL
8936,802434.6952,148048.2098,828.3937,LL
8937,802413.5175,148034.9244,828.4203,LL
8938,802392.3004,148021.7019,828.4629,LL
8939,802371.0577,148008.5207,828.5236,LL
8940,802349.8159,147995.3381,828.5702,LL
8941,802328.5974,147982.1178,828.5870,LL
8942,802307.3657,147968.9188,828.6088,LL
8943,802286.1671,147955.6668,828.6332,LL
8944,802264.9504,147942.4439,828.6814,LL
8945,802243.7566,147929.1841,828.7122,LL
8946,802222.5223,147915.9894,828.7579,LL
8947,802201.3101,147902.7591,828.7913,LL
8948,802180.0810,147889.5559,828.8220,LL
8949,802158.9020,147876.2725,828.8638,LL
8950,802137.7151,147863.0018,828.9010,LL
8951,802116.5330,147849.7233,828.9356,LL
8952,802095.3556,147836.4374,828.9613,LL
8953,802074.1875,147823.1366,828.9806,LL
8954,802053.0097,147809.8513,828.9898,LL
8955,802031.7952,147796.6246,829.0079,LL
8956,802010.5305,147783.4790,829.0376,LL
8957,801989.2742,147770.3196,829.0657,LL
8958,801968.0381,147757.1278,829.0843,LL
8959,801946.8369,147743.8798,829.1046,LL
8960,801925.6575,147730.5972,829.1432,LL
8961,801904.4715,147717.3250,829.1687,LL
8962,801883.2758,147704.0682,829.1955,LL
8963,801862.0826,147690.8076,829.2397,LL
8964,801840.8997,147677.5305,829.2963,LL
8965,801819.6850,147664.3043,829.3350,LL
8966,801798.4581,147651.0976,829.3863,LL
8967,801777.2321,147637.8894,829.4110,LL
8968,801756.0077,147624.6786,829.4421,LL
8969,801734.7435,147611.5322,829.4726,LL
8970,801713.5124,147598.3322,829.4902,LL
8971,801692.3115,147585.0837,829.4952,LL
8972,801671.1043,147571.8454,829.4987,LL
8973,801649.8730,147558.6457,829.5235,LL
8974,801628.6447,147545.4413,829.5530,LL
8975,801607.4615,147532.1647,829.5891,LL
8976,801586.2710,147518.8996,829.6479,LL
8977,801565.0735,147505.6459,829.6871,LL
8978,801543.8947,147492.3622,829.7079,LL
8979,801522.7136,147479.0820,829.7343,LL
8980,801501.5262,147465.8122,829.7493,LL
8981,801480.3114,147452.5859,829.7688,LL
8982,801459.0796,147439.3871,829.7971,LL
8983,801437.9018,147426.1018,829.8150,LL
8984,801416.7207,147412.8218,829.8297,LL
8985,801395.5081,147399.5921,829.8613,LL
8986,801374.2828,147386.3828,829.8936,LL
8987,801353.0783,147373.1403,829.9086,LL
8988,801331.8988,147359.8577,829.9158,LL
8989,801310.6667,147346.6593,829.9521,LL
8990,801289.4334,147333.4631,829.9921,LL
8991,801268.2406,147320.2019,830.0486,LL
8992,801247.0395,147306.9538,830.0934,LL
8993,801225.8312,147293.7173,830.1354,LL
8994,801204.6412,147280.4515,830.1738,LL
8995,801183.4362,147267.2095,830.2056,LL
8996,801162.2541,147253.9310,830.2240,LL
8997,801141.0695,147240.6566,830.2430,LL
8998,801119.8721,147227.4025,830.2603,LL
8999,801098.6607,147214.1710,830.2948,LL
9000,801077.4593,147200.9235,830.3271,LL
9001,801056.2571,147187.6772,830.3508,LL
9002,801035.0383,147174.4574,830.3737,LL
9003,801013.8481,147161.1920,830.3889,LL
9004,800992.6583,147147.9257,830.4194,LL
9005,800971.4594,147134.6741,830.4473,LL
9006,800950.2148,147121.4959,830.4790,LL
9007,800928.9650,147108.3262,830.5145,LL
9008,800907.7813,147095.0505,830.5475,LL
9009,800886.6051,147081.7626,830.5751,LL
9010,800865.4370,147068.4619,830.6166,LL
9011,800844.2300,147055.2232,830.6489,LL
9012,800823.0102,147042.0052,830.6742,LL
9013,800801.7726,147028.8158,830.6950,LL
9014,800780.5323,147015.6307,830.7239,LL
9015,800759.3472,147002.3571,830.7361,LL
9016,800738.1430,146989.1139,830.7529,LL
9017,800716.8897,146975.9497,830.7758,LL
9018,800695.6420,146962.7766,830.8114,LL
9019,800674.3985,146949.5965,830.8547,LL
9020,800653.2025,146936.3403,830.8937,LL
9021,800632.0208,146923.0613,830.9254,LL
9022,800610.8640,146909.7426,830.9453,LL
9023,800589.6981,146896.4382,830.9860,LL
9024,800568.4814,146883.2154,831.0243,LL
9025,800547.1920,146870.1096,831.0685,LL
9026,800525.9503,146856.9267,831.0893,LL
9027,800504.7262,146843.7155,831.1069,LL
9028,800483.5320,146830.4564,831.1323,LL
9029,800462.3318,146817.2069,831.1613,LL
9030,800441.1504,146803.9273,831.2028,LL
9031,800419.9648,146790.6544,831.2233,LL
9032,800398.7650,146777.4043,831.2350,LL
9033,800377.5697,146764.1469,831.2541,LL
9034,800356.3602,146750.9123,831.3024,LL
9035,800335.1561,146737.6690,831.3256,LL
9036,800313.9515,146724.4267,831.3698,LL
9037,800292.7173,146711.2318,831.4255,LL
9038,800271.4702,146698.0578,831.4753,LL
9039,800250.2583,146684.8271,831.5063,LL
9040,800229.0562,146671.5804,831.5219,LL
9041,800207.8635,146658.3191,831.5636,LL
9042,800186.6640,146645.0684,831.5991,LL
9043,800165.4634,146631.8195,831.6292,LL
9044,800144.2502,146618.5908,831.6618,LL
9045,800123.0600,146605.3252,831.7046,LL
9046,800101.8724,146592.0557,831.7478,LL
9047,800080.6580,146578.8288,831.7872,LL
9048,800059.4501,146565.5917,831.8136,LL
9049,800038.2170,146552.3951,831.8295,LL
9050,800017.0017,146539.1697,831.8560,LL
9051,799995.7946,146525.9312,831.8745,LL
9052,799974.5908,146512.6874,831.9126,LL
9053,799953.4177,146499.3949,831.9390,LL
9054,799932.2295,146486.1262,831.9608,LL
9055,799911.0258,146472.8823,831.9899,LL
9056,799889.8258,146459.6325,832.0303,LL
9057,799868.6204,146446.3912,832.0529,LL
9058,799847.4029,146433.1695,832.0676,LL
9059,799826.2002,146419.9240,832.0951,LL
9060,799804.9869,146406.6954,832.1119,LL
9061,799783.7767,146393.4618,832.1392,LL
9062,799762.5843,146380.1999,832.1589,LL
9063,799741.3624,146366.9851,832.1921,LL
9064,799720.1503,146353.7548,832.2328,LL
9065,799698.9441,146340.5149,832.2699,LL
9066,799677.7696,146327.2244,832.3019,LL
9067,799656.5738,146313.9678,832.3223,LL
9068,799635.3743,146300.7171,832.3509,LL
9069,799614.1971,146287.4310,832.3797,LL
9070,799593.0036,146274.1708,832.4095,LL
9071,799571.7952,146260.9343,832.4419,LL
9072,799550.5884,146247.6954,832.4744,LL
9073,799529.3855,146234.4502,832.5024,LL
9074,799508.1822,146221.2056,832.5334,LL
9075,799486.9883,146207.9462,832.5519,LL
9076,799465.8019,146194.6745,832.5807,LL
9077,799444.6302,146181.3796,832.6227,LL
9078,799423.4355,146168.1213,832.6772,LL
9079,799402.2216,146154.8938,832.7155,LL
9080,799380.9888,146141.6967,832.7436,LL
9081,799359.7627,146128.4888,832.7769,LL
9082,799338.5324,146115.2876,832.8104,LL
9083,799317.3200,146102.0575,832.8422,LL
9084,799296.1373,146088.7801,832.8531,LL
9085,799274.9435,146075.5203,832.8665,LL
9086,799253.7637,146062.2382,832.8935,LL
9087,799232.5574,146048.9985,832.9378,LL
9088,799211.3272,146035.7972,832.9682,LL
9089,799190.0869,146022.6122,833.0097,LL
9090,799168.8436,146009.4319,833.0290,LL
9091,799147.6086,145996.2382,833.0532,LL
9092,799126.3629,145983.0618,833.0842,LL
9093,799105.1456,145969.8397,833.1165,LL
9094,799083.9474,145956.5870,833.1522,LL
9095,799062.7524,145943.3291,833.1840,LL
9096,799041.5284,145930.1178,833.2254,LL
9097,799020.3071,145916.9021,833.2567,LL
9098,798999.0990,145903.6653,833.2784,LL
9099,798977.8884,145890.4324,833.2839,LL
9100,798956.6846,145877.1886,833.3044,LL
9101,798935.4857,145863.9370,833.3460,LL
9102,798914.2704,145850.7116,833.3705,LL
9103,798893.0465,145837.5001,833.4115,LL
9104,798871.8274,145824.2809,833.4426,LL
9105,798850.6127,145811.0546,833.4698,LL
9106,798829.3872,145797.8457,833.5060,LL
9107,798808.1707,145784.6225,833.5434,LL
9108,798786.9405,145771.4213,833.5669,LL
9109,798765.7308,145758.1870,833.5816,LL
9110,798744.5547,145744.8991,833.6122,LL
9111,798723.3520,145731.6535,833.6538,LL
9112,798702.1493,145718.4081,833.6962,LL
9113,798680.9413,145705.1710,833.7253,LL
9114,798659.7372,145691.9276,833.7436,LL
9115,798638.5604,145678.6407,833.7705,LL
9116,798617.3649,145665.3837,833.7870,LL
9117,798596.1404,145652.1731,833.8091,LL
9118,798574.9155,145638.9633,833.8467,LL
9119,798553.6971,145625.7431,833.8966,LL
9120,798532.5032,145612.4834,833.9269,LL
9121,798511.3079,145599.2262,833.9610,LL
9122,798490.1010,145585.9874,833.9995,LL
9123,798468.8957,145572.7460,834.0264,LL
9124,798447.6612,145559.5517,834.0484,LL
9125,798426.4509,145546.3183,834.0425,LL
9126,798405.2610,145533.0522,834.0611,LL
9127,798384.0760,145519.7784,834.0811,LL
9128,798362.8803,145506.5216,834.1131,LL
9129,798341.6895,145493.2572,834.1317,LL
9130,798320.4834,145480.0170,834.1467,LL
9131,798299.2821,145466.7693,834.1649,LL
9132,798278.0689,145453.5405,834.1759,LL
9133,798256.8525,145440.3169,834.1551,LL
9134,798235.6250,145427.1112,834.1566,LL
9135,798214.4211,145413.8674,834.1669,LL
9136,798193.2482,145400.5743,834.1743,LL
9137,798172.0820,145387.2705,834.1645,LL
9138,798150.9240,145373.9537,834.1513,LL
9139,798129.7423,145360.6746,834.1327,LL
9140,798108.5303,145347.4440,834.1321,LL
9141,798087.3024,145334.2389,834.1298,LL
9142,798066.0775,145321.0290,834.1115,LL
9143,798044.8792,145307.7764,834.0881,LL
9144,798023.6859,145294.5160,834.0527,LL
9145,798002.4471,145281.3283,834.0341,LL
9146,797998.0585,145278.6200,834.0302,LL,E
9147,805125.8808,149686.5427,825.6951,LL,B
9148,805104.7041,149673.2558,825.6293,LL
9149,805083.5252,149659.9724,825.5668,LL
9150,805062.3129,149646.7424,825.4998,LL
9151,805041.1074,149633.5015,825.4399,LL
9152,805019.8776,149620.2995,825.3902,LL
9153,804998.6529,149607.0894,825.3459,LL
9154,804977.4148,149593.9007,825.3194,LL
9155,804956.2001,149580.6745,825.2772,LL
9156,804935.0083,149567.4116,825.2499,LL
9157,804913.8081,149554.1620,825.2413,LL
9158,804892.6082,149540.9120,825.2426,LL
9159,804871.4035,149527.6696,825.2422,LL
9160,804850.2149,149514.4015,825.2434,LL
9161,804829.0514,149501.0936,825.2463,LL
9162,804807.8581,149487.8329,825.2518,LL
9163,804786.6349,149474.6203,825.2339,LL
9164,804765.3976,149461.4303,825.2252,LL
9165,804744.1550,149448.2488,825.2320,LL
9166,804722.9626,149434.9868,825.2534,LL
9167,804701.7461,149421.7634,825.2729,LL
9168,804680.5403,149408.5228,825.2908,LL
9169,804659.3158,149395.3122,825.3231,LL
9170,804638.1192,149382.0570,825.3618,LL
9171,804616.9096,149368.8226,825.3775,LL
9172,804595.7137,149355.5662,825.3924,LL
9173,804574.5289,149342.2922,825.4096,LL
9174,804553.3475,149329.0126,825.4384,LL
9175,804532.1073,149315.8274,825.4561,LL
9176,804510.8629,149302.6488,825.4419,LL
9177,804489.6303,149289.4515,825.4663,LL
9178,804468.3904,149276.2660,825.5362,LL
9179,804447.1677,149263.0526,825.5566,LL
9180,804425.9566,149249.8205,825.5908,LL
9181,804404.7374,149236.6014,825.6167,LL
9182,804383.5159,149223.3861,825.6591,LL
9183,804362.2847,149210.1863,825.6947,LL
9184,804341.0552,149196.9839,825.7299,LL
9185,804319.8103,149183.8061,825.7634,LL
9186,804298.5576,149170.6409,825.7825,LL
9187,804277.3138,149157.4613,825.8040,LL
9188,804256.1020,149144.2304,825.8089,LL
9189,804234.9238,149130.9457,825.8257,LL
9190,804213.7641,149117.6316,825.8625,LL
9191,804192.5959,149104.3310,825.9029,LL
9192,804171.3925,149091.0866,825.9396,LL
9193,804150.1916,149077.8383,825.9855,LL
9194,804128.9820,149064.6037,826.0231,LL
9195,804107.7718,149051.3704,826.0745,LL
9196,804086.5527,149038.1512,826.1235,LL
9197,804065.3071,149024.9746,826.1692,LL
9198,804044.0710,149011.7828,826.1879,LL
9199,804022.8488,148998.5684,826.2159,LL
9200,804001.6475,148985.3207,826.2297,LL
9201,803980.4293,148972.1001,826.2796,LL
9202,803959.2409,148958.8317,826.3051,LL
9203,803938.0535,148945.5618,826.3329,LL
9204,803916.9066,148932.2272,826.3527,LL
9205,803895.7062,148918.9781,826.3620,LL
9206,803874.5012,148905.7363,826.3484,LL
9207,803853.2807,148892.5193,826.3341,LL
9208,803832.0820,148879.2675,826.3194,LL
9209,803810.8615,148866.0503,826.2843,LL
9210,803789.6228,148852.8626,826.2442,LL
9211,803768.4019,148839.6463,826.2049,LL
9212,803747.1993,148826.4006,826.1934,LL
9213,803726.0164,148813.1236,826.1732,LL
9214,803704.8394,148799.8368,826.1774,LL
9215,803683.6390,148786.5877,826.1869,LL
9216,803662.4478,148773.3237,826.1831,LL
9217,803641.2276,148760.1062,826.1713,LL
9218,803619.9853,148746.9243,826.1541,LL
9219,803598.7530,148733.7263,826.1576,LL
9220,803577.5385,148720.4997,826.1789,LL
9221,803556.3079,148707.2988,826.2289,LL
9222,803535.0904,148694.0771,826.2776,LL
9223,803513.8988,148680.8140,826.3338,LL
9224,803492.7057,148667.5533,826.4003,LL
9225,803471.5347,148654.2571,826.4405,LL
9226,803450.3509,148640.9814,826.4688,LL
9227,803429.1396,148627.7496,826.4968,LL
9228,803407.8804,148614.5951,826.5554,LL
9229,803386.6008,148601.4737,826.6230,LL
9230,803365.3501,148588.3054,826.6817,LL
9231,803344.1298,148575.0883,826.7405,LL
9232,803322.9336,148561.8324,826.8029,LL
9233,803301.7408,148548.5713,826.8663,LL
9234,803280.5412,148535.3210,826.9488,LL
9235,803259.3348,148522.0816,827.0345,LL
9236,803238.1373,148508.8281,827.1326,LL
9237,803216.9322,148495.5865,827.1984,LL
9238,803195.7153,148482.3640,827.2489,LL
9239,803174.5080,148469.1258,827.2958,LL
9240,803153.2993,148455.8899,827.3448,LL
9241,803132.1020,148442.6360,827.4035,LL
9242,803110.9046,148429.3820,827.4607,LL
9243,803089.7344,148416.0848,827.5109,LL
9244,803068.5629,148402.7895,827.5625,LL
9245,803047.3574,148389.5485,827.6142,LL
9246,803026.1207,148376.3577,827.6519,LL
9247,803004.8992,148363.1423,827.6969,LL
9248,802983.6966,148349.8966,827.7022,LL
9249,802962.5059,148336.6319,827.7144,LL
9250,802941.2932,148323.4024,827.7420,LL
9251,802920.1055,148310.1329,827.7514,LL
9252,802898.9370,148296.8327,827.7821,LL
9253,802877.7557,148283.5531,827.8111,LL
9254,802856.6004,148270.2320,827.8559,LL
9255,802835.4392,148256.9203,827.8971,LL
9256,802814.2710,148243.6198,827.9138,LL
9257,802793.1264,148230.2816,827.9258,LL
9258,802771.9418,148217.0073,827.9834,LL
9259,802750.7251,148203.7842,828.0001,LL
9260,802729.4874,148190.5949,828.0254,LL
9261,802708.2603,148177.3885,828.0663,LL
9262,802687.0408,148164.1701,828.1067,LL
9263,802665.8244,148150.9464,828.1479,LL
9264,802644.6349,148137.6799,828.1939,LL
9265,802623.4497,148124.4063,828.2104,LL
9266,802602.2538,148111.1500,828.2446,LL
9267,802581.0476,148097.9101,828.2734,LL
9268,802559.8542,148084.6496,828.2919,LL
9269,802538.6357,148071.4294,828.3010,LL
9270,802517.4238,148058.1987,828.3133,LL
9271,802496.2161,148044.9613,828.3337,LL
9272,802474.9997,148031.7376,828.3675,LL
9273,802453.7858,148018.5102,828.3905,LL
9274,802432.5821,148005.2662,828.4214,LL
9275,802411.3886,147992.0059,828.4453,LL
9276,802390.2010,147978.7363,828.4801,LL
9277,802368.9962,147965.4941,828.5120,LL
9278,802347.7707,147952.2852,828.5396,LL
9279,802326.5633,147939.0471,828.5558,LL
9280,802305.3571,147925.8072,828.5818,LL
9281,802284.1421,147912.5813,828.6138,LL
9282,802262.9268,147899.3560,828.6457,LL
9283,802241.7119,147886.1302,828.6882,LL
9284,802220.5087,147872.8855,828.7254,LL
9285,802199.2911,147859.6638,828.7694,LL
9286,802178.0726,147846.4436,828.7977,LL
9287,802156.8674,147833.2021,828.8161,LL
9288,802135.6646,147819.9567,828.8288,LL
9289,802114.4534,147806.7248,828.8414,LL
9290,802093.2340,147793.5062,828.8546,LL
9291,802072.0207,147780.2775,828.8573,LL
9292,802050.8125,147767.0408,828.8825,LL
9293,802029.6118,147753.7922,828.9270,LL
9294,802008.4102,147740.5449,828.9684,LL
9295,801987.1989,147727.3132,828.9968,LL
9296,801966.0138,147714.0396,829.0168,LL
9297,801944.8097,147700.7964,829.0389,LL
9298,801923.5919,147687.5750,829.0666,LL
9299,801902.3962,147674.3182,829.0874,LL
9300,801881.2018,147661.0595,829.1331,LL
9301,801860.0003,147647.8121,829.1831,LL
9302,801838.8130,147634.5422,829.2215,LL
9303,801817.6327,147621.2609,829.2664,LL
9304,801796.4307,147608.0144,829.3081,LL
9305,801775.2602,147594.7174,829.3482,LL
9306,801754.0929,147581.4154,829.3831,LL
9307,801732.8947,147568.1627,829.4161,LL
9308,801711.7071,147554.8931,829.4304,LL
9309,801690.5069,147541.6435,829.4654,LL
9310,801669.3299,147528.3571,829.4921,LL
9311,801648.1410,147515.0895,829.5277,LL
9312,801626.9481,147501.8283,829.5612,LL
9313,801605.7273,147488.6118,829.5858,LL
9314,801584.5276,147475.3615,829.6294,LL
9315,801563.3060,147462.1463,829.6645,LL
9316,801542.0748,147448.9465,829.6889,LL
9317,801520.8361,147435.7588,829.7179,LL
9318,801499.6153,147422.5424,829.7285,LL
9319,801478.4139,147409.2947,829.7495,LL
9320,801457.2321,147396.0158,829.7746,LL
9321,801436.0458,147382.7441,829.8036,LL
9322,801414.8429,147369.4989,829.8287,LL
9323,801393.6478,147356.2412,829.8447,LL
9324,801372.4453,147342.9954,829.8563,LL
9325,801351.2241,147329.7796,829.8934,LL
9326,801330.0119,147316.5493,829.9307,LL
9327,801308.7901,147303.3346,829.9769,LL
9328,801287.5379,147290.1685,830.0206,LL
9329,801266.2854,147277.0031,830.0596,LL
9330,801245.0505,147263.8093,830.0896,LL
9331,801223.8414,147250.5740,830.1218,LL
9332,801202.6349,147237.3346,830.1630,LL
9333,801181.4333,147224.0874,830.1917,LL
9334,801160.2427,147210.8226,830.2179,LL
9335,801139.0433,147197.5717,830.2559,LL
9336,801117.8167,147184.3646,830.2912,LL
9337,801096.5668,147171.1950,830.3273,LL
9338,801075.3179,147158.0239,830.3625,LL
9339,801054.0958,147144.8096,830.3854,LL
9340,801032.8944,147131.5620,830.4150,LL
9341,801011.7089,147118.2891,830.4388,LL
9342,800990.5088,147105.0394,830.4655,LL
9343,800969.3129,147091.7831,830.5093,LL
9344,800948.1158,147078.5288,830.5151,LL
9345,800926.9171,147065.2769,830.5344,LL
9346,800905.7200,147052.0225,830.5682,LL
9347,800884.5129,147038.7840,830.5919,LL
9348,800863.3120,147025.5356,830.6211,LL
9349,800842.1153,147012.2805,830.6382,LL
9350,800820.9248,146999.0155,830.6671,LL
9351,800799.7442,146985.7347,830.6924,LL
9352,800778.5454,146972.4829,830.7166,LL
9353,800757.3359,146959.2482,830.7308,LL
9354,800736.1171,146946.0284,830.7561,LL
9355,800714.9086,146932.7923,830.7778,LL
9356,800693.7296,146919.5090,830.7971,LL
9357,800672.5512,146906.2248,830.8216,LL
9358,800651.3392,146892.9942,830.8446,LL
9359,800630.1263,146879.7650,830.8772,LL
9360,800608.9246,146866.5179,830.9285,LL
9361,800587.7134,146853.2860,830.9588,LL
9362,800566.5137,146840.0358,830.9914,LL
9363,800545.2835,146826.8344,831.0062,LL
9364,800524.0827,146813.5858,831.0418,LL
9365,800502.8658,146800.3631,831.0740,LL
9366,800481.6532,146787.1334,831.1051,LL
9367,800460.4246,146773.9296,831.1365,LL
9368,800439.2422,146760.6516,831.1646,LL
9369,800418.0463,146747.3952,831.1921,LL
9370,800396.8475,146734.1435,831.2240,LL
9371,800375.6430,146720.9009,831.2702,LL
9372,800354.4281,146707.6750,831.3140,LL
9373,800333.2128,146694.4497,831.3493,LL
9374,800312.0130,146681.1995,831.3731,LL
9375,800290.8185,146667.9408,831.3903,LL
9376,800269.6280,146654.6758,831.4011,LL
9377,800248.4627,146641.3708,831.4152,LL
9378,800227.2818,146628.0905,831.4449,LL
9379,800206.0990,146614.8132,831.4734,LL
9380,800184.8995,146601.5626,831.4964,LL
9381,800163.6859,146588.3345,831.5315,LL
9382,800142.4702,146575.1099,831.5772,LL
9383,800121.2352,146561.9164,831.6054,LL
9384,800099.9726,146548.7672,831.6331,LL
9385,800078.7080,146535.6213,831.6742,LL
9386,800057.4247,146522.5057,831.7055,LL
9387,800036.1466,146509.3818,831.7482,LL
9388,800014.9471,146496.1311,831.7991,LL
9389,799993.7414,146482.8904,831.8437,LL
9390,799972.5954,146469.5546,831.8784,LL
9391,799951.4106,146456.2805,831.9041,LL
9392,799930.2327,146442.9955,831.9465,LL
9393,799909.0602,146429.7017,831.9761,LL
9394,799887.9131,146416.3677,832.0092,LL
9395,799866.7421,146403.0716,832.0321,LL
9396,799845.5347,146389.8336,832.0638,LL
9397,799824.3215,146376.6048,832.0795,LL
9398,799803.0984,146363.3921,832.1281,LL
9399,799781.8533,146350.2145,832.1525,LL
9400,799760.6009,146337.0490,832.1703,LL
9401,799739.3424,146323.8931,832.2018,LL
9402,799718.1304,146310.6626,832.2235,LL
9403,799696.9106,146297.4445,832.2499,LL
9404,799675.7050,146284.2037,832.2751,LL
9405,799654.5047,146270.9544,832.3150,LL
9406,799633.3299,146257.6642,832.3457,LL
9407,799612.1343,146244.4074,832.3689,LL
9408,799590.9664,146231.1063,832.3974,LL
9409,799569.7709,146217.8494,832.4412,LL
9410,799548.5777,146204.5888,832.4789,LL
9411,799527.3985,146191.3056,832.5037,LL
9412,799506.2276,146178.0095,832.5126,LL
9413,799485.0359,146164.7463,832.5534,LL
9414,799463.8182,146151.5251,832.5865,LL
9415,799442.6422,146138.2368,832.6000,LL
9416,799421.4589,146124.9602,832.6134,LL
9417,799400.2831,146111.6717,832.6238,LL
9418,799379.1142,146098.3723,832.6728,LL
9419,799357.9249,146085.1055,832.7205,LL
9420,799336.7426,146071.8273,832.7547,LL
9421,799315.5402,146058.5814,832.7947,LL
9422,799294.3243,146045.3572,832.8353,LL
9423,799273.1000,146032.1462,832.8625,LL
9424,799251.8759,146018.9351,832.8935,LL
9425,799230.6389,146005.7447,832.9198,LL
9426,799209.4244,145992.5181,832.9599,LL
9427,799188.2010,145979.3059,833.0040,LL
9428,799166.9694,145966.1067,833.0367,LL
9429,799145.7163,145952.9423,833.0524,LL
9430,799124.4769,145939.7555,833.0625,LL
9431,799103.2652,145926.5247,833.0760,LL
9432,799082.0347,145913.3238,833.0867,LL
9433,799060.8187,145900.0997,833.1146,LL
9434,799039.6301,145886.8316,833.1444,LL
9435,799018.4377,145873.5698,833.1744,LL
9436,798997.2380,145860.3195,833.2088,LL
9437,798976.0528,145847.0461,833.2335,LL
9438,798954.8582,145833.7880,833.2706,LL
9439,798933.6680,145820.5226,833.2891,LL
9440,798912.4716,145807.2670,833.3182,LL
9441,798891.2391,145794.0693,833.3419,LL
9442,798870.0314,145780.8318,833.3727,LL
9443,798848.8143,145767.6094,833.4141,LL
9444,798827.5957,145754.3900,833.4555,LL
9445,798806.3945,145741.1421,833.4847,LL
9446,798785.1851,145727.9073,833.5064,LL
9447,798763.9884,145714.6521,833.5183,LL
9448,798742.8181,145701.3550,833.5541,LL
9449,798721.6527,145688.0499,833.5875,LL
9450,798700.4664,145674.7782,833.6061,LL
9451,798679.2861,145661.4970,833.6400,LL
9452,798658.1026,145648.2208,833.6422,LL
9453,798636.9078,145634.9626,833.6600,LL
9454,798615.6821,145621.7541,833.7003,LL
9455,798594.4587,145608.5418,833.7331,LL
9456,798573.2562,145595.2959,833.7524,LL
9457,798552.0575,145582.0439,833.7990,LL
9458,798530.8521,145568.8028,833.8314,LL
9459,798509.6534,145555.5510,833.8512,LL
9460,798488.4248,145542.3470,833.8856,LL
9461,798467.2024,145529.1331,833.9323,LL
9462,798445.9937,145515.8972,833.9666,LL
9463,798424.8068,145502.6264,833.9949,LL
9464,798403.6182,145489.3585,834.0235,LL
9465,798382.4147,145476.1141,834.0385,LL
9466,798361.2270,145462.8448,834.0413,LL
9467,798340.0268,145449.5951,834.0439,LL
9468,798318.8262,145436.3463,834.0445,LL
9469,798297.5794,145423.1716,834.0667,LL
9470,798276.3559,145409.9595,834.0909,LL
9471,798255.1341,145396.7445,834.1057,LL
9472,798233.9237,145383.5113,834.1105,LL
9473,798212.7030,145370.2946,834.1011,LL
9474,798191.4899,145357.0659,834.0758,LL
9475,798170.2831,145343.8269,834.0377,LL
9476,798149.0906,145330.5651,834.0243,LL
9477,798127.8968,145317.3054,834.0124,LL
9478,798106.7140,145304.0280,834.0031,LL
9479,798085.5350,145290.7445,833.9949,LL
9480,798064.3515,145277.4683,833.9777,LL
9481,798043.1514,145264.2185,833.9567,LL
9482,798021.9658,145250.9457,833.9198,LL
9483,798014.9011,145246.5401,833.9078,LL,E
9484,805139.9654,149681.2279,825.9569,LL,B
9485,805118.7541,149667.9962,825.8712,LL
9486,805097.5600,149654.7371,825.8114,LL
9487,805076.3721,149641.4679,825.7604,LL
9488,805055.1673,149628.2263,825.7048,LL
9489,805033.9904,149614.9398,825.6506,LL
9490,805012.8137,149601.6529,825.5913,LL
9491,804991.5919,149588.4386,825.5529,LL
9492,804970.4088,149575.1618,825.5244,LL
9493,804949.2065,149561.9155,825.4925,LL
9494,804928.0041,149548.6696,825.4867,LL
9495,804906.7964,149535.4320,825.4708,LL
9496,804885.5858,149522.1990,825.4712,LL
9497,804864.3862,149508.9487,825.4748,LL
9498,804843.2193,149495.6460,825.4718,LL
9499,804822.0332,149482.3738,825.4688,LL
9500,804800.8569,149469.0862,825.4444,LL
9501,804779.6408,149455.8621,825.4391,LL
9502,804758.4102,149442.6613,825.4661,LL
9503,804737.2025,149429.4237,825.4825,LL
9504,804715.9639,149416.2361,825.5030,LL
9505,804694.7608,149402.9913,825.5336,LL
9506,804673.5072,149389.8274,825.5434,LL
9507,804652.2583,149376.6561,825.5602,LL
9508,804631.0321,149363.4483,825.5883,LL
9509,804609.8188,149350.2198,825.6144,LL
9510,804588.6339,149336.9458,825.6393,LL
9511,804567.4442,149323.6795,825.6507,LL
9512,804546.2282,149310.4553,825.6622,LL
9513,804525.0217,149297.2158,825.6699,LL
9514,804503.7920,149284.0139,825.6886,LL
9515,804482.5966,149270.7572,825.7624,LL
9516,804461.4109,149257.4844,825.7831,LL
9517,804440.1950,149244.2602,825.8080,LL
9518,804419.0003,149231.0017,825.8407,LL
9519,804397.8115,149217.7340,825.8702,LL
9520,804376.5938,149204.5129,825.9235,LL
9521,804355.4242,149191.2146,825.9666,LL
9522,804334.2008,149178.0023,825.9913,LL
9523,804312.9653,149164.8093,826.0207,LL
9524,804291.7433,149151.5947,826.0471,LL
9525,804270.5185,149138.3846,826.0587,LL
9526,804249.2961,149125.1708,826.0834,LL
9527,804228.1021,149111.9113,826.1064,LL
9528,804206.9248,149098.6253,826.1409,LL
9529,804185.7148,149085.3914,826.1736,LL
9530,804164.4827,149072.1932,826.1945,LL
9531,804143.2811,149058.9459,826.2409,LL
9532,804122.1016,149045.6633,826.2963,LL
9533,804100.8745,149032.4571,826.3465,LL
9534,804079.6672,149019.2190,826.3969,LL
9535,804058.4696,149005.9654,826.4122,LL
9536,804037.2575,148992.7350,826.4400,LL
9537,804016.0169,148979.5504,826.4731,LL
9538,803994.7911,148966.3420,826.4881,LL
9539,803973.5890,148953.0960,826.5337,LL
9540,803952.3283,148939.9437,826.5550,LL
9541,803931.1529,148926.6545,826.5703,LL
9542,803909.9690,148913.3789,826.5941,LL
9543,803888.7617,148900.1408,826.6076,LL
9544,803867.5473,148886.9140,826.5796,LL
9545,803846.3252,148873.6995,826.5678,LL
9546,803825.1139,148860.4679,826.5380,LL
9547,803803.8769,148847.2774,826.4955,LL
9548,803782.6306,148834.1022,826.4364,LL
9549,803761.4489,148820.8233,826.4122,LL
9550,803740.2361,148807.5940,826.4176,LL
9551,803719.0405,148794.3370,826.4198,LL
9552,803697.8443,148781.0809,826.4263,LL
9553,803676.6506,148767.8210,826.4227,LL
9554,803655.4798,148754.5245,826.3869,LL
9555,803634.2605,148741.3061,826.3857,LL
9556,803613.0372,148728.0936,826.3980,LL
9557,803591.8403,148714.8388,826.4160,LL
9558,803570.6097,148701.6383,826.4576,LL
9559,803549.4075,148688.3921,826.4888,LL
9560,803528.1910,148675.1687,826.5712,LL
9561,803506.9915,148661.9183,826.6479,LL
9562,803485.7791,148648.6883,826.6793,LL
9563,803464.5524,148635.4818,826.6970,LL
9564,803443.4268,148622.1136,826.7300,LL
9565,803422.2007,148608.9061,826.7744,LL
9566,803400.9883,148595.6762,826.8602,LL
9567,803379.7503,148582.4877,826.9330,LL
9568,803358.5430,148569.2498,827.0055,LL
9569,803337.3025,148556.0651,827.0658,LL
9570,803316.0978,148542.8229,827.1064,LL
9571,803294.8802,148529.6013,827.1631,LL
9572,803273.6692,148516.3693,827.2659,LL
9573,803252.4699,148503.1189,827.3780,LL
9574,803231.2577,148489.8891,827.4529,LL
9575,803210.0455,148476.6587,827.4878,LL
9576,803188.8364,148463.4234,827.5235,LL
9577,803167.6210,148450.1984,827.5936,LL
9578,803146.4094,148436.9671,827.6241,LL
9579,803125.1850,148423.7566,827.7050,LL
9580,803103.9393,148410.5805,827.7572,LL
9581,803082.7623,148397.2941,827.8074,LL
9582,803061.5258,148384.1036,827.8527,LL
9583,803040.3495,148370.8160,827.9168,LL
9584,803019.1449,148357.5736,827.9514,LL
9585,802997.9570,148344.3044,827.9835,LL
9586,802976.7683,148331.0364,827.9783,LL
9587,802955.5792,148317.7691,828.0001,LL
9588,802934.3769,148304.5228,828.0170,LL
9589,802913.1920,148291.2492,828.0264,LL
9590,802892.0023,148277.9830,828.0756,LL
9591,802870.8138,148264.7147,828.1187,LL
9592,802849.5832,148251.5142,828.1519,LL
9593,802828.3311,148238.3479,828.2007,LL
9594,802807.1372,148225.0885,828.2189,LL
9595,802785.9353,148211.8415,828.2226,LL
9596,802764.7417,148198.5815,828.2495,LL
9597,802743.5699,148185.2866,828.2840,LL
9598,802722.4013,148171.9868,828.3359,LL
9599,802701.2353,148158.6827,828.3712,LL
9600,802680.0571,148145.3981,828.4215,LL
9601,802658.8886,148132.0981,828.4559,LL
9602,802637.6220,148118.9554,828.4567,LL
9603,802616.3307,148105.8529,828.4829,LL
9604,802595.0827,148092.6801,828.5151,LL
9605,802573.9159,148079.3779,828.5282,LL
9606,802552.6937,148066.1635,828.5264,LL
9607,802531.4482,148052.9869,828.5417,LL
9608,802510.2090,148039.8002,828.5632,LL
9609,802489.0375,148026.5049,828.5992,LL
9610,802467.8596,148013.2198,828.6286,LL
9611,802446.6564,147999.9751,828.6592,LL
9612,802425.4583,147986.7222,828.6878,LL
9613,802404.2709,147973.4523,828.7283,LL
9614,802383.0658,147960.2106,828.7469,LL
9615,802361.8650,147946.9622,828.7776,LL
9616,802340.6816,147933.6856,828.8057,LL
9617,802319.4815,147920.4360,828.8283,LL
9618,802298.2777,147907.1922,828.8556,LL
9619,802277.0622,147893.9673,828.9054,LL
9620,802255.8620,147880.7179,828.9423,LL
9621,802234.6507,147867.4861,828.9594,LL
9622,802213.4099,147854.3021,829.0004,LL
9623,802192.2019,147841.0650,829.0264,LL
9624,802170.9759,147827.8574,829.0619,LL
9625,802149.7670,147814.6222,829.0906,LL
9626,802128.5769,147801.3565,829.0928,LL
9627,802107.3954,147788.0771,829.1050,LL
9628,802086.1881,147774.8390,829.1290,LL
9629,802064.9843,147761.5954,829.1526,LL
9630,802043.7933,147748.3312,829.1801,LL
9631,802022.5537,147735.1449,829.2197,LL
9632,802001.3204,147721.9486,829.2428,LL
9633,801980.1411,147708.6659,829.2666,LL
9634,801958.9191,147695.4513,829.2901,LL
9635,801937.7022,147682.2285,829.3269,LL
9636,801916.5012,147668.9802,829.3566,LL
9637,801895.2840,147655.7580,829.3725,LL
9638,801874.0802,147642.5143,829.4087,LL
9639,801852.8754,147629.2721,829.4655,LL
9640,801831.7086,147615.9693,829.5092,LL
9641,801810.5426,147602.6654,829.5575,LL
9642,801789.3557,147589.3946,829.6176,LL
9643,801768.1699,147576.1220,829.6417,LL
9644,801746.9658,147562.8788,829.6823,LL
9645,801725.7578,147549.6417,829.7123,LL
9646,801704.5353,147536.4281,829.7287,LL
9647,801683.2893,147523.2522,829.7567,LL
9648,801662.1306,147509.9365,829.7741,LL
9649,801640.9528,147496.6513,829.8049,LL
9650,801619.7955,147483.3337,829.8453,LL
9651,801598.6550,147469.9902,829.8870,LL
9652,801577.5180,147456.6405,829.9431,LL
9653,801556.3035,147443.4138,829.9483,LL
9654,801534.9950,147430.3396,829.9532,LL
9655,801513.7200,147417.2105,829.9753,LL
9656,801492.5019,147403.9897,829.9956,LL
9657,801471.3151,147390.7193,830.0203,LL
9658,801450.0585,147377.5605,830.0560,LL
9659,801428.8232,147364.3673,830.0741,LL
9660,801407.5680,147351.2064,830.0734,LL
9661,801386.3787,147337.9394,830.0979,LL
9662,801365.1700,147324.7034,830.1262,LL
9663,801343.9523,147311.4820,830.1635,LL
9664,801322.8191,147298.1258,830.1932,LL
9665,801301.6242,147284.8682,830.2441,LL
9666,801280.4453,147271.5848,830.3051,LL
9667,801259.2257,147258.3665,830.3141,LL
9668,801237.9884,147245.1764,830.3745,LL
9669,801216.7855,147231.9313,830.4118,LL
9670,801195.5803,147218.6897,830.4433,LL
9671,801174.3828,147205.4358,830.4832,LL
9672,801153.1987,147192.1606,830.5135,LL
9673,801131.9639,147178.9670,830.5410,LL
9674,801110.7560,147165.7297,830.5737,LL
9675,801089.5032,147152.5647,830.6142,LL
9676,801068.2661,147139.3745,830.6440,LL
9677,801047.0618,147126.1315,830.6786,LL
9678,801025.8338,147112.9267,830.7107,LL
9679,801004.6463,147099.6569,830.7363,LL
9680,800983.4297,147086.4338,830.7392,LL
9681,800962.2077,147073.2191,830.7594,LL
9682,800941.0027,147059.9773,830.7976,LL
9683,800919.8072,147046.7202,830.8055,LL
9684,800898.5747,147033.5227,830.8349,LL
9685,800877.3422,147020.3250,830.8562,LL
9686,800856.1377,147007.0823,830.8817,LL
9687,800834.9119,146993.8738,830.9086,LL
9688,800813.7216,146980.6085,830.9234,LL
9689,800792.5345,146967.3380,830.9545,LL
9690,800771.3703,146954.0311,830.9853,LL
9691,800750.1463,146940.8197,830.9921,LL
9692,800728.9333,146927.5907,831.0211,LL
9693,800707.6990,146914.3960,831.0383,LL
9694,800686.5200,146901.1127,831.0652,LL
9695,800665.2975,146887.8990,831.0881,LL
9696,800644.1178,146874.6167,831.1042,LL
9697,800622.9598,146861.3003,831.1547,LL
9698,800601.7384,146848.0848,831.1942,LL
9699,800580.5228,146834.8599,831.2204,LL
9700,800559.3098,146821.6308,831.2536,LL
9701,800538.1036,146808.3909,831.2696,LL
9702,800516.9239,146795.1087,831.3061,LL
9703,800495.7211,146781.8635,831.3577,LL
9704,800474.5181,146768.6183,831.3803,LL
9705,800453.2896,146755.4144,831.4205,LL
9706,800432.0693,146742.1972,831.4330,LL
9707,800410.8272,146729.0152,831.4597,LL
9708,800389.6635,146715.7080,831.5075,LL
9709,800368.4587,146702.4658,831.5601,LL
9710,800347.2968,146689.1552,831.5886,LL
9711,800326.1164,146675.8740,831.6108,LL
9712,800304.9243,146662.6117,831.6294,LL
9713,800283.7588,146649.3067,831.6626,LL
9714,800262.5751,146636.0309,831.6770,LL
9715,800241.3800,146622.7732,831.6971,LL
9716,800220.1725,146609.5353,831.7332,LL
9717,800198.9739,146596.2832,831.7467,LL
9718,800177.7511,146583.0699,831.7733,LL
9719,800156.5438,146569.8318,831.8209,LL
9720,800135.2983,146556.6549,831.8463,LL
9721,800114.0635,146543.4610,831.8735,LL
9722,800092.8447,146530.2414,831.9381,LL
9723,800071.5766,146517.1011,831.9707,LL
9724,800050.3251,146503.9341,832.0068,LL
9725,800029.0969,146490.7295,832.0531,LL
9726,800007.8573,146477.5434,832.1035,LL
9727,799986.6135,146464.3640,832.1164,LL
9728,799965.4049,146451.1279,832.1282,LL
9729,799944.2124,146437.8662,832.1572,LL
9730,799923.0432,146424.5673,832.2131,LL
9731,799901.9052,146411.2189,832.2473,LL
9732,799880.7592,146397.8832,832.2671,LL
9733,799859.5352,146384.6719,832.2995,LL
9734,799838.3544,146371.3921,832.3246,LL
9735,799817.1366,146358.1708,832.3507,LL
9736,799795.8830,146345.0070,832.3752,LL
9737,799774.6767,146331.7676,832.3839,LL
9738,799753.4521,146318.5571,832.4098,LL
9739,799732.2145,146305.3676,832.4224,LL
9740,799711.0341,146292.0867,832.4711,LL
9741,799689.8509,146278.8101,832.5138,LL
9742,799668.6463,146265.5676,832.5471,LL
9743,799647.4492,146252.3132,832.5790,LL
9744,799626.2396,146239.0786,832.5978,LL
9745,799605.0584,146225.7989,832.6262,LL
9746,799583.8705,146212.5296,832.6622,LL
9747,799562.6659,146199.2872,832.6993,LL
9748,799541.4893,146186.0002,832.7292,LL
9749,799520.3051,146172.7250,832.7400,LL
9750,799499.1381,146159.4225,832.7681,LL
9751,799477.9743,146146.1151,832.8426,LL
9752,799456.8197,146132.7928,832.8627,LL
9753,799435.6557,146119.4855,832.8649,LL
9754,799414.4568,146106.2340,832.8923,LL
9755,799393.2875,146092.9351,832.9201,LL
9756,799372.0742,146079.7067,832.9431,LL
9757,799350.8495,146066.4966,832.9783,LL
9758,799329.6357,146053.2689,833.0221,LL
9759,799308.4030,146040.0715,833.0732,LL
9760,799287.1464,146026.9127,833.1025,LL
9761,799265.8921,146013.7501,833.1336,LL
9762,799244.6675,146000.5397,833.1775,LL
9763,799223.4392,145987.3352,833.2022,LL
9764,799202.2353,145974.0918,833.2347,LL
9765,799181.0765,145960.7762,833.2782,LL
9766,799159.9128,145947.4685,833.3258,LL
9767,799138.7168,145934.2125,833.3377,LL
9768,799117.4751,145921.0294,833.3471,LL
9769,799096.2682,145907.7910,833.3496,LL
9770,799074.9947,145894.6597,833.3833,LL
9771,799053.7546,145881.4746,833.4015,LL
9772,799032.5996,145868.1535,833.4404,LL
9773,799011.4160,145854.8775,833.4727,LL
9774,798990.2395,145841.5903,833.4977,LL
9775,798969.0627,145828.3035,833.5332,LL
9776,798947.8864,145815.0158,833.5660,LL
9777,798926.6871,145801.7649,833.5939,LL
9778,798905.4507,145788.5734,833.6167,LL
9779,798884.2221,145775.3695,833.6267,LL
9780,798863.0144,145762.1323,833.6594,LL
9781,798841.7562,145748.9759,833.6952,LL
9782,798820.5076,145735.8045,833.7155,LL
9783,798799.2824,145722.5951,833.7410,LL
9784,798778.1521,145709.2344,833.7765,LL
9785,798757.0204,145695.8759,833.8187,LL
9786,798735.8638,145682.5570,833.8712,LL
9787,798714.6134,145669.3883,833.8902,LL
9788,798693.3994,145656.1609,833.9025,LL
9789,798672.1851,145642.9340,833.9264,LL
9790,798651.0423,145629.5932,833.9317,LL
9791,798629.8472,145616.3357,833.9805,LL
9792,798608.6430,145603.0925,834.0108,LL
9793,798587.4411,145589.8457,834.0417,LL
9794,798566.2484,145576.5843,834.0783,LL
9795,798545.0367,145563.3533,834.0944,LL
9796,798523.8258,145550.1208,834.1321,LL
9797,798502.6245,145536.8731,834.1719,LL
9798,798481.3433,145523.7543,834.2099,LL
9799,798460.0444,145510.6640,834.2421,LL
9800,798438.7813,145497.5155,834.2754,LL
9801,798417.5945,145484.2449,834.2934,LL
9802,798396.3994,145470.9871,834.3028,LL
9803,798375.2098,145457.7205,834.2971,LL
9804,798354.0037,145444.4805,834.2864,LL
9805,798332.8210,145431.2030,834.3091,LL
9806,798311.6169,145417.9598,834.3017,LL
9807,798290.3941,145404.7466,834.3328,LL
9808,798269.2347,145391.4319,834.3501,LL
9809,798248.0141,145378.2156,834.3720,LL
9810,798226.8202,145364.9560,834.3702,LL
9811,798205.6024,145351.7346,834.3425,LL
9812,798184.3653,145338.5443,834.3307,LL
9813,798163.1498,145325.3194,834.3009,LL
9814,798141.9582,145312.0562,834.2744,LL
9815,798120.7504,145298.8188,834.2553,LL
9816,798099.5832,145285.5165,834.2431,LL
9817,798078.3743,145272.2809,834.2402,LL
9818,798057.1740,145259.0315,834.2411,LL
9819,798035.9451,145245.8280,834.2023,LL
9820,798021.8406,145237.0214,834.1838,LL,E
9821,805146.0657,149670.2705,826.1263,LL,B
9822,805124.8682,149657.0169,826.0374,LL
9823,805103.6253,149643.8362,825.9847,LL
9824,805082.4251,149630.5868,825.9159,LL
9825,805061.2154,149617.3526,825.8554,LL
9826,805040.0264,149604.0853,825.7963,LL
9827,805018.8620,149590.7787,825.7229,LL
9828,804997.6660,149577.5226,825.6906,LL
9829,804976.4568,149564.2875,825.6812,LL
9830,804955.2384,149551.0670,825.6589,LL
9831,804934.0189,149537.8485,825.6511,LL
9832,804912.8325,149524.5768,825.6400,LL
9833,804891.6650,149511.2753,825.6484,LL
9834,804870.4772,149498.0060,825.6583,LL
9835,804849.3076,149484.7077,825.6519,LL
9836,804828.0878,149471.4898,825.6605,LL
9837,804806.8454,149458.3078,825.6279,LL
9838,804785.6540,149445.0443,825.6293,LL
9839,804764.4700,149431.7688,825.6357,LL
9840,804743.2838,149418.4970,825.6448,LL
9841,804722.0470,149405.3063,825.6775,LL
9842,804700.8050,149392.1239,825.6915,LL
9843,804679.5761,149378.9205,825.7069,LL
9844,804658.3460,149365.7189,825.7272,LL
9845,804637.1552,149352.4544,825.7390,LL
9846,804615.9490,149339.2145,825.7503,LL
9847,804594.7765,149325.9207,825.7733,LL
9848,804573.6001,149312.6331,825.7756,LL
9849,804552.4108,149299.3661,825.8149,LL
9850,804531.2147,149286.1100,825.8268,LL
9851,804510.0130,149272.8629,825.7978,LL
9852,804488.7973,149259.6385,825.9044,LL
9853,804467.5787,149246.4185,825.9482,LL
9854,804446.3391,149233.2322,825.9672,LL
9855,804425.1093,149220.0301,826.0177,LL
9856,804403.8674,149206.8475,826.0449,LL
9857,804382.7308,149193.4990,826.0870,LL
9858,804361.5215,149180.2661,826.1287,LL
9859,804354.7939,149176.2589,826.1405,LL,E
9860,805154.6944,149662.2801,825.8934,LL,B
9861,805133.4700,149649.0695,825.8160,LL
9862,805112.2187,149635.9021,825.7609,LL
9863,805091.0051,149622.6742,825.6976,LL
9864,805069.8206,149609.3998,825.6322,LL
9865,805048.6466,149596.1085,825.5764,LL
9866,805027.4667,149582.8269,825.4961,LL
9867,805006.2891,149569.5414,825.4573,LL
9868,804985.0786,149556.3084,825.4323,LL
9869,804963.8439,149543.1144,825.4275,LL
9870,804942.6522,149529.8512,825.4280,LL
9871,804921.4722,149516.5695,825.4143,LL
9872,804900.3019,149503.2721,825.4121,LL
9873,804879.0966,149490.0309,825.4125,LL
9874,804857.8997,149476.7760,825.4241,LL
9875,804836.6733,149463.5685,825.4200,LL
9876,804815.4363,149450.3780,825.4021,LL
9877,804794.2216,149437.1518,825.3855,LL
9878,804773.0516,149423.8541,825.4178,LL
9879,804751.8813,149410.5570,825.4234,LL
9880,804730.6457,149397.3644,825.4531,LL
9881,804709.4003,149384.1875,825.4767,LL
9882,804688.1708,149370.9850,825.4984,LL
9883,804666.9592,149357.7538,825.5205,LL
9884,804645.7188,149344.5688,825.5524,LL
9885,804624.5148,149331.3254,825.5626,LL
9886,804603.3185,149318.0697,825.5732,LL
9887,804582.0915,149304.8634,825.5632,LL
9888,804560.8963,149291.6057,825.6055,LL
9889,804539.6740,149278.3917,825.6117,LL
9890,804518.4123,149265.2417,825.5469,LL
9891,804497.1867,149252.0338,825.6907,LL
9892,804475.9915,149238.7767,825.7404,LL
9893,804454.7847,149225.5378,825.7485,LL
9894,804433.5592,149212.3288,825.7861,LL
9895,804412.3330,149199.1210,825.8198,LL
9896,804391.1034,149185.9187,825.8801,LL
9897,804369.8825,149172.7024,825.9287,LL
9898,804348.6580,149159.4918,825.9487,LL
9899,804327.4399,149146.2714,825.9597,LL
9900,804306.2339,149133.0312,825.9782,LL
9901,804285.0382,149119.7745,826.0036,LL
9902,804263.8397,149106.5223,826.0323,LL
9903,804242.6307,149093.2869,826.0735,LL
9904,804221.4516,149080.0039,826.1227,LL
9905,804200.2304,149066.7881,826.1543,LL
9906,804179.0414,149053.5207,826.1888,LL
9907,804157.8794,149040.2105,826.2176,LL
9908,804136.7426,149026.8602,826.2413,LL
9909,804115.5502,149013.5981,826.2908,LL
9910,804094.3513,149000.3466,826.3259,LL
9911,804073.2143,148986.9964,826.3349,LL
9912,804052.0486,148973.6918,826.3536,LL
9913,804030.7948,148960.5286,826.3835,LL
9914,804009.5706,148947.3177,826.4214,LL
9915,803988.3640,148934.0784,826.4569,LL
9916,803967.1720,148920.8157,826.4722,LL
9917,803945.9597,148907.5857,826.4976,LL
9918,803924.7496,148894.3520,826.5020,LL
9919,803903.5350,148881.1257,826.4961,LL
9920,803882.3362,148867.8741,826.4941,LL
9921,803861.1420,148854.6148,826.4706,LL
9922,803839.9542,148841.3455,826.4819,LL
9923,803818.7451,148828.1101,826.4783,LL
9924,803797.5404,148814.8679,826.4346,LL
9925,803776.3380,148801.6218,826.4100,LL
9926,803755.1325,148788.3809,826.3952,LL
9927,803733.8924,148775.1954,826.4067,LL
9928,803712.6928,148761.9448,826.3923,LL
9929,803691.4641,148748.7410,826.3964,LL
9930,803670.2399,148735.5299,826.3965,LL
9931,803649.0013,148722.3422,826.3833,LL
9932,803627.7483,148709.1773,826.3827,LL
9933,803606.5051,148695.9970,826.4122,LL
9934,803585.2456,148682.8429,826.4516,LL
9935,803564.0118,148669.6472,826.4877,LL
9936,803542.7804,148656.4478,826.5270,LL
9937,803521.5698,148643.2150,826.5493,LL
9938,803500.3257,148630.0362,826.5932,LL
9939,803479.1373,148616.7680,826.6588,LL
9940,803457.9516,148603.4955,826.7248,LL
9941,803436.7430,148590.2594,826.7700,LL
9942,803415.5575,148576.9867,826.8326,LL
9943,803394.3660,148563.7233,826.8881,LL
9944,803373.2174,148550.3918,826.9584,LL
9945,803352.0260,148537.1283,827.0010,LL
9946,803330.8048,148523.9124,827.0643,LL
9947,803309.6188,148510.6404,827.1274,LL
9948,803288.4731,148497.3042,827.1865,LL
9949,803267.2799,148484.0441,827.2811,LL
9950,803246.0693,148470.8115,827.3642,LL
9951,803224.8195,148457.6419,827.4167,LL
9952,803203.5895,148444.4403,827.4816,LL
9953,803182.3767,148431.2112,827.5559,LL
9954,803161.1743,148417.9653,827.5398,LL
9955,803139.9842,148404.7003,827.6660,LL
9956,803118.7818,148391.4543,827.7088,LL
9957,803097.5592,148378.2407,827.7553,LL
9958,803076.3517,148365.0029,827.7885,LL
9959,803055.1538,148351.7498,827.8311,LL
9960,803033.9547,148338.4986,827.8884,LL
9961,803012.7142,148325.3139,827.8924,LL
9962,802991.5143,148312.0638,827.9099,LL
9963,802970.3397,148298.7735,827.9172,LL
9964,802949.1460,148285.5136,827.9223,LL
9965,802927.9927,148272.1893,827.9526,LL
9966,802906.8389,148258.8658,827.9963,LL
9967,802885.6207,148245.6453,828.0569,LL
9968,802864.4132,148232.4078,828.1017,LL
9969,802843.1762,148219.2173,828.1097,LL
9970,802821.9250,148206.0498,828.1353,LL
9971,802800.7201,148192.8078,828.1470,LL
9972,802779.5357,148179.5332,828.2025,LL
9973,802758.3665,148166.2342,828.2330,LL
9974,802737.1700,148152.9788,828.2575,LL
9975,802715.9815,148139.7105,828.2875,LL
9976,802694.7804,148126.4625,828.3403,LL
9977,802673.5646,148113.2380,828.3618,LL
9978,802652.3452,148100.0194,828.3471,LL
9979,802631.1403,148086.7776,828.4257,LL
9980,802609.9302,148073.5440,828.4520,LL
9981,802588.7136,148060.3207,828.4701,LL
9982,802567.4800,148047.1247,828.4710,LL
9983,802546.2558,148033.9137,828.4680,LL
9984,802525.0668,148020.6463,828.4996,LL
9985,802503.8706,148007.3903,828.5436,LL
9986,802482.7169,147994.0667,828.5584,LL
9987,802461.5287,147980.7980,828.5953,LL
9988,802440.3050,147967.5862,828.6194,LL
9989,802419.0869,147954.3654,828.6547,LL
9990,802397.8811,147941.1249,828.7105,LL
9991,802376.6902,147927.8604,828.7260,LL
9992,802355.5062,147914.5850,828.7587,LL
9993,802334.3101,147901.3290,828.7790,LL
9994,802313.1043,147888.0884,828.8197,LL
9995,802291.8864,147874.8673,828.8515,LL
9996,802270.6726,147861.6398,828.8940,LL
9997,802249.4718,147848.3912,828.9270,LL
9998,802228.2732,147835.1391,828.9760,LL
9999,802207.0837,147821.8725,829.0189,LL
10000,802185.8801,147808.6284,829.0345,LL
10001,802164.6834,147795.3734,829.0488,LL
10002,802143.4822,147782.1253,829.0657,LL
10003,802122.2603,147768.9106,829.0921,LL
10004,802101.0415,147755.6908,829.0940,LL
10005,802079.8078,147742.4950,829.1382,LL
10006,802058.6111,147729.2399,829.1688,LL
10007,802037.4304,147715.9593,829.1997,LL
10008,802016.2211,147702.7243,829.2311,LL
10009,801995.0153,147689.4838,829.2637,LL
10010,801973.7980,147676.2618,829.2881,LL
10011,801952.5849,147663.0329,829.3127,LL
10012,801931.3979,147649.7623,829.3483,LL
10013,801910.1838,147636.5350,829.3641,LL
10014,801889.0016,147623.2569,829.3968,LL
10015,801867.7750,147610.0499,829.4206,LL
10016,801846.5734,147596.8029,829.5152,LL
10017,801825.3683,147583.5614,829.5603,LL
10018,801804.1836,147570.2870,829.5938,LL
10019,801783.0017,147557.0083,829.6376,LL
10020,801761.7939,147543.7710,829.6697,LL
10021,801740.5919,147530.5245,829.6930,LL
10022,801719.4071,147517.2504,829.6912,LL
10023,801698.2142,147503.9891,829.7024,LL
10024,801677.0205,147490.7293,829.7316,LL
10025,801655.7770,147477.5493,829.7671,LL
10026,801634.5549,147464.3349,829.8030,LL
10027,801613.3533,147451.0877,829.8624,LL
10028,801592.1481,147437.8462,829.9127,LL
10029,801570.9997,147424.5142,829.9097,LL
10030,801549.8130,147411.2431,829.9335,LL
10031,801528.6176,147397.9858,829.9550,LL
10032,801507.4027,147384.7599,829.9792,LL
10033,801486.1815,147371.5440,830.0171,LL
10034,801464.9448,147358.3531,830.0459,LL
10035,801443.6993,147345.1764,830.0750,LL
10036,801422.4701,147331.9734,830.0964,LL
10037,801401.2199,147318.8042,830.1281,LL
10038,801379.9889,147305.6041,830.1465,LL
10039,801358.7749,147292.3768,830.1731,LL
10040,801337.6071,147279.0755,830.1987,LL
10041,801316.4119,147265.8179,830.2331,LL
10042,801295.2051,147252.5790,830.2765,LL
10043,801273.9918,147239.3505,830.3223,LL
10044,801252.7900,147226.1036,830.3592,LL
10045,801231.5929,147212.8491,830.3702,LL
10046,801210.4316,147199.5375,830.4031,LL
10047,801189.2301,147186.2903,830.4300,LL
10048,801168.0363,147173.0306,830.4569,LL
10049,801146.8374,147159.7792,830.4821,LL
10050,801125.6598,147146.4937,830.4979,LL
10051,801104.4216,147133.3054,830.5610,LL
10052,801083.2052,147120.0818,830.5768,LL
10053,801061.9884,147106.8589,830.5867,LL
10054,801040.7630,147093.6497,830.6163,LL
10055,801019.5316,147080.4503,830.6328,LL
10056,800998.2948,147067.2594,830.6550,LL
10057,800977.0764,147054.0391,830.6943,LL
10058,800955.8546,147040.8242,830.7259,LL
10059,800934.6491,147027.5834,830.7494,LL
10060,800913.5019,147014.2495,830.7897,LL
10061,800892.2982,147001.0056,830.8380,LL
10062,800871.0856,146987.7759,830.8638,LL
10063,800849.8757,146974.5419,830.8957,LL
10064,800828.6830,146961.2803,830.9218,LL
10065,800807.4853,146948.0269,830.9464,LL
10066,800786.2733,146934.7962,830.9404,LL
10067,800765.0368,146921.6052,830.9692,LL
10068,800743.7967,146908.4197,830.9760,LL
10069,800722.5984,146895.1671,830.9979,LL
10070,800701.4303,146881.8664,831.0176,LL
10071,800680.2927,146868.5172,831.0332,LL
10072,800659.1307,146855.2068,831.0551,LL
10073,800637.9379,146841.9455,831.0864,LL
10074,800616.7146,146828.7331,831.1016,LL
10075,800595.4883,146815.5257,831.1826,LL
10076,800574.2591,146802.3228,831.2089,LL
10077,800553.0274,146789.1239,831.2445,LL
10078,800531.8238,146775.8799,831.2801,LL
10079,800510.6537,146762.5824,831.3226,LL
10080,800489.4841,146749.2841,831.3657,LL
10081,800468.2695,146736.0577,831.3922,LL
10082,800447.0824,146722.7873,831.4035,LL
10083,800425.8814,146709.5391,831.4212,LL
10084,800404.6643,146696.3167,831.4521,LL
10085,800383.4525,146683.0859,831.5158,LL
10086,800362.2379,146669.8596,831.5639,LL
10087,800341.0277,146656.6261,831.6073,LL
10088,800319.8090,146643.4062,831.6458,LL
10089,800298.6266,146630.1283,831.6829,LL
10090,800277.4290,146616.8746,831.6986,LL
10091,800256.2669,146603.5642,831.7150,LL
10092,800235.0890,146590.2792,831.7216,LL
10093,800213.9091,146576.9972,831.7560,LL
10094,800192.6915,146563.7756,831.7873,LL
10095,800171.4275,146550.6287,831.8181,LL
10096,800150.1738,146537.4654,831.8576,LL
10097,800128.9899,146524.1898,831.8998,LL
10098,800107.8297,146510.8765,831.9224,LL
10099,800086.6366,146497.6155,831.9369,LL
10100,800065.4380,146484.3635,831.9740,LL
10101,800044.2327,146471.1222,832.0253,LL
10102,800022.9920,146457.9379,832.0809,LL
10103,800001.7726,146444.7191,832.1285,LL
10104,799980.5571,146431.4942,832.1530,LL
10105,799959.3251,146418.2957,832.1724,LL
10106,799938.1200,146405.0541,832.2099,LL
10107,799916.9101,146391.8203,832.2315,LL
10108,799895.7038,146378.5805,832.2689,LL
10109,799874.4727,146365.3805,832.2892,LL
10110,799853.2520,146352.1639,832.3212,LL
10111,799832.0528,146338.9129,832.3442,LL
10112,799810.8437,146325.6776,832.3596,LL
10113,799789.6622,146312.3982,832.3847,LL
10114,799768.4726,146299.1317,832.4010,LL
10115,799747.2388,146285.9361,832.4222,LL
10116,799726.0423,146272.6808,832.4562,LL
10117,799704.8524,146259.4147,832.4900,LL
10118,799683.6560,146246.1593,832.5371,LL
10119,799662.4866,146232.8605,832.5669,LL
10120,799641.3189,146219.5591,832.5792,LL
10121,799620.1213,146206.3060,832.6050,LL
10122,799598.9191,146193.0597,832.6134,LL
10123,799577.6737,146179.8830,832.6563,LL
10124,799556.4706,146166.6381,832.6914,LL
10125,799535.2800,146153.3732,832.7135,LL
10126,799514.1154,146140.0668,832.7403,LL
10127,799492.9324,146126.7900,832.7990,LL
10128,799471.7521,146113.5085,832.8187,LL
10129,799450.5797,146100.2146,832.8178,LL
10130,799429.3916,146086.9458,832.8414,LL
10131,799408.1890,146073.7000,832.8708,LL
10132,799386.9999,146060.4329,832.9075,LL
10133,799365.7862,146047.2049,832.9383,LL
10134,799344.5692,146033.9824,832.9835,LL
10135,799323.3582,146020.7502,833.0121,LL
10136,799302.1102,146007.5775,833.0446,LL
10137,799280.8706,145994.3912,833.0832,LL
10138,799259.6120,145981.2357,833.1211,LL
10139,799238.3759,145968.0438,833.1732,LL
10140,799217.1488,145954.8376,833.2043,LL
10141,799195.9468,145941.5911,833.2315,LL
10142,799174.7683,145928.3070,833.2619,LL
10143,799153.6058,145914.9972,833.2654,LL
10144,799132.4476,145901.6807,833.2763,LL
10145,799111.2689,145888.3968,833.2851,LL
10146,799090.0412,145875.1913,833.2921,LL
10147,799068.8144,145861.9846,833.3274,LL
10148,799047.5659,145848.8126,833.3578,LL
10149,799026.3289,145835.6221,833.3912,LL
10150,799005.1229,145822.3820,833.4135,LL
10151,798983.9037,145809.1629,833.4493,LL
10152,798962.7044,145795.9120,833.4681,LL
10153,798941.5272,145782.6258,833.5067,LL
10154,798920.3469,145769.3445,833.5229,LL
10155,798899.1650,145756.0656,833.5579,LL
10156,798877.9832,145742.7868,833.5791,LL
10157,798856.7533,145729.5849,833.6245,LL
10158,798835.5104,145716.4039,833.6613,LL
10159,798814.2537,145703.2452,833.6910,LL
10160,798793.0340,145690.0271,833.7210,LL
10161,798771.8403,145676.7673,833.7674,LL
10162,798750.6291,145663.5353,833.8127,LL
10163,798729.4290,145650.2857,833.8535,LL
10164,798708.2401,145637.0181,833.8791,LL
10165,798687.0636,145623.7308,833.9036,LL
10166,798665.8860,145610.4451,833.9405,LL
10167,798644.6890,145597.1906,833.9747,LL
10168,798623.4649,145583.9796,834.0133,LL
10169,798602.2517,145570.7509,834.0418,LL
10170,798581.0413,145557.5177,834.0835,LL
10171,798559.8287,145544.2880,834.1153,LL
10172,798538.6201,145531.0519,834.1357,LL
10173,798517.4231,145517.7973,834.1373,LL
10174,798496.2088,145504.5705,834.1669,LL
10175,798474.9926,145491.3466,834.2130,LL
10176,798453.7852,145478.1085,834.2531,LL
10177,798432.5644,145464.8921,834.2713,LL
10178,798411.3391,145451.6827,834.2826,LL
10179,798390.1159,145438.4702,834.2964,LL
10180,798368.8800,145425.2781,834.3016,LL
10181,798347.6414,145412.0902,834.3033,LL
10182,798326.4128,145398.8863,834.3239,LL
10183,798305.1884,145385.6757,834.3495,LL
10184,798284.0046,145372.4000,834.3588,LL
10185,798262.8359,145359.1002,834.3681,LL
10186,798241.6606,145345.8108,834.3777,LL
10187,798220.4533,145332.5727,834.3653,LL
10188,798199.2414,145319.3419,834.3240,LL
10189,798178.0192,145306.1278,834.3074,LL
10190,798156.7971,145292.9133,834.2909,LL
10191,798135.5890,145279.6764,834.2793,LL
10192,798114.4021,145266.4055,834.2677,LL
10193,798093.2006,145253.1581,834.2584,LL
10194,798071.9807,145239.9402,834.2470,LL
10195,798050.8004,145226.6591,834.2202,LL
10196,798036.5591,145217.7527,834.2030,LL,E
10197,797972.0067,145304.1448,834.1493,LL,B
10198,797950.7545,145290.9790,834.1058,LL
10199,797929.5519,145277.7334,834.0859,LL
10200,797908.3526,145264.4828,834.0714,LL
10201,797887.1534,145251.2319,834.0291,LL
10202,797865.9735,145237.9499,833.9987,LL
10203,797844.7786,145224.6918,833.9785,LL
10204,797823.5394,145211.5051,833.9202,LL
10205,797802.3099,145198.3026,833.8631,LL
10206,797781.1035,145185.0632,833.8017,LL
10207,797759.9100,145171.8028,833.7835,LL
10208,797738.7294,145158.5222,833.7218,LL
10209,797717.5460,145145.2459,833.6596,LL
10210,797696.3572,145131.9783,833.6045,LL
10211,797675.1689,145118.7099,833.5493,LL
10212,797653.9330,145105.5177,833.4819,LL
10213,797632.7136,145092.2992,833.4168,LL
10214,797611.5081,145079.0582,833.3633,LL
10215,797590.3050,145065.8134,833.2974,LL
10216,797569.0965,145052.5773,833.2236,LL
10217,797547.8476,145039.4064,833.1453,LL
10218,797526.6408,145026.1678,833.0483,LL
10219,797505.4499,145012.9039,832.9647,LL
10220,797484.2618,144999.6352,832.8973,LL
10221,797463.0767,144986.3618,832.8331,LL
10222,797441.8786,144973.1092,832.6972,LL
10223,797420.6340,144959.9314,832.6237,LL
10224,797399.4393,144946.6735,832.5305,LL
10225,797378.2139,144933.4649,832.4349,LL
10226,797357.0225,144920.2014,832.3549,LL
10227,797335.8016,144906.9852,832.2866,LL
10228,797314.6013,144893.7360,832.2123,LL
10229,797293.3855,144880.5118,832.1172,LL
10230,797272.1706,144867.2862,832.0299,LL
10231,797250.9745,144854.0304,831.9513,LL
10232,797229.7793,144840.7731,831.8629,LL
10233,797208.5766,144827.5280,831.7597,LL
10234,797187.3604,144814.3047,831.6481,LL
10235,797166.1582,144801.0588,831.5339,LL
10236,797144.9421,144787.8349,831.4602,LL
10237,797123.6945,144774.6618,831.3722,LL
10238,797102.4449,144761.4920,831.2694,LL
10239,797081.2283,144748.2693,831.2118,LL
10240,797060.0239,144735.0268,831.1023,LL
10241,797038.8214,144721.7813,831.0131,LL
10242,797017.6055,144708.5573,830.9137,LL
10243,796996.4146,144695.2932,830.8359,LL
10244,796975.2235,144682.0294,830.7153,LL
10245,796954.0086,144668.8038,830.6276,LL
10246,796932.8217,144655.5340,830.5163,LL
10247,796911.6148,144642.2957,830.4260,LL
10248,796890.4200,144629.0379,830.3391,LL
10249,796869.2483,144615.7432,830.2444,LL
10250,796848.0630,144602.4701,830.1630,LL
10251,796826.8527,144589.2372,830.0789,LL
10252,796805.6308,144576.0228,829.9703,LL
10253,796784.4354,144562.7662,829.8441,LL
10254,796763.2342,144549.5187,829.7284,LL
10255,796742.0165,144536.2976,829.6324,LL
10256,796720.7840,144523.1001,829.5529,LL
10257,796699.5621,144509.8856,829.4787,LL
10258,796678.3728,144496.6189,829.4199,LL
10259,796657.1723,144483.3701,829.3468,LL
10260,796635.9856,144470.0992,829.2752,LL
10261,796614.7719,144456.8716,829.2031,LL
10262,796593.5616,144443.6385,829.1083,LL
10263,796572.3897,144430.3441,829.0376,LL
10264,796551.2235,144417.0406,828.9402,LL
10265,796530.0640,144403.7265,828.8510,LL
10266,796508.8690,144390.4688,828.7692,LL
10267,796487.6532,144377.2445,828.6860,LL
10268,796466.4423,144364.0124,828.6138,LL
10269,796445.2174,144350.8027,828.5321,LL
10270,796424.0146,144337.5577,828.4384,LL
10271,796402.8410,144324.2660,828.3604,LL
10272,796381.6386,144311.0202,828.2694,LL
10273,796360.4771,144297.7094,828.1574,LL
10274,796339.2494,144284.5043,828.0774,LL
10275,796317.9995,144271.3352,827.9881,LL
10276,796296.7730,144258.1281,827.9017,LL
10277,796275.5420,144244.9285,827.8037,LL
10278,796254.3100,144231.7306,827.6803,LL
10279,796233.0833,144218.5238,827.5816,LL
10280,796211.8638,144205.3056,827.4897,LL
10281,796190.6493,144192.0794,827.3795,LL
10282,796169.4465,144178.8342,827.2796,LL
10283,796148.2284,144165.6136,827.2222,LL
10284,796127.0120,144152.3903,827.1414,LL
10285,796105.8073,144139.1482,827.0585,LL
10286,796084.5797,144125.9431,826.9706,LL
10287,796063.3899,144112.6772,826.8754,LL
10288,796042.2002,144099.4112,826.7706,LL
10289,796020.9937,144086.1722,826.6870,LL
10290,795999.7624,144072.9730,826.5795,LL
10291,795978.5612,144059.7255,826.4745,LL
10292,795957.3407,144046.5090,826.3663,LL
10293,795936.1076,144033.3129,826.2438,LL
10294,795914.9054,144020.0669,826.1373,LL
10295,795893.7483,144006.7493,826.0205,LL
10296,795872.5847,143993.4418,825.9196,LL
10297,795851.4133,143980.1468,825.7899,LL
10298,795830.2054,143966.9106,825.6344,LL
10299,795808.9836,143953.6965,825.4762,LL
10300,795787.7843,143940.4467,825.3171,LL
10301,795766.5554,143927.2444,825.1349,LL
10302,795745.2989,143914.0866,824.9539,LL
10303,795724.0102,143900.9810,824.7865,LL
10304,795702.6862,143887.9330,824.5807,LL
10305,795681.3051,143874.9787,824.4235,LL
10306,795659.7714,143862.2797,824.2620,LL
10307,795638.1853,143849.6691,824.1490,LL
10308,795616.5230,143837.1900,824.0526,LL
10309,795594.6809,143825.0294,823.9402,LL
10310,795572.7576,143813.0147,823.8215,LL
10311,795550.7577,143801.1409,823.7060,LL
10312,795528.6443,143789.4800,823.5702,LL
10313,795506.4483,143777.9768,823.4494,LL
10314,795484.1775,143766.6195,823.3660,LL
10315,795461.8633,143755.3477,823.2612,LL
10316,795439.3819,143744.4135,823.1062,LL
10317,795416.8141,143733.6588,822.9432,LL
10318,795394.1510,143723.1065,822.7692,LL
10319,795371.4134,143712.7156,822.5950,LL
10320,795348.6087,143702.4726,822.4319,LL
10321,795325.7359,143692.3829,822.2746,LL
10322,795302.7999,143682.4373,822.1186,LL
10323,795279.7688,143672.7149,821.9282,LL
10324,795256.6743,143663.1442,821.7284,LL
10325,795233.4945,143653.7822,821.5208,LL
10326,795210.2331,143644.6253,821.2860,LL
10327,795186.9075,143635.6325,821.0825,LL
10328,795163.5100,143626.8289,820.8657,LL
10329,795140.0111,143618.3000,820.6391,LL
10330,795116.4673,143609.8960,820.4006,LL
10331,795092.8476,143601.7083,820.1456,LL
10332,795069.1495,143593.7508,819.8881,LL
10333,795045.3750,143586.0244,819.6169,LL
10334,795021.5536,143578.4433,819.3645,LL
10335,794997.6837,143571.0177,819.0848,LL
10336,794973.7623,143563.7592,818.7988,LL
10337,794949.8056,143556.6192,818.4945,LL
10338,794925.7998,143549.6450,818.2063,LL
10339,794901.7329,143542.8860,817.9126,LL
10340,794877.6110,143536.3272,817.5823,LL
10341,794853.4336,143529.9746,817.2789,LL
10342,794829.2125,143523.7906,816.9680,LL
10343,794804.9581,143517.7384,816.6667,LL
10344,794780.6404,143511.9472,816.3476,LL
10345,794756.2433,143506.5010,816.0282,LL
10346,794731.8058,143501.2390,815.6919,LL
10347,794707.3332,143496.1429,815.3396,LL
10348,794682.8292,143491.1997,815.0115,LL
10349,794658.2818,143486.4792,814.6471,LL
10350,794633.6839,143482.0298,814.2624,LL
10351,794609.0582,143477.7371,813.8893,LL
10352,794584.4249,143473.4833,813.5695,LL
10353,794559.7527,143469.4608,813.2705,LL
10354,794535.0450,143465.6597,812.9854,LL
10355,794510.3374,143461.8591,812.6896,LL
10356,794485.6228,143458.1026,812.4185,LL
10357,794460.8890,143454.4750,812.1583,LL
10358,794436.1366,143450.9768,811.8887,LL
10359,794411.3692,143447.5889,811.5839,LL
10360,794386.6257,143444.0277,811.3072,LL
10361,794361.8858,143440.4419,811.0410,LL
10362,794337.1451,143436.8605,810.7709,LL
10363,794312.4130,143433.2247,810.4421,LL
10364,794287.6787,143429.6076,810.0991,LL
10365,794262.9569,143425.9205,809.6089,LL
10366,794238.2254,143422.2938,809.1884,LL
10367,794213.4626,143418.8688,808.9400,LL
10368,794188.7179,143415.3147,808.6725,LL
10369,794163.9715,143411.7713,808.4352,LL
10370,794139.2155,143408.2948,808.1979,LL
10371,794114.4544,143404.8539,808.0052,LL
10372,794089.7201,143401.2263,807.8217,LL
10373,794064.9627,143397.7558,807.9047,LL
10374,794040.2136,143394.2235,807.9211,LL
10375,794015.4653,143390.6858,807.8729,LL
10376,793990.7265,143387.0815,807.8384,LL
10377,793965.9864,143383.4868,807.8303,LL
10378,793941.2591,143379.8046,807.8414,LL
10379,793916.5091,143376.2787,807.8783,LL
10380,793891.7511,143372.8095,807.9316,LL
10381,793867.0020,143369.2785,808.0192,LL
10382,793842.2563,143365.7250,808.1650,LL
10383,793817.5064,143362.2021,808.3432,LL
10384,793792.7488,143358.7335,808.5056,LL
10385,793767.9921,143355.2571,808.6384,LL
10386,793743.2365,143351.7742,808.7637,LL
10387,793718.4827,143348.2789,808.9316,LL
10388,793693.7252,143344.8100,809.1243,LL
10389,793668.9732,143341.3014,809.2829,LL
10390,793644.2201,143337.8040,809.5009,LL
10391,793619.4534,143334.4068,809.7657,LL
10392,793594.6982,143330.9278,810.0309,LL
10393,793569.9513,143327.3930,810.3480,LL
10394,793545.2062,143323.8445,810.6339,LL
10395,793520.4597,143320.3070,810.9401,LL
10396,793495.7109,143316.7880,811.2714,LL
10397,793470.9589,143313.2917,811.5960,LL
10398,793446.2107,143309.7700,811.9549,LL
10399,793421.4727,143306.1803,812.3235,LL
10400,793396.7237,143302.6644,812.6812,LL
10401,793371.9859,143299.0749,813.0735,LL
10402,793347.2467,143295.4974,813.4974,LL
10403,793322.5001,143291.9694,813.8826,LL
10404,793297.7649,143288.3588,814.2490,LL
10405,793273.0315,143284.7402,814.6317,LL
10406,793248.2850,143281.2098,815.0251,LL
10407,793223.5383,143277.6793,815.3922,LL
10408,793198.7855,143274.1901,815.7396,LL
10409,793174.0462,143270.6071,816.1062,LL
10410,793149.3100,143267.0052,816.4853,LL
10411,793124.5739,143263.4027,816.8628,LL
10412,793099.8260,143259.8851,817.2637,LL
10413,793075.0780,143256.3682,817.6709,LL
10414,793050.3348,143252.8161,818.0658,LL
10415,793025.5896,143249.2750,818.4314,LL
10416,793000.8491,143245.7014,818.8005,LL
10417,792976.1192,143242.0576,819.1904,LL
10418,792951.3839,143238.4507,819.5781,LL
10419,792926.6542,143234.8060,819.9805,LL
10420,792901.9119,143231.2465,820.3637,LL
10421,792877.1658,143227.7106,820.7170,LL
10422,792852.4130,143224.2190,821.0413,LL
10423,792827.6736,143220.6357,821.3855,LL
10424,792802.9274,143217.1010,821.7408,LL
10425,792778.1791,143213.5785,822.0812,LL
10426,792753.4317,143210.0490,822.4095,LL
10427,792728.6871,143206.4987,822.7241,LL
10428,792703.9408,143202.9589,823.0235,LL
10429,792679.2042,143199.3522,823.3152,LL
10430,792654.4556,143195.8294,823.6275,LL
10431,792629.7038,143192.3267,823.9123,LL
10432,792604.9530,143188.8161,824.1823,LL
10433,792580.2035,143185.2969,824.4530,LL
10434,792555.4634,143181.7114,824.7196,LL
10435,792530.7223,143178.1323,824.9788,LL
10436,792505.9795,143174.5657,825.2572,LL
10437,792481.2315,143171.0368,825.5398,LL
10438,792456.4794,143167.5368,825.8305,LL
10439,792431.7310,143164.0084,826.0677,LL
10440,792406.9942,143160.3983,826.3258,LL
10441,792382.2594,143156.7722,826.5270,LL
10442,792357.5193,143153.1817,826.7040,LL
10443,792332.7761,143149.6115,826.8776,LL
10444,792308.0369,143146.0143,827.0456,LL
10445,792283.2937,143142.4440,827.2098,LL
10446,792258.5498,143138.8783,827.3640,LL
10447,792233.8064,143135.3096,827.5327,LL
10448,792209.0613,143131.7536,827.7154,LL
10449,792184.3084,143128.2512,827.8885,LL
10450,792159.5552,143124.7509,828.0471,LL
10451,792134.8066,143121.2173,828.1904,LL
10452,792110.0665,143117.6247,828.3147,LL
10453,792085.3238,143114.0484,828.4175,LL
10454,792060.5788,143110.4889,828.5263,LL
10455,792035.8326,143106.9370,828.6185,LL
10456,792011.0876,143103.3768,828.7287,LL
10457,791986.3423,143099.8183,828.7992,LL
10458,791961.5964,143096.2648,828.9175,LL
10459,791936.8473,143092.7338,829.0328,LL
10460,791912.0996,143089.1934,829.1492,LL
10461,791887.3533,143085.6431,829.2725,LL
10462,791862.6048,143082.1083,829.3851,LL
10463,791837.8531,143078.5952,829.4984,LL
10464,791813.1048,143075.0585,829.6043,LL
10465,791788.3571,143071.5176,829.7054,LL
10466,791763.6045,143068.0107,829.8195,LL
10467,791738.8553,143064.4800,829.9092,LL
10468,791714.1137,143060.8965,830.0227,LL
10469,791689.3846,143057.2280,830.1165,LL
10470,791664.6419,143053.6516,830.1956,LL
10471,791639.8992,143050.0750,830.2890,LL
10472,791615.1502,143046.5429,830.3998,LL
10473,791590.4077,143042.9664,830.5084,LL
10474,791565.6562,143039.4524,830.6165,LL
10475,791540.9062,143035.9276,830.7425,LL
10476,791516.1613,143032.3676,830.8582,LL
10477,791491.4148,143028.8186,830.9963,LL
10478,791466.6692,143025.2633,831.1080,LL
10479,791441.9310,143021.6568,831.2292,LL
10480,791417.1937,143018.0447,831.3426,LL
10481,791392.4483,143014.4887,831.4785,LL
10482,791367.7008,143010.9470,831.5935,LL
10483,791342.9464,143007.4532,831.7106,LL
10484,791318.1955,143003.9352,831.8177,LL
10485,791293.4451,143000.4130,831.9212,LL
10486,791268.7029,142996.8332,832.0174,LL
10487,791243.9561,142993.2856,832.1346,LL
10488,791219.2097,142989.7353,832.2365,LL
10489,791194.4600,142986.2080,832.3379,LL
10490,791169.7164,142982.6385,832.4462,LL
10491,791144.9742,142979.0595,832.5473,LL
10492,791120.2295,142975.4979,832.6614,LL
10493,791095.4784,142971.9804,832.7649,LL
10494,791070.7341,142968.4173,832.9012,LL
10495,791045.9922,142964.8353,833.0049,LL
10496,791021.2507,142961.2507,833.1028,LL
10497,790996.4995,142957.7336,833.1852,LL
10498,790971.7480,142954.2186,833.2518,LL
10499,790946.9979,142950.6948,833.3649,LL
10500,790922.2457,142947.1845,833.4302,LL
10501,790897.4891,142943.7048,833.4629,LL
10502,790872.7261,142940.2709,833.4950,LL
10503,790847.9749,142936.7532,833.5499,LL
10504,790823.2257,142933.2211,833.5787,LL
10505,790798.4784,142929.6763,833.6256,LL
10506,790773.7369,142926.0910,833.6680,LL
10507,790748.9966,142922.4975,833.6512,LL
10508,790724.2552,142918.9109,833.6790,LL
10509,790699.5062,142915.3775,833.6368,LL
10510,790674.7552,142911.8588,833.6734,LL
10511,790649.9995,142908.3727,833.6761,LL
10512,790625.2496,142904.8454,833.5850,LL
10513,790600.5003,142901.3152,833.6893,LL
10514,790575.7554,142897.7551,833.6902,LL
10515,790551.0099,142894.1976,833.6414,LL
10516,790526.2772,142890.5518,833.6902,LL
10517,790501.5406,142886.9337,833.6007,LL
10518,790476.7965,142883.3670,833.6148,LL
10519,790452.0568,142879.7694,833.6062,LL
10520,790427.3158,142876.1815,833.5239,LL
10521,790402.5626,142872.6777,833.4918,LL
10522,790377.8093,142869.1748,833.4305,LL
10523,790353.0507,142865.7094,833.3809,LL
10524,790328.3071,142862.1391,833.3252,LL
10525,790303.5604,142858.5903,833.2620,LL
10526,790278.8119,142855.0538,833.1746,LL
10527,790254.0620,142851.5269,833.1389,LL
10528,790229.3224,142847.9295,833.0723,LL
10529,790204.5806,142844.3457,833.0193,LL
10530,790179.8482,142840.6984,832.9585,LL
10531,790155.1064,142837.1160,832.8820,LL
10532,790130.3661,142833.5223,832.8285,LL
10533,790105.6207,142829.9649,832.7641,LL
10534,790080.8717,142826.4315,832.7103,LL
10535,790056.1177,142822.9336,832.6447,LL
10536,790031.3651,142819.4254,832.5823,LL
10537,790006.6103,142815.9332,832.5185,LL
10538,789981.8602,142812.4089,832.4560,LL
10539,789957.1141,142808.8556,832.3987,LL
10540,789932.3687,142805.2977,832.3208,LL
10541,789907.6303,142801.6913,832.2649,LL
10542,789882.8820,142798.1538,832.1820,LL
10543,789858.1371,142794.5923,832.1094,LL
10544,789833.3906,142791.0424,832.0410,LL
10545,789808.6425,142787.5033,831.9639,LL
10546,789783.8968,142783.9475,831.8972,LL
10547,789759.1565,142780.3538,831.8492,LL
10548,789734.4119,142776.7901,831.7852,LL
10549,789709.6713,142773.1991,831.7241,LL
10550,789684.9257,142769.6429,831.6298,LL
10551,789660.1808,142766.0820,831.5472,LL
10552,789635.4465,142762.4480,831.5078,LL
10553,789610.7082,142758.8400,831.4699,LL
10554,789585.9662,142755.2584,831.4056,LL
10555,789561.2250,142751.6708,831.3479,LL
10556,789536.4783,142748.1223,831.2784,LL
10557,789511.7383,142744.5271,831.2059,LL
10558,789486.9945,142740.9580,831.1277,LL
10559,789462.2513,142737.3845,831.0627,LL
10560,789437.5061,142733.8256,830.9915,LL
10561,789412.7525,142730.3252,830.9260,LL
10562,789388.0307,142726.6073,830.8426,LL
10563,789363.3099,142722.8836,830.7481,LL
10564,789338.5719,142719.2767,830.6140,LL
10565,789313.8265,142715.7193,830.5249,LL
10566,789289.0826,142712.1502,830.4956,LL
10567,789264.3305,142708.6391,830.4363,LL
10568,789239.5835,142705.0933,830.3261,LL
10569,789214.8411,142701.5160,830.2362,LL
10570,789190.1006,142697.9242,830.1603,LL
10571,789165.3640,142694.3076,830.0281,LL
10572,789140.6247,142690.7083,829.9199,LL
10573,789115.8827,142687.1275,829.8447,LL
10574,789091.1381,142683.5648,829.8068,LL
10575,789066.3837,142680.0698,829.7353,LL
10576,789041.6357,142676.5299,829.6787,LL
10577,789016.8802,142673.0429,829.6036,LL
10578,788992.1249,142669.5547,829.5191,LL
10579,788967.3678,142666.0795,829.4340,LL
10580,788942.6162,142662.5652,829.3669,LL
10581,788917.8778,142658.9585,829.3192,LL
10582,788893.1436,142655.3235,829.2503,LL
10583,788868.4096,142651.6868,829.2017,LL
10584,788843.6673,142648.1077,829.1811,LL
10585,788818.9119,142644.6193,829.1430,LL
10586,788794.1639,142641.0792,829.1047,LL
10587,788769.4163,142637.5357,829.0503,LL
10588,788744.6567,142634.0786,828.9928,LL
10589,788719.8987,142630.6084,828.9488,LL
10590,788695.1448,142627.1095,828.9209,LL
10591,788670.3917,142623.6052,828.9167,LL
10592,788645.6456,142620.0517,828.9110,LL
10593,788620.8941,142616.5358,828.8611,LL
10594,788596.1351,142613.0732,828.8825,LL
10595,788571.3718,142609.6413,828.9124,LL
10596,788546.6039,142606.2432,828.9696,LL
10597,788521.8366,142602.8416,829.0505,LL
10598,788497.0692,142599.4404,829.0832,LL
10599,788472.3022,142596.0356,829.1356,LL
10600,788447.5413,142592.5870,829.1796,LL
10601,788422.7832,142589.1188,829.2482,LL
10602,788398.0311,142585.6077,829.3143,LL
10603,788373.2598,142582.2347,829.3979,LL
10604,788348.4916,142578.8410,829.4854,LL
10605,788323.7412,142575.3178,829.5703,LL
10606,788298.9997,142571.7329,829.6416,LL
10607,788274.2684,142568.0788,829.7181,LL
10608,788249.5869,142564.1028,829.7730,LL
10609,788224.9479,142559.8703,829.8152,LL
10610,788200.3612,142555.3450,829.8689,LL
10611,788175.8426,142550.4643,829.9316,LL
10612,788151.3878,142545.2725,829.9635,LL
10613,788126.9941,142539.8010,829.9560,LL
10614,788102.6511,142534.1078,829.9289,LL
10615,788078.3493,142528.2409,829.8941,LL
10616,788054.0703,142522.2809,829.8345,LL
10617,788029.8710,142516.0054,829.7779,LL
10618,788005.7447,142509.4545,829.7165,LL
10619,787981.6790,142502.6852,829.6641,LL
10620,787957.6952,142495.6301,829.6231,LL
10621,787933.7760,142488.3594,829.5823,LL
10622,787909.9481,142480.7959,829.5148,LL
10623,787886.2265,142472.9052,829.4592,LL
10624,787862.5960,142464.7447,829.4043,LL
10625,787839.0101,142456.4559,829.3694,LL
10626,787815.4872,142447.9908,829.3394,LL
10627,787792.0062,142439.4095,829.2842,LL
10628,787768.5611,142430.7311,829.2383,LL
10629,787745.2252,142421.7636,829.1929,LL
10630,787721.9706,142412.5868,829.1118,LL
10631,787698.7790,142403.2524,829.0370,LL
10632,787675.7969,142393.4144,828.9652,LL
10633,787652.9759,142383.2075,828.8996,LL
10634,787630.2910,142372.7010,828.8568,LL
10635,787607.8090,142361.7685,828.8266,LL
10636,787585.4624,142350.5609,828.7742,LL
10637,787563.2215,142339.1443,828.7411,LL
10638,787541.0608,142327.5729,828.6908,LL
10639,787519.0218,142315.7718,828.6336,LL
10640,787497.1133,142303.7301,828.5615,LL
10641,787475.3347,142291.4549,828.5146,LL
10642,787453.7290,142278.8776,828.5040,LL
10643,787432.2794,142266.0365,828.5094,LL
10644,787411.0124,142252.8948,828.5206,LL
10645,787389.6673,142239.8862,828.4945,LL
10646,787367.2906,142228.7514,828.5831,LL
10647,787344.9218,142217.6020,828.7418,LL
10648,787322.7746,142206.0066,828.9128,LL
10649,787300.5797,142194.5057,829.1660,LL
10650,787279.0725,142181.7966,829.3535,LL
10651,787258.8531,142167.1012,829.3190,LL
10652,787238.6038,142152.4398,829.3118,LL
10653,787218.5885,142137.4614,829.3311,LL
10654,787198.5915,142122.4586,829.3514,LL
10655,787178.8343,142107.1406,829.3287,LL
10656,787159.1924,142091.6749,829.3214,LL
10657,787139.7098,142076.0095,829.3498,LL
10658,787120.5343,142059.9697,829.3785,LL
10659,787101.5085,142043.7518,829.3972,LL
10660,787082.5342,142027.4743,829.4267,LL
10661,787063.6382,142011.1057,829.5069,LL
10662,787044.8534,141994.6094,829.5412,LL
10663,787026.2849,141977.8708,829.5375,LL
10664,787007.9091,141960.9207,829.5858,LL
10665,786989.7926,141943.6933,829.5860,LL
10666,786971.7796,141926.3575,829.6450,LL
10667,786953.8177,141908.9691,829.7370,LL
10668,786935.8757,141891.5601,829.8242,LL
10669,786917.9168,141874.1686,829.9221,LL
10670,786899.9240,141856.8123,830.0498,LL
10671,786881.9533,141839.4327,830.0919,LL
10672,786863.9475,141822.0896,830.1785,LL
10673,786845.9185,141804.7705,830.2166,LL
10674,786827.8304,141787.5131,830.2328,LL
10675,786809.7379,141770.2606,830.1424,LL
10676,786791.6387,141753.0151,830.0349,LL
10677,786773.6189,141735.6866,829.9999,LL
10678,786755.5258,141718.4347,829.9252,LL
10679,786737.4015,141701.2162,829.9921,LL
10680,786719.3135,141683.9590,830.0925,LL
10681,786701.2630,141666.6624,830.0597,LL
10682,786683.1996,141649.3796,829.9280,LL
10683,786665.1777,141632.0538,829.7590,LL
10684,786647.1457,141614.7382,829.6397,LL
10685,786629.0854,141597.4525,829.4846,LL
10686,786610.9474,141580.2502,829.1774,LL
10687,786592.7779,141563.0816,828.8576,LL
10688,786574.5567,141545.9679,828.5220,LL
10689,786556.2419,141528.9550,828.1742,LL
10690,786537.8154,141512.0632,827.8187,LL
10691,786519.4105,141495.1477,827.4610,LL
10692,786501.0812,141478.1505,827.0991,LL
10693,786482.9450,141460.9470,826.7845,LL
10694,786465.2099,141443.3314,826.4582,LL
10695,786447.9141,141425.2824,826.2321,LL
10696,786431.0458,141406.8328,826.1026,LL
10697,786414.6448,141387.9653,826.0104,LL
10698,786398.5956,141368.7979,825.9369,LL
10699,786383.0187,141349.2451,825.9027,LL
10700,786367.9730,141329.2810,825.9572,LL
10701,786353.4070,141308.9635,826.0685,LL
10702,786339.2630,141288.3512,826.2118,LL
10703,786325.8561,141267.2538,826.3970,LL
10704,786312.9259,141245.8593,826.6795,LL
10705,786300.2073,141224.3403,827.0385,LL
10706,786288.1898,141202.4234,827.4359,LL
10707,786276.8701,141180.1387,827.8680,LL
10708,786266.2035,141157.5339,828.3333,LL
10709,786256.0768,141134.6840,828.8484,LL
10710,786246.7115,141111.5123,829.3998,LL
10711,786238.1199,141088.0445,829.9980,LL
10712,786230.0011,141064.4081,830.6239,LL
10713,786221.9501,141040.7479,831.2226,LL
10714,786214.0881,141017.0211,831.6750,LL
10715,786206.3867,140993.2409,832.1071,LL
10716,786198.6341,140969.4762,832.4745,LL
10717,786190.8028,140945.7361,832.7490,LL
10718,786182.8694,140922.0295,832.9889,LL
10719,786174.9925,140898.3036,833.1638,LL
10720,786167.1100,140874.5795,833.3225,LL
10721,786159.1972,140850.8651,833.3963,LL
10722,786151.1193,140827.2061,833.4398,LL
10723,786142.8622,140803.6092,833.4245,LL
10724,786134.5702,140780.0245,833.3542,LL
10725,786126.0762,140756.5126,833.2123,LL
10726,786117.0367,140733.2056,833.0028,LL
10727,786107.4782,140710.1076,832.7352,LL
10728,786097.4100,140687.2278,832.3966,LL
10729,786087.1661,140664.4264,832.0187,LL
10730,786076.7940,140641.6838,831.5746,LL
10731,786066.3314,140618.9834,831.1106,LL
10732,786055.6634,140596.3777,830.6982,LL
10733,786044.7956,140573.8665,830.3430,LL
10734,786033.7680,140551.4326,830.0131,LL
10735,786022.7223,140529.0064,829.7766,LL
10736,786011.5687,140506.6335,829.5521,LL
10737,786000.2957,140484.3200,829.4028,LL
10738,785988.8869,140462.0752,829.3122,LL
10739,785977.4303,140439.8554,829.1627,LL
10740,785965.9399,140417.6528,829.0391,LL
10741,785954.3767,140395.4881,828.9779,LL
10742,785942.6625,140373.4025,828.9857,LL
10743,785930.7415,140351.4279,829.0235,LL
10744,785918.7588,140329.4868,829.0463,LL
10745,785906.6047,140307.6401,829.0092,LL
10746,785894.4069,140285.8179,828.9602,LL
10747,785882.2230,140263.9878,828.9244,LL
10748,785869.9977,140242.1810,828.8677,LL
10749,785857.7924,140220.3630,828.8201,LL
10750,785845.5575,140198.5615,828.7977,LL
10751,785833.2988,140176.7734,828.7548,LL
10752,785821.0337,140154.9889,828.6981,LL
10753,785808.7574,140133.2108,828.6493,LL
10754,785796.4545,140111.4476,828.5821,LL
10755,785784.1694,140089.6745,828.5287,LL
10756,785771.9003,140067.8922,828.4829,LL
10757,785759.6206,140046.1160,828.4187,LL
10758,785747.2454,140024.3938,828.3707,LL
10759,785734.8106,140002.7058,828.3230,LL
10760,785722.3766,139981.0173,828.2719,LL
10761,785710.0010,139959.2956,828.1916,LL
10762,785697.7926,139937.4795,828.0988,LL
10763,785685.5967,139915.6564,828.0235,LL
10764,785673.5516,139893.7494,827.9663,LL
10765,785661.5230,139871.8334,827.9281,LL
10766,785649.4345,139849.9505,827.8928,LL
10767,785637.2026,139828.1474,827.8577,LL
10768,785624.9060,139806.3807,827.8049,LL
10769,785612.5586,139784.6428,827.7263,LL
10770,785600.0713,139762.9851,827.6418,LL
10771,785587.5644,139741.3386,827.5641,LL
10772,785574.9274,139719.7681,827.5135,LL
10773,785562.1557,139698.2766,827.4904,LL
10774,785549.3568,139676.8014,827.4404,LL
10775,785536.4885,139655.3680,827.3364,LL
10776,785523.6065,139633.9428,827.2204,LL
10777,785510.4414,139612.6904,827.1606,LL
10778,785497.0641,139591.5709,827.1119,LL
10779,785483.7016,139570.4418,827.0630,LL
10780,785470.4012,139549.2736,826.9858,LL
10781,785457.1470,139528.0764,826.9100,LL
10782,785443.9319,139506.8547,826.8768,LL
10783,785430.7624,139485.6048,826.8231,LL
10784,785417.6253,139464.3350,826.7528,LL
10785,785404.4972,139443.0596,826.6615,LL
10786,785391.3244,139421.8122,826.5838,LL
10787,785380.3094,139404.2076,826.4832,LL,E
10788,797954.6619,145280.1915,834.4260,LL,B
10789,797933.4554,145266.9521,834.3914,LL
10790,797912.2528,145253.7065,834.3555,LL
10791,797891.0542,145240.4544,834.3195,LL
10792,797869.8754,145227.1710,834.2891,LL
10793,797848.6526,145213.9577,834.2517,LL
10794,797827.4543,145200.7052,834.2084,LL
10795,797806.2056,145187.5347,834.1613,LL
10796,797785.0417,145174.2272,834.1194,LL
10797,797763.8534,145160.9587,834.0504,LL
10798,797742.6618,145147.6956,833.9934,LL
10799,797721.4678,145134.4363,833.9310,LL
10800,797700.2787,145121.1691,833.8722,LL
10801,797679.0880,145107.9045,833.8279,LL
10802,797657.8626,145094.6955,833.7599,LL
10803,797636.6390,145081.4837,833.6962,LL
10804,797615.4205,145068.2635,833.6469,LL
10805,797594.2241,145055.0081,833.5529,LL
10806,797572.9971,145041.8018,833.4893,LL
10807,797551.7791,145028.5809,833.4221,LL
10808,797530.5873,145015.3182,833.3416,LL
10809,797509.3992,145002.0496,833.2643,LL
10810,797488.1979,144988.8019,833.1695,LL
10811,797466.9889,144975.5666,833.0920,LL
10812,797445.7863,144962.3212,833.0206,LL
10813,797424.5574,144949.1181,832.9132,LL
10814,797403.3295,144935.9132,832.8265,LL
10815,797382.1230,144922.6739,832.7490,LL
10816,797360.9149,144909.4373,832.6610,LL
10817,797339.7046,144896.2041,832.5900,LL
10818,797318.5154,144882.9373,832.4968,LL
10819,797297.3241,144869.6739,832.4024,LL
10820,797276.1133,144856.4415,832.3158,LL
10821,797254.9026,144843.2092,832.2257,LL
10822,797233.7087,144829.9497,832.1300,LL
10823,797212.4977,144816.7179,832.0306,LL
10824,797191.3191,144803.4343,831.9268,LL
10825,797170.1151,144790.1910,831.8551,LL
10826,797148.8542,144777.0393,831.7802,LL
10827,797127.5934,144763.8875,831.6949,LL
10828,797106.3600,144750.6915,831.6147,LL
10829,797085.1518,144737.4549,831.5152,LL
10830,797063.9561,144724.1986,831.4280,LL
10831,797042.7371,144710.9795,831.3388,LL
10832,797021.5365,144697.7310,831.2456,LL
10833,797000.3327,144684.4878,831.1322,LL
10834,796979.1459,144671.2172,831.0171,LL
10835,796957.9408,144657.9759,830.9178,LL
10836,796936.7317,144644.7410,830.8225,LL
10837,796915.5582,144631.4492,830.7117,LL
10838,796894.3662,144618.1869,830.6108,LL
10839,796873.1959,144604.8900,830.5206,LL
10840,796851.9594,144591.6989,830.4388,LL
10841,796830.7360,144578.4868,830.3564,LL
10842,796809.5505,144565.2143,830.2318,LL
10843,796788.3683,144551.9365,830.0947,LL
10844,796767.1737,144538.6788,829.9924,LL
10845,796745.9495,144525.4684,829.8919,LL
10846,796724.6967,144512.3035,829.8073,LL
10847,796703.4301,144499.1610,829.7446,LL
10848,796682.2178,144485.9313,829.6745,LL
10849,796661.0394,144472.6471,829.6006,LL
10850,796639.8669,144459.3533,829.5344,LL
10851,796618.6405,144446.1461,829.4943,LL
10852,796597.3727,144433.0055,829.4233,LL
10853,796576.1264,144419.8304,829.3102,LL
10854,796554.9515,144406.5412,829.2091,LL
10855,796533.8145,144393.1914,829.1185,LL
10856,796512.6305,144379.9162,829.0300,LL
10857,796491.4158,144366.6904,828.9502,LL
10858,796470.1922,144353.4786,828.8691,LL
10859,796448.9844,144340.2416,828.7708,LL
10860,796427.7672,144327.0196,828.6971,LL
10861,796406.5907,144313.7325,828.5938,LL
10862,796385.4316,144300.4177,828.4964,LL
10863,796364.2890,144287.0768,828.4147,LL
10864,796343.0548,144273.8821,828.3177,LL
10865,796321.7668,144260.7749,828.2284,LL
10866,796300.5510,144247.5505,828.1359,LL
10867,796279.4057,144234.2155,828.0336,LL
10868,796258.1821,144221.0038,827.9382,LL
10869,796236.9634,144207.7842,827.8404,LL
10870,796215.7491,144194.5577,827.7365,LL
10871,796194.5590,144181.2925,827.6371,LL
10872,796173.3419,144168.0701,827.5517,LL
10873,796152.1042,144154.8811,827.4733,LL
10874,796130.8672,144141.6909,827.3917,LL
10875,796109.6628,144128.4484,827.2982,LL
10876,796088.4547,144115.2118,827.2126,LL
10877,796067.2458,144101.9766,827.1002,LL
10878,796046.0545,144088.7133,827.0024,LL
10879,796024.8463,144075.4769,826.9120,LL
10880,796003.6282,144062.2563,826.8247,LL
10881,795982.4330,144048.9991,826.7245,LL
10882,795961.2324,144035.7507,826.6017,LL
10883,795940.0122,144022.5337,826.4924,LL
10884,795918.8059,144009.2943,826.4071,LL
10885,795897.6474,143995.9786,826.2933,LL
10886,795876.4834,143982.6719,826.1857,LL
10887,795855.2828,143969.4235,826.0664,LL
10888,795834.0815,143956.1766,825.9166,LL
10889,795812.8547,143942.9704,825.7706,LL
10890,795791.6490,143929.7305,825.6251,LL
10891,795770.4312,143916.5101,825.4580,LL
10892,795749.1831,143903.3385,825.3191,LL
10893,795727.8791,143890.2575,825.1428,LL
10894,795706.5538,143877.2110,825.0110,LL
10895,795685.1916,143864.2249,824.8901,LL
10896,795663.6820,143851.4846,824.7509,LL
10897,795642.0910,143838.8831,824.6425,LL
10898,795620.3568,143826.5293,824.5453,LL
10899,795598.5141,143814.3692,824.4125,LL
10900,795576.6200,143802.3013,824.3029,LL
10901,795554.5989,143790.4671,824.1814,LL
10902,795532.5024,143778.7752,824.0685,LL
10903,795510.2916,143767.3005,823.9611,LL
10904,795488.0344,143755.9161,823.8468,LL
10905,795465.7130,143744.6590,823.7337,LL
10906,795443.2510,143733.6847,823.5891,LL
10907,795420.6410,143723.0194,823.4367,LL
10908,795397.9769,143712.4712,823.2766,LL
10909,795375.2126,143702.1390,823.0945,LL
10910,795352.4219,143691.8655,822.9021,LL
10911,795329.5729,143681.7220,822.7373,LL
10912,795306.6143,143671.8294,822.5598,LL
10913,795283.5973,143662.0736,822.3874,LL
10914,795260.4904,143652.5326,822.1947,LL
10915,795237.2726,143643.2666,821.9607,LL
10916,795214.0081,143634.1174,821.7498,LL
10917,795190.6794,143625.1334,821.5197,LL
10918,795167.2848,143616.3231,821.3106,LL
10919,795143.8050,143607.7416,821.0890,LL
10920,795120.2154,143599.4672,820.8396,LL
10921,795096.6181,143591.2151,820.5986,LL
10922,795072.9209,143583.2540,820.3530,LL
10923,795049.1637,143575.4748,820.0882,LL
10924,795025.3748,143567.7926,819.8258,LL
10925,795001.4835,143560.4365,819.5273,LL
10926,794977.5612,143553.1815,819.2561,LL
10927,794953.6071,143546.0316,818.9738,LL
10928,794929.5911,143539.0912,818.7194,LL
10929,794905.5455,143532.2553,818.4693,LL
10930,794881.4312,143525.6698,818.0868,LL
10931,794857.2589,143519.3006,817.7740,LL
10932,794833.0381,143513.1153,817.4773,LL
10933,794808.7870,143507.0502,817.1664,LL
10934,794784.4881,143501.1818,816.8480,LL
10935,794760.1347,143495.5414,816.5455,LL
10936,794735.6953,143490.2876,816.2026,LL
10937,794711.2306,143485.1555,815.8521,LL
10938,794686.7242,143480.2247,815.5071,LL
10939,794662.1798,143475.4939,815.1492,LL
10940,794637.5717,143471.1005,814.7853,LL
10941,794612.9296,143466.9022,814.3941,LL
10942,794588.2793,143462.7503,814.0552,LL
10943,794563.6205,143458.6463,813.7519,LL
10944,794538.9135,143454.8436,813.4404,LL
10945,794514.2221,143450.9415,813.1094,LL
10946,794489.5057,143447.1951,812.8783,LL
10947,794464.7894,143443.4568,812.5820,LL
10948,794440.0343,143439.9863,812.2211,LL
10949,794415.2382,143436.8146,811.9073,LL
10950,794390.4506,143433.5781,811.6057,LL
10951,794365.6646,143430.3273,811.2980,LL
10952,794340.9561,143426.5460,811.0179,LL
10953,794316.2198,143422.9398,810.6858,LL
10954,794291.4994,143419.2311,810.3049,LL
10955,794266.7414,143415.8036,809.8161,LL
10956,794241.9931,143412.3003,809.3463,LL
10957,794217.2930,143408.4518,809.1297,LL
10958,794192.5742,143404.7251,808.8633,LL
10959,794167.8296,143401.1688,808.6218,LL
10960,794143.0764,143397.6727,808.3810,LL
10961,794118.3441,143394.0339,808.1592,LL
10962,794094.6148,143390.1460,808.0009,LL,E
10963,797959.1695,145268.5033,834.2175,LL,B
10964,797937.9491,145255.2862,834.1878,LL
10965,797916.7510,145242.0333,834.1546,LL
10966,797895.5643,145228.7622,834.1262,LL
10967,797874.3282,145215.5705,834.0951,LL
10968,797853.0622,145202.4268,834.0725,LL
10969,797831.8136,145189.2550,834.0299,LL
10970,797810.6625,145175.9282,833.9959,LL
10971,797789.4541,145162.6927,833.9525,LL
10972,797768.1631,145149.5899,833.8885,LL
10973,797747.0109,145136.2660,833.8412,LL
10974,797725.8433,145122.9645,833.7748,LL
10975,797704.6735,145109.6666,833.7074,LL
10976,797683.4801,145096.4063,833.6572,LL
10977,797662.2648,145083.1811,833.5877,LL
10978,797641.0126,145070.0153,833.5169,LL
10979,797619.7353,145056.8900,833.4653,LL
10980,797598.5357,145043.6399,833.3922,LL
10981,797577.4057,145030.2797,833.3169,LL
10982,797556.1973,145017.0434,833.2451,LL
10983,797534.9619,145003.8517,833.1655,LL
10984,797513.7848,144990.5654,833.0957,LL
10985,797492.6446,144977.2207,832.9894,LL
10986,797471.4657,144963.9375,832.9053,LL
10987,797450.2872,144950.6539,832.8224,LL
10988,797429.0736,144937.4260,832.7326,LL
10989,797407.8858,144924.1570,832.6502,LL
10990,797386.7017,144910.8821,832.5534,LL
10991,797365.4407,144897.7306,832.4741,LL
10992,797344.2131,144884.5252,832.4080,LL
10993,797322.9773,144871.3330,832.3197,LL
10994,797301.7708,144858.0940,832.2438,LL
10995,797280.5637,144844.8564,832.1475,LL
10996,797259.3822,144831.5777,832.0449,LL
10997,797238.1990,144818.3015,831.9494,LL
10998,797217.0069,144805.0395,831.8264,LL
10999,797195.7892,144791.8196,831.7432,LL
11000,797174.5196,144778.6822,831.6715,LL
11001,797153.2987,144765.4660,831.5931,LL
11002,797132.0938,144752.2245,831.5013,LL
11003,797110.8340,144739.0711,831.4219,LL
11004,797089.5957,144725.8832,831.3384,LL
11005,797068.3899,144712.6429,831.2471,LL
11006,797047.2028,144699.3728,831.1436,LL
11007,797026.0241,144686.0895,831.0189,LL
11008,797004.8500,144672.7987,830.8973,LL
11009,796983.5850,144659.6540,830.7714,LL
11010,796962.3434,144646.4713,830.6811,LL
11011,796941.1250,144633.2524,830.5888,LL
11012,796919.9937,144619.8942,830.4795,LL
11013,796898.7925,144606.6468,830.3787,LL
11014,796877.5835,144593.4116,830.2906,LL
11015,796856.3383,144580.2347,830.1977,LL
11016,796835.0705,144567.0941,830.1352,LL
11017,796813.8764,144553.8354,830.0110,LL
11018,796792.7446,144540.4779,829.8708,LL
11019,796771.6039,144527.1344,829.7403,LL
11020,796750.4053,144513.8826,829.6519,LL
11021,796729.1450,144500.7301,829.5980,LL
11022,796707.8187,144487.6847,829.5384,LL
11023,796700.4382,144483.0910,829.5089,LL,E
11024,797990.1215,145273.6839,834.0178,LL,B
11025,797968.9170,145260.4413,833.9997,LL
11026,797947.6784,145247.2534,833.9778,LL
11027,797926.4793,145234.0021,833.9579,LL
11028,797905.2707,145220.7661,833.9243,LL
11029,797884.0825,145207.4975,833.8742,LL
11030,797862.8938,145194.2296,833.8405,LL
11031,797841.6893,145180.9869,833.8112,LL
11032,797820.4494,145167.8011,833.7755,LL
11033,797799.2099,145154.6148,833.7289,LL
11034,797777.9738,145141.4231,833.6593,LL
11035,797756.7852,145128.1551,833.6086,LL
11036,797735.6179,145114.8533,833.5492,LL
11037,797714.4337,145101.5783,833.4875,LL
11038,797693.2379,145088.3217,833.4284,LL
11039,797672.0242,145075.0939,833.3605,LL
11040,797650.7913,145061.8971,833.3013,LL
11041,797629.5521,145048.7101,833.2329,LL
11042,797608.3282,145035.4988,833.1756,LL
11043,797587.1325,145022.2422,833.1104,LL
11044,797565.9251,145009.0042,833.0416,LL
11045,797544.7179,144995.7663,832.9642,LL
11046,797523.5315,144982.4949,832.8837,LL
11047,797502.3489,144969.2175,832.7989,LL
11048,797481.2115,144955.8684,832.7146,LL
11049,797460.0079,144942.6246,832.6161,LL
11050,797438.8309,144929.3382,832.5392,LL
11051,797417.6128,144916.1176,832.4459,LL
11052,797396.3799,144902.9208,832.3650,LL
11053,797375.1552,144889.7109,832.2741,LL
11054,797353.9222,144876.5141,832.1918,LL
11055,797332.7062,144863.2901,832.1173,LL
11056,797311.5281,144850.0055,832.0371,LL
11057,797290.3091,144836.7864,831.9334,LL
11058,797269.0847,144823.5760,831.8494,LL
11059,797247.8745,144810.3427,831.7572,LL
11060,797226.6859,144797.0750,831.6496,LL
11061,797205.5186,144783.7735,831.5377,LL
11062,797184.3147,144770.5302,831.4606,LL
11063,797163.0858,144757.3268,831.3792,LL
11064,797141.8680,144744.1057,831.3050,LL
11065,797120.6362,144730.9073,831.2113,LL
11066,797099.4046,144717.7086,831.1207,LL
11067,797078.2246,144704.4272,831.0249,LL
11068,797057.0414,144691.1510,830.9147,LL
11069,797035.8483,144677.8907,830.8206,LL
11070,797014.6090,144664.7044,830.7101,LL
11071,796993.3734,144651.5121,830.5898,LL
11072,796972.1655,144638.2754,830.4816,LL
11073,796950.9709,144625.0173,830.3688,LL
11074,796929.7606,144611.7844,830.2643,LL
11075,796908.5681,144598.5229,830.1620,LL
11076,796887.3450,144585.3104,830.0746,LL
11077,796866.1334,144572.0793,829.9989,LL
11078,796844.9047,144558.8757,829.9078,LL
11079,796823.6670,144545.6868,829.7909,LL
11080,796802.4529,144532.4603,829.6622,LL
11081,796781.2199,144519.2639,829.5436,LL
11082,796759.9809,144506.0770,829.4539,LL
11083,796738.7389,144492.8946,829.3994,LL
11084,796717.5319,144479.6560,829.3432,LL
11085,796696.3577,144466.3654,829.2547,LL
11086,796675.2340,144452.9945,829.1588,LL
11087,796654.0330,144439.7464,829.0943,LL
11088,796632.8460,144426.4758,829.0449,LL
11089,796611.6563,144413.2096,828.9873,LL
11090,796590.4542,144399.9634,828.9018,LL
11091,796569.2533,144386.7154,828.8012,LL
11092,796548.0532,144373.4660,828.7085,LL
11093,796526.8481,144360.2246,828.6109,LL
11094,796505.6348,144346.9961,828.5439,LL
11095,796484.4286,144333.7564,828.4689,LL
11096,796463.2186,144320.5227,828.3812,LL
11097,796442.0238,144307.2649,828.2920,LL
11098,796420.8396,144293.9901,828.2018,LL
11099,796399.6458,144280.7305,828.1086,LL
11100,796378.4189,144267.5242,828.0256,LL
11101,796357.1864,144254.3268,827.9342,LL
11102,796335.9804,144241.0871,827.8305,LL
11103,796314.7708,144227.8529,827.7315,LL
11104,796293.5611,144214.6191,827.6220,LL
11105,796272.3637,144201.3655,827.5196,LL
11106,796251.1759,144188.0965,827.4251,LL
11107,796230.0001,144174.8083,827.3319,LL
11108,796208.7975,144161.5629,827.2463,LL
11109,796187.5922,144148.3218,827.1492,LL
11110,796166.3652,144135.1154,827.0597,LL
11111,796145.1214,144121.9362,826.9828,LL
11112,796123.8831,144108.7479,826.9036,LL
11113,796102.7071,144095.4601,826.8185,LL
11114,796081.5359,144082.1647,826.7169,LL
11115,796060.3657,144068.8677,826.6214,LL
11116,796039.1594,144055.6283,826.5357,LL
11117,796017.9317,144042.4230,826.4650,LL
11118,795996.6965,144029.2299,826.3798,LL
11119,795975.4793,144016.0078,826.2975,LL
11120,795954.2856,144002.7482,826.2178,LL
11121,795933.0863,143989.4973,826.1566,LL
11122,795911.8730,143976.2688,826.1108,LL
11123,795890.6522,143963.0525,826.0425,LL
11124,795869.4176,143949.8583,825.9756,LL
11125,795848.1886,143936.6551,825.9008,LL
11126,795826.9137,143923.5262,825.8061,LL
11127,795805.6152,143910.4354,825.7216,LL
11128,795784.2994,143897.3730,825.6645,LL
11129,795762.9847,143884.3083,825.6492,LL
11130,795741.6892,143871.2126,825.6544,LL
11131,795720.3474,143858.1927,825.6705,LL
11132,795698.8258,143845.4722,825.6318,LL
11133,795677.2747,143832.8015,825.5618,LL
11134,795655.7007,143820.1699,825.5099,LL
11135,795634.0144,143807.7325,825.4478,LL
11136,795612.2017,143795.5179,825.3601,LL
11137,795590.3011,143783.4618,825.2428,LL
11138,795568.3160,143771.5607,825.1295,LL
11139,795546.2279,143759.8515,825.0270,LL
11140,795524.0466,143748.3198,824.9551,LL
11141,795501.7626,143736.9887,824.8364,LL
11142,795479.3780,143725.8570,824.7116,LL
11143,795456.9182,143714.8780,824.5934,LL
11144,795434.4087,143704.0018,824.4336,LL
11145,795411.8039,143693.3249,824.2667,LL
11146,795389.0669,143682.9338,824.0798,LL
11147,795366.2331,143672.7560,823.9255,LL
11148,795343.3374,143662.7186,823.7505,LL
11149,795320.3964,143652.7850,823.5891,LL
11150,795297.3550,143643.0863,823.4180,LL
11151,795274.2848,143633.4574,823.2295,LL
11152,795251.0995,143624.1090,823.0151,LL
11153,795227.8357,143614.9579,822.7976,LL
11154,795204.5257,143605.9255,822.5597,LL
11155,795181.1458,143597.0750,822.3469,LL
11156,795157.7122,143588.3676,822.1511,LL
11157,795134.2052,143579.8608,821.9312,LL
11158,795110.6170,143571.5824,821.6878,LL
11159,795086.9625,143563.4967,821.4359,LL
11160,795063.2365,143555.6221,821.1812,LL
11161,795039.4564,143547.9134,820.9006,LL
11162,795015.5906,143540.4742,820.6289,LL
11163,794991.6686,143533.2179,820.3460,LL
11164,794967.7044,143526.1028,820.0485,LL
11165,794943.6810,143519.1938,819.6832,LL
11166,794919.5749,143512.5754,819.3844,LL
11167,794895.4722,143505.9440,819.1055,LL
11168,794871.3530,143499.3719,818.8358,LL
11169,794847.2084,143492.8940,818.5646,LL
11170,794823.0154,143486.6009,818.2733,LL
11171,794798.7389,143480.6404,817.9561,LL
11172,794774.3936,143474.9659,817.6426,LL
11173,794749.9830,143469.5780,817.3485,LL
11174,794725.5254,143464.4084,817.0389,LL
11175,794701.0458,143459.3472,816.6781,LL
11176,794676.5291,143454.4708,816.2962,LL
11177,794651.9327,143450.0183,815.8682,LL
11178,794627.2998,143445.7730,815.4370,LL
11179,794602.6318,143441.7332,815.0270,LL
11180,794577.9858,143437.5586,814.6418,LL
11181,794553.3217,143433.4930,814.2574,LL
11182,794528.6378,143429.5545,813.8221,LL
11183,794503.9455,143425.6706,813.3660,LL
11184,794479.2381,143421.8819,812.9277,LL
11185,794454.5043,143418.2694,812.5141,LL
11186,794429.7609,143414.7182,812.1203,LL
11187,794405.0185,143411.1626,811.7149,LL
11188,794380.2894,143407.5100,811.3577,LL
11189,794355.5483,143403.9352,811.0438,LL
11190,794330.8033,143400.3863,810.7530,LL
11191,794306.0517,143396.8817,810.4790,LL
11192,794281.3005,143393.3749,810.1930,LL
11193,794256.5478,143389.8800,809.8741,LL
11194,794231.8089,143386.2917,809.5863,LL
11195,794207.0497,143382.8392,809.3386,LL
11196,794182.3027,143379.3010,809.0817,LL
11197,794157.5507,143375.7976,808.8291,LL
11198,794132.7999,143372.2846,808.6001,LL
11199,794108.0502,143368.7615,808.4076,LL
11200,794083.3057,143365.1980,808.3906,LL
11201,794058.5574,143361.6607,808.3448,LL
11202,794033.8108,143358.1148,808.1635,LL
11203,794009.0854,143354.4266,807.9738,LL
11204,793984.3590,143350.7415,807.8167,LL
11205,793959.6223,143347.1240,807.7331,LL
11206,793934.8711,143343.6067,807.7250,LL
11207,793910.1283,143340.0303,807.7551,LL
11208,793885.3991,143336.3612,807.8068,LL
11209,793860.6621,143332.7460,807.8971,LL
11210,793835.9183,143329.1793,808.0529,LL
11211,793811.1766,143325.5994,808.2286,LL
11212,793786.4287,143322.0610,808.3588,LL
11213,793761.6826,143318.5101,808.5016,LL
11214,793736.9269,143315.0265,808.6267,LL
11215,793712.1811,143311.4738,808.7815,LL
11216,793687.4399,143307.8907,808.9675,LL
11217,793662.6948,143304.3370,809.1934,LL
11218,793637.9482,143300.7967,809.4563,LL
11219,793613.1995,143297.2711,809.7300,LL
11220,793588.4535,143293.7296,810.0258,LL
11221,793563.7060,143290.1981,810.3274,LL
11222,793538.9603,143286.6547,810.6292,LL
11223,793514.2192,143283.0787,810.9290,LL
11224,793489.4772,143279.5122,811.2662,LL
11225,793464.7474,143275.8641,811.6322,LL
11226,793440.0124,143272.2528,811.9819,LL
11227,793415.2594,143268.7662,812.3454,LL
11228,793390.5122,143265.2397,812.7163,LL
11229,793365.7634,143261.7262,813.1052,LL
11230,793341.0089,143258.2540,813.5139,LL
11231,793316.2563,143254.7687,813.9054,LL
11232,793291.5091,143251.2428,814.2844,LL
11233,793266.7529,143247.7818,814.6636,LL
11234,793241.9909,143244.3615,815.0448,LL
11235,793217.2363,143240.8871,815.4195,LL
11236,793192.5023,143237.2663,815.7486,LL
11237,793167.7576,143233.7255,816.1506,LL
11238,793143.0080,143230.2191,816.5529,LL
11239,793118.2533,143226.7460,816.9301,LL
11240,793093.5120,143223.1801,817.3186,LL
11241,793068.7769,143219.5714,817.7139,LL
11242,793044.0334,143216.0199,818.0899,LL
11243,793019.2797,143212.5390,818.4568,LL
11244,792994.5309,143209.0250,818.8462,LL
11245,792969.7924,143205.4397,819.2291,LL
11246,792945.0548,143201.8481,819.6073,LL
11247,792920.3129,143198.2850,819.9898,LL
11248,792895.5713,143194.7178,820.3426,LL
11249,792870.8370,143191.0987,820.6803,LL
11250,792846.0991,143187.5059,821.0311,LL
11251,792821.3543,143183.9602,821.3784,LL
11252,792796.6124,143180.3933,821.7234,LL
11253,792771.8689,143176.8372,822.0521,LL
11254,792747.1270,143173.2671,822.3623,LL
11255,792722.3871,143169.6828,822.6537,LL
11256,792697.6458,143166.1096,822.9698,LL
11257,792672.8957,143162.5977,823.2809,LL
11258,792648.1364,143159.1497,823.5821,LL
11259,792623.3806,143155.6749,823.8545,LL
11260,792598.6296,143152.1662,824.1279,LL
11261,792573.8826,143148.6284,824.3986,LL
11262,792549.1365,143145.0843,824.6557,LL
11263,792524.3884,143141.5543,824.9269,LL
11264,792499.6426,143138.0089,825.1948,LL
11265,792474.9016,143134.4307,825.4707,LL
11266,792450.1671,143130.8082,825.7507,LL
11267,792425.4284,143127.2112,825.9901,LL
11268,792400.6943,143123.5808,826.2048,LL
11269,792375.9615,143119.9401,826.3813,LL
11270,792351.2258,143116.3184,826.5407,LL
11271,792326.4934,143112.6740,826.7124,LL
11272,792301.7560,143109.0645,826.8801,LL
11273,792277.0119,143105.5000,827.0392,LL
11274,792252.2682,143101.9330,827.2005,LL
11275,792227.5253,143098.3612,827.3665,LL
11276,792202.7790,143094.8121,827.5242,LL
11277,792178.0282,143091.2950,827.6819,LL
11278,792153.2816,143087.7484,827.8467,LL
11279,792128.5288,143084.2440,827.9679,LL
11280,792103.7768,143080.7333,828.0875,LL
11281,792079.0326,143077.1684,828.1947,LL
11282,792054.2861,143073.6185,828.2943,LL
11283,792029.5414,143070.0559,828.3916,LL
11284,792004.7919,143066.5276,828.4980,LL
11285,791980.0397,143063.0182,828.6000,LL
11286,791955.2894,143059.4958,828.7156,LL
11287,791930.5456,143055.9274,828.8257,LL
11288,791905.8041,143052.3444,828.9729,LL
11289,791881.0601,143048.7781,829.0864,LL
11290,791856.3051,143045.2885,829.1952,LL
11291,791831.5524,143041.7830,829.2991,LL
11292,791806.7992,143038.2810,829.4164,LL
11293,791782.0490,143034.7574,829.5267,LL
11294,791757.3056,143031.1866,829.6341,LL
11295,791732.5598,143027.6322,829.7397,LL
11296,791707.8128,143024.0862,829.8424,LL
11297,791683.0620,143020.5669,829.9247,LL
11298,791658.3206,143016.9807,829.9969,LL
11299,791633.5801,143013.3896,830.0887,LL
11300,791608.8351,143009.8293,830.1886,LL
11301,791584.0850,143006.3057,830.2998,LL
11302,791559.3383,143002.7580,830.4237,LL
11303,791534.5879,142999.2368,830.5550,LL
11304,791509.8393,142995.7028,830.6810,LL
11305,791485.0874,142992.1921,830.7996,LL
11306,791460.3452,142988.6130,830.9304,LL
11307,791435.6114,142984.9770,831.0493,LL
11308,791410.8820,142981.3101,831.1531,LL
11309,791386.1436,142977.7051,831.2650,LL
11310,791361.3938,142974.1791,831.3843,LL
11311,791336.6430,142970.6598,831.5044,LL
11312,791311.8891,142967.1633,831.6140,LL
11313,791287.1439,142963.6046,831.7229,LL
11314,791262.3888,142960.1158,831.8356,LL
11315,791237.6343,142956.6235,831.9634,LL
11316,791212.8861,142953.0873,832.0803,LL
11317,791188.1384,142949.5462,832.1923,LL
11318,791163.3913,142946.0016,832.2997,LL
11319,791138.6526,142942.3980,832.4178,LL
11320,791113.9217,142938.7421,832.5284,LL
11321,791089.1753,142935.1923,832.6428,LL
11322,791064.4147,142931.7424,832.7589,LL
11323,791039.6543,142928.2913,832.8672,LL
11324,791014.8970,142924.8177,832.9531,LL
11325,790990.1505,142921.2685,833.0305,LL
11326,790965.4106,142917.6729,833.1192,LL
11327,790940.6705,142914.0783,833.1977,LL
11328,790915.9338,142910.4606,833.2844,LL
11329,790891.1915,142906.8811,833.3365,LL
11330,790866.4401,142903.3653,833.3880,LL
11331,790841.6872,142899.8589,833.4113,LL
11332,790816.9377,142896.3291,833.4362,LL
11333,790792.1854,142892.8194,833.4788,LL
11334,790767.4361,142889.2884,833.5148,LL
11335,790742.6907,142885.7305,833.5347,LL
11336,790717.9375,142882.2261,833.5382,LL
11337,790693.1846,142878.7201,833.5421,LL
11338,790668.4455,142875.1177,833.5405,LL
11339,790643.7091,142871.4976,833.5400,LL
11340,790618.9689,142867.9031,833.5477,LL
11341,790594.2294,142864.3034,833.5627,LL
11342,790569.4911,142860.6957,833.5500,LL
11343,790544.7526,142857.0899,833.5124,LL
11344,790520.0006,142853.5790,833.4931,LL
11345,790495.2413,142850.1179,833.5093,LL
11346,790470.4810,142846.6645,833.5134,LL
11347,790445.7359,142843.1053,833.4406,LL
11348,790420.9982,142839.4937,833.3849,LL
11349,790396.2433,142836.0024,833.3513,LL
11350,790371.4936,142832.4735,833.2918,LL
11351,790346.7544,142828.8736,833.2277,LL
11352,790322.0175,142825.2572,833.1468,LL
11353,790297.2780,142821.6583,833.0832,LL
11354,790272.5331,142818.0970,833.0195,LL
11355,790247.7856,142814.5534,832.9611,LL
11356,790223.0436,142810.9715,832.9034,LL
11357,790198.3046,142807.3691,832.8309,LL
11358,790173.5638,142803.7797,832.7602,LL
11359,790148.8196,142800.2141,832.6749,LL
11360,790124.0721,142796.6703,832.6030,LL
11361,790099.3247,142793.1259,832.5419,LL
11362,790074.5671,142789.6540,832.4815,LL
11363,790049.8236,142786.0831,832.4034,LL
11364,790025.0866,142782.4665,832.3491,LL
11365,790000.3439,142778.8906,832.2796,LL
11366,789975.6024,142775.3061,832.1997,LL
11367,789950.8524,142771.7802,832.1342,LL
11368,789926.1047,142768.2372,832.0845,LL
11369,789901.3601,142764.6737,832.0207,LL
11370,789876.6063,142761.1747,831.9553,LL
11371,789851.8525,142757.6756,831.8873,LL
11372,789827.1012,142754.1594,831.8155,LL
11373,789802.3535,142750.6177,831.7383,LL
11374,789777.6088,142747.0553,831.6617,LL
11375,789752.8636,142743.4963,831.5955,LL
11376,789728.1222,142739.9103,831.5178,LL
11377,789703.3826,142736.3122,831.4476,LL
11378,789678.6456,142732.6961,831.3882,LL
11379,789653.9060,142729.0981,831.3309,LL
11380,789629.1656,142725.5050,831.2572,LL
11381,789604.4178,142721.9639,831.1934,LL
11382,789579.6818,142718.3403,831.1431,LL
11383,789554.9395,142714.7607,831.0823,LL
11384,789530.1969,142711.1831,831.0224,LL
11385,789505.4536,142707.6109,830.9572,LL
11386,789480.7114,142704.0307,830.8925,LL
11387,789455.9771,142700.3964,830.8141,LL
11388,789431.2471,142696.7324,830.7464,LL
11389,789406.5163,142693.0759,830.6385,LL
11390,789381.7811,142689.4485,830.5427,LL
11391,789357.0401,142685.8612,830.4357,LL
11392,789332.2963,142682.2931,830.3313,LL
11393,789307.5487,142678.7503,830.2653,LL
11394,789282.8072,142675.1655,830.2106,LL
11395,789258.0627,142671.6009,830.1414,LL
11396,789233.3230,142668.0033,830.0651,LL
11397,789208.5785,142664.4393,829.9785,LL
11398,789183.8253,142660.9379,829.8582,LL
11399,789159.0729,142657.4310,829.7249,LL
11400,789134.3261,142653.8825,829.6414,LL
11401,789109.5782,142650.3417,829.5764,LL
11402,789084.8279,142646.8176,829.5566,LL
11403,789060.0722,142643.3338,829.4534,LL
11404,789035.3151,142639.8580,829.3889,LL
11405,789010.5592,142636.3743,829.3140,LL
11406,788985.8057,142632.8745,829.2256,LL
11407,788961.0653,142629.2820,829.1519,LL
11408,788936.3173,142625.7423,829.0903,LL
11409,788911.5607,142622.2632,829.0300,LL
11410,788886.8044,142618.7826,828.9778,LL
11411,788862.0568,142615.2395,828.9393,LL
11412,788837.3112,142611.6823,828.8905,LL
11413,788812.5643,142608.1341,828.8750,LL
11414,788787.8210,142604.5609,828.8350,LL
11415,788763.0758,142601.0015,828.7829,LL
11416,788738.3273,142597.4647,828.7461,LL
11417,788713.5704,142593.9864,828.7469,LL
11418,788688.8181,142590.4763,828.7174,LL
11419,788664.0696,142586.9391,828.7109,LL
11420,788639.3204,142583.4073,828.7024,LL
11421,788614.5633,142579.9309,828.6779,LL
11422,788589.8008,142576.4935,828.6742,LL
11423,788565.0397,142573.0460,828.6538,LL
11424,788540.2808,142569.5828,828.6119,LL
11425,788515.5271,142566.0823,828.5938,LL
11426,788490.7689,142562.6138,828.5619,LL
11427,788466.0159,142559.1091,828.4906,LL
11428,788441.2653,142555.5873,828.4007,LL
11429,788416.5090,142552.1059,828.3515,LL
11430,788391.7436,142548.6898,828.3060,LL
11431,788366.9760,142545.2900,828.2740,LL
11432,788342.2233,142541.7821,828.2454,LL
11433,788317.4811,142538.2015,828.1929,LL
11434,788292.7411,142534.6055,828.1643,LL
11435,788268.0180,142530.8957,828.1160,LL
11436,788243.3393,142526.9020,828.0374,LL
11437,788218.7272,142522.5191,827.9344,LL
11438,788194.1696,142517.8381,827.8444,LL
11439,788169.6537,142512.9435,827.7608,LL
11440,788145.1965,142507.7645,827.7207,LL
11441,788120.8232,142502.2024,827.7098,LL
11442,788096.4849,142496.4889,827.6725,LL
11443,788072.2068,142490.5257,827.6101,LL
11444,788047.9864,142484.3322,827.5431,LL
11445,788023.8251,142477.9131,827.4723,LL
11446,787999.7515,142471.1725,827.3687,LL
11447,787975.7478,142464.1863,827.2985,LL
11448,787951.8315,142456.9063,827.2559,LL
11449,787927.9944,142449.3714,827.1891,LL
11450,787904.2176,142441.6476,827.1102,LL
11451,787880.5636,142433.5565,827.0232,LL
11452,787856.9636,142425.3080,826.9923,LL
11453,787833.3927,142416.9768,826.9704,LL
11454,787809.8982,142408.4326,826.9479,LL
11455,787786.4269,142399.8252,826.9414,LL
11456,787763.0725,142390.9052,826.9349,LL
11457,787739.8089,142381.7514,826.9128,LL
11458,787716.6848,142372.2509,826.8705,LL
11459,787693.7130,142362.3876,826.8207,LL
11460,787670.8771,142352.2137,826.7693,LL
11461,787648.1887,142341.7150,826.7235,LL
11462,787625.6223,142330.9572,826.6882,LL
11463,787603.2253,142319.8505,826.6309,LL
11464,787580.9641,142308.4737,826.5803,LL
11465,787558.8353,142296.8419,826.5083,LL
11466,787536.8178,142285.0007,826.4360,LL
11467,787514.8975,142272.9800,826.3868,LL
11468,787493.1015,142260.7359,826.3521,LL
11469,787471.4305,142248.2716,826.3195,LL
11470,787449.9098,142235.5497,826.2571,LL
11471,787428.5633,142222.5379,826.1734,LL
11472,787407.3269,142209.3468,826.1095,LL
11473,787386.2118,142195.9626,826.0654,LL
11474,787365.2758,142182.2998,826.0376,LL
11475,787344.4636,142168.4489,825.9939,LL
11476,787323.7802,142154.4065,825.9796,LL
11477,787303.2566,142140.1317,825.9835,LL
11478,787282.9241,142125.5860,825.9722,LL
11479,787262.7356,142110.8408,825.9662,LL
11480,787242.7170,142095.8659,825.9612,LL
11481,787222.8432,142080.6993,825.9733,LL
11482,787203.1174,142065.3407,826.0154,LL
11483,787183.5705,142049.7553,826.0231,LL
11484,787164.1995,142033.9515,826.0234,LL
11485,787145.0397,142017.8925,826.0566,LL
11486,787126.0748,142001.6039,826.1191,LL
11487,787107.2801,141985.1189,826.1408,LL
11488,787088.5488,141968.5619,826.1786,LL
11489,787069.9899,141951.8120,826.2190,LL
11490,787051.6444,141934.8288,826.2829,LL
11491,787033.4434,141917.6907,826.3437,LL
11492,787015.4123,141900.3741,826.4145,LL
11493,786997.6317,141882.8006,826.4853,LL
11494,786980.1202,141864.9586,826.5205,LL
11495,786962.8983,141846.8371,826.5692,LL
11496,786945.8365,141828.5644,826.5874,LL
11497,786928.8252,141810.2448,826.6747,LL
11498,786911.9578,141791.7928,826.7471,LL
11499,786895.2224,141773.2212,826.8540,LL
11500,786878.7656,141754.4024,826.9473,LL
11501,786862.5321,141735.3907,827.0191,LL
11502,786846.5731,141716.1474,827.0647,LL
11503,786830.8571,141696.7053,827.1343,LL
11504,786815.3663,141677.0833,827.2254,LL
11505,786800.0641,141657.3138,827.2864,LL
11506,786784.9146,141637.4272,827.3451,LL
11507,786770.0258,141617.3447,827.3658,LL
11508,786755.4273,141597.0499,827.4130,LL
11509,786741.0059,141576.6289,827.4133,LL
11510,786726.7781,141556.0728,827.3814,LL
11511,786712.7354,141535.3896,827.3481,LL
11512,786698.9154,141514.5572,827.3488,LL
11513,786685.3672,141493.5469,827.3547,LL
11514,786672.0555,141472.3860,827.3943,LL
11515,786658.9359,141451.1052,827.4293,LL
11516,786645.9983,141429.7136,827.4638,LL
11517,786633.3660,141408.1402,827.5385,LL
11518,786620.8623,141386.4918,827.5890,LL
11519,786608.4865,141364.7704,827.7173,LL
11520,786596.1681,141343.0164,827.8509,LL
11521,786584.0461,141321.1521,827.9111,LL
11522,786572.1040,141299.1892,827.9635,LL
11523,786560.2811,141277.1616,827.9887,LL
11524,786548.5863,141255.0660,827.9969,LL
11525,786536.8983,141232.9666,827.9849,LL
11526,786525.2644,141210.8388,828.0250,LL
11527,786513.5170,141188.7710,828.0740,LL
11528,786501.6923,141166.7444,828.1169,LL
11529,786489.9010,141144.7000,828.1455,LL
11530,786478.0545,141122.6852,828.1274,LL
11531,786466.1549,141100.6989,828.1429,LL
11532,786454.1868,141078.7500,828.1109,LL
11533,786442.0881,141056.8728,828.0845,LL
11534,786429.8530,141035.0714,828.0948,LL
11535,786417.5183,141013.3263,828.0930,LL
11536,786405.1926,140991.5760,828.0859,LL
11537,786392.9156,140969.7982,828.1028,LL
11538,786380.6234,140948.0290,828.1263,LL
11539,786368.3548,140926.2464,828.1309,LL
11540,786356.0635,140904.4767,828.1701,LL
11541,786343.7440,140882.7229,828.2298,LL
11542,786331.4016,140860.9822,828.3036,LL
11543,786319.0268,140839.2599,828.3871,LL
11544,786306.6322,140817.5490,828.4562,LL
11545,786294.3061,140795.7990,828.5392,LL
11546,786282.0451,140774.0124,828.6407,LL
11547,786269.7581,140752.2404,828.7434,LL
11548,786257.4457,140730.4828,828.8283,LL
11549,786245.0866,140708.7515,828.8979,LL
11550,786232.7032,140687.0341,828.9871,LL
11551,786220.3060,140665.3246,829.0408,LL
11552,786207.9267,140643.6048,829.0798,LL
11553,786195.5935,140621.8588,829.1351,LL
11554,786183.3765,140600.0474,829.1772,LL
11555,786171.1713,140578.2293,829.2173,LL
11556,786158.9079,140556.4439,829.2720,LL
11557,786146.6734,140534.6422,829.3194,LL
11558,786134.4269,140512.8472,829.3364,LL
11559,786122.1476,140491.0707,829.3540,LL
11560,786109.8568,140469.3006,829.3677,LL
11561,786097.6100,140447.5058,829.3827,LL
11562,786085.4226,140425.6778,829.4101,LL
11563,786073.2376,140403.8483,829.3937,LL
11564,786061.0246,140382.0345,829.4043,LL
11565,786048.7791,140360.2389,829.4319,LL
11566,786036.5270,140338.4471,829.4647,LL
11567,786024.3040,140316.6390,829.5211,LL
11568,786012.1268,140294.8052,829.5735,LL
11569,785999.9111,140272.9930,829.5994,LL
11570,785987.6380,140251.2129,829.6372,LL
11571,785975.3300,140229.4526,829.6360,LL
11572,785963.0740,140207.6630,829.5889,LL
11573,785950.8315,140185.8658,829.5460,LL
11574,785938.5808,140164.0732,829.4940,LL
11575,785926.3785,140142.2535,829.4401,LL
11576,785914.1876,140120.4274,829.4015,LL
11577,785902.0062,140098.5960,829.4020,LL
11578,785889.7814,140076.7888,829.3573,LL
11579,785877.4905,140055.0188,829.3115,LL
11580,785865.2292,140033.2322,829.2588,LL
11581,785852.9749,140011.4417,829.2114,LL
11582,785840.7255,139989.6483,829.1662,LL
11583,785828.4660,139967.8607,829.1152,LL
11584,785816.2110,139946.0705,829.0531,LL
11585,785803.9382,139924.2904,828.9887,LL
11586,785791.7004,139902.4906,828.9312,LL
11587,785779.5065,139880.6661,828.8751,LL
11588,785767.3802,139858.8042,828.7915,LL
11589,785755.2813,139836.9270,828.7218,LL
11590,785743.2228,139815.0276,828.6813,LL
11591,785731.1749,139793.1221,828.6347,LL
11592,785719.0896,139771.2374,828.5888,LL
11593,785706.9583,139749.3781,828.5279,LL
11594,785694.7951,139727.5366,828.4685,LL
11595,785682.5959,139705.7152,828.4131,LL
11596,785670.3953,139683.8946,828.3425,LL
11597,785658.2408,139662.0483,828.2801,LL
11598,785646.1663,139640.1577,828.2081,LL
11599,785634.1137,139618.2549,828.1471,LL
11600,785622.0707,139596.3469,828.0741,LL
11601,785609.9975,139574.4556,827.9865,LL
11602,785597.8709,139552.5938,827.9089,LL
11603,785585.7157,139530.7478,827.8463,LL
11604,785573.5983,139508.8808,827.7996,LL
11605,785561.5321,139486.9856,827.7415,LL
11606,785549.4505,139465.0988,827.6772,LL
11607,785537.3503,139443.2223,827.6209,LL
11608,785525.2657,139421.3373,827.5524,LL
11609,785513.1787,139399.4538,827.4188,LL
11610,785501.0606,139377.5873,827.3514,LL
11611,785488.9827,139355.6984,827.3295,LL
11612,785476.8917,139333.8168,827.3198,LL
11613,785464.8155,139311.9270,827.2884,LL
11614,785452.6802,139290.0700,827.2611,LL
11615,785440.5548,139268.2075,827.1969,LL
11616,785428.4459,139246.3358,827.1494,LL
11617,785416.3554,139224.4539,827.1370,LL
11618,785404.2047,139202.6054,827.0704,LL
11619,785392.1216,139180.7199,826.9281,LL
11620,785380.0803,139158.8113,826.8367,LL
11621,785368.1280,139136.8544,826.6585,LL
11622,785356.0927,139114.9431,826.4769,LL
11623,785343.9927,139093.0665,826.4252,LL
11624,785331.7836,139071.2506,826.3965,LL
11625,785319.5903,139049.4258,826.3570,LL
11626,785307.4565,139027.5679,826.3381,LL
11627,785295.3369,139005.7021,826.3351,LL
11628,785283.2197,138983.8350,826.3040,LL
11629,785271.1001,138961.9694,826.1965,LL
11630,785259.0311,138940.0759,826.0926,LL
11631,785246.9482,138918.1899,826.0104,LL
11632,785234.8558,138896.3092,825.9338,LL
11633,785222.7766,138874.4211,825.8646,LL
11634,785210.6603,138852.5536,825.7884,LL
11635,785198.4892,138830.7166,825.7060,LL
11636,785186.2048,138808.9431,825.6902,LL
11637,785173.9421,138787.1572,825.6317,LL
11638,785161.7957,138765.3067,825.5039,LL
11639,785149.6312,138743.4660,825.4250,LL
11640,785137.3813,138721.6729,825.4206,LL
11641,785125.0889,138699.9041,825.5071,LL
11642,785112.8127,138678.1260,825.4507,LL
11643,785100.5909,138656.3172,825.3781,LL
11644,785088.3827,138634.5008,825.3062,LL
11645,785076.1448,138612.7011,825.2430,LL
11646,785063.8786,138590.9173,825.2051,LL
11647,785051.6687,138569.1018,825.1399,LL
11648,785039.3725,138547.3350,825.1071,LL
11649,785026.9838,138525.6205,825.0675,LL
11650,785014.5708,138503.9199,825.0154,LL
11651,785002.1793,138482.2072,824.9629,LL
11652,784989.8435,138460.4627,824.9110,LL
11653,784977.5713,138438.6822,824.8386,LL
11654,784965.2652,138416.9209,824.7893,LL
11655,784952.9356,138395.1729,824.7263,LL
11656,784940.6583,138373.3952,824.7124,LL
11657,784928.4044,138351.6045,824.6375,LL
11658,784916.1430,138329.8182,824.5309,LL
11659,784903.8287,138308.0615,824.4795,LL
11660,784891.5105,138286.3069,824.4347,LL
11661,784879.2282,138264.5321,824.3845,LL
11662,784866.9247,138242.7693,824.3307,LL
11663,784854.6832,138220.9716,824.2729,LL
11664,784842.4889,138199.1475,824.1968,LL
11665,784830.2806,138177.3313,824.1127,LL
11666,784818.0288,138155.5393,824.0808,LL
11667,784805.7467,138133.7643,824.0693,LL
11668,784793.4283,138112.0099,824.0389,LL
11669,784781.1213,138090.2491,823.9778,LL
11670,784768.8383,138068.4747,823.9289,LL
11671,784756.5613,138046.6969,823.9012,LL
11672,784744.2797,138024.9217,823.8667,LL
11673,784731.9876,138003.1525,823.8075,LL
11674,784719.7264,137981.3658,823.7552,LL
11675,784707.4794,137959.5712,823.6936,LL
11676,784695.2252,137937.7806,823.6414,LL
11677,784682.9535,137915.9998,823.6015,LL
11678,784670.6976,137894.2102,823.5299,LL
11679,784658.4193,137872.4332,823.4633,LL
11680,784646.1276,137850.6638,823.4125,LL
11681,784633.8420,137828.8908,823.3607,LL
11682,784621.5486,137807.1223,823.3058,LL
11683,784609.2596,137785.3513,823.2514,LL
11684,784596.9555,137763.5888,823.2039,LL
11685,784584.6763,137741.8122,823.1682,LL
11686,784572.4289,137720.0178,823.1127,LL
11687,784560.1393,137698.2471,823.0846,LL
11688,784547.8621,137676.4694,823.0346,LL
11689,784535.5165,137654.7305,822.9589,LL
11690,784523.2073,137632.9710,822.8994,LL
11691,784510.8835,137611.2196,822.8451,LL
11692,784498.5665,137589.4646,822.7799,LL
11693,784486.2691,137567.6986,822.6706,LL
11694,784473.9575,137545.9403,822.6312,LL
11695,784461.6832,137524.1611,822.5699,LL
11696,784449.4737,137502.3455,822.4938,LL
11697,784437.2471,137480.5395,822.4048,LL
11698,784424.9947,137458.7479,822.3203,LL
11699,784412.7442,137436.9555,822.1959,LL
11700,784400.4553,137415.1846,822.1266,LL
11701,784388.1975,137393.3961,822.0529,LL
11702,784375.9669,137371.5922,821.9928,LL
11703,784363.7666,137349.7714,821.9055,LL
11704,784351.5066,137327.9842,821.8260,LL
11705,784339.2097,137306.2176,821.7770,LL
11706,784326.9373,137284.4375,821.6716,LL
11707,784314.6769,137262.6503,821.6233,LL
11708,784302.3928,137240.8765,821.5746,LL
11709,784290.1281,137219.0919,821.4938,LL
11710,784277.8595,137197.3096,821.3931,LL
11711,784265.6034,137175.5203,821.2692,LL
11712,784253.3259,137153.7431,821.1449,LL
11713,784241.0181,137131.9829,821.0504,LL
11714,784228.6521,137110.2557,820.9409,LL
11715,784216.2849,137088.5293,820.8286,LL
11716,784204.0019,137066.7551,820.7025,LL
11717,784191.7590,137044.9585,820.5843,LL
11718,784179.5749,137023.1290,820.4594,LL
11719,784167.3807,137001.3051,820.3353,LL
11720,784155.1366,136979.5092,820.1786,LL
11721,784142.8279,136957.7497,820.0479,LL
11722,784130.5537,136935.9707,819.9095,LL
11723,784118.2992,136914.1804,819.8093,LL
11724,784106.0029,136892.4136,819.7222,LL
11725,784093.6779,136870.6633,819.6020,LL
11726,784081.3633,136848.9073,819.4335,LL
11727,784069.0519,136827.1494,819.3080,LL
11728,784056.7744,136805.3723,819.1518,LL
11729,784044.4919,136783.5980,819.0191,LL
11730,784032.2476,136761.8024,818.8823,LL
11731,784019.9374,136740.0448,818.7475,LL
11732,784007.7365,136718.2249,818.6151,LL
11733,783995.4350,136696.4612,826.0227,LL
11734,783983.1576,136674.6841,818.3607,LL
11735,783970.8339,136652.9332,818.2149,LL
11736,783958.3915,136631.2500,818.0457,LL
11737,783948.3178,136613.6306,817.9219,LL,E
11738,798008.2432,145242.3752,833.8906,LL,B
11739,797987.0305,145229.1457,833.8780,LL
11740,797965.7806,145215.9760,833.8552,LL
11741,797944.5519,145202.7723,833.8317,LL
11742,797923.3379,145189.5448,833.8032,LL
11743,797902.1138,145176.3335,833.7838,LL
11744,797880.8997,145163.1062,833.7669,LL
11745,797859.6845,145149.8808,833.7265,LL
11746,797838.4711,145136.6524,833.7059,LL
11747,797817.2588,145123.4223,833.6640,LL
11748,797796.0517,145110.1841,833.6067,LL
11749,797774.8425,145096.9493,833.5340,LL
11750,797753.6238,145083.7295,833.4725,LL
11751,797732.4099,145070.5020,833.3975,LL
11752,797711.2137,145057.2463,833.3319,LL
11753,797690.0031,145044.0136,833.2779,LL
11754,797668.7930,145030.7800,833.2147,LL
11755,797647.5720,145017.5639,833.1548,LL
11756,797626.3736,145004.3118,833.0687,LL
11757,797605.1812,144991.0500,832.9880,LL
11758,797583.9783,144977.8051,832.9137,LL
11759,797562.7632,144964.5796,832.8449,LL
11760,797541.5548,144951.3434,832.7546,LL
11761,797520.3422,144938.1140,832.6643,LL
11762,797499.1460,144924.8583,832.5892,LL
11763,797477.9327,144911.6300,832.4954,LL
11764,797456.7328,144898.3803,832.4101,LL
11765,797435.5256,144885.1423,832.3164,LL
11766,797414.3478,144871.8572,832.2252,LL
11767,797393.1588,144858.5901,832.1302,LL
11768,797371.9845,144845.2996,832.0332,LL
11769,797350.7865,144832.0468,831.9331,LL
11770,797329.6150,144818.7520,831.8214,LL
11771,797308.4281,144805.4815,831.7218,LL
11772,797287.2389,144792.2146,831.6360,LL
11773,797266.0270,144778.9841,831.5565,LL
11774,797244.8242,144765.7390,831.4740,LL
11775,797223.6250,144752.4882,831.3882,LL
11776,797202.4288,144739.2323,831.3211,LL
11777,797181.2294,144725.9817,831.2508,LL
11778,797160.0257,144712.7379,831.1752,LL
11779,797138.8274,144699.4857,831.0829,LL
11780,797117.6168,144686.2531,830.9819,LL
11781,797096.3960,144673.0371,830.8648,LL
11782,797075.1778,144659.8169,830.7525,LL
11783,797053.9605,144646.5952,830.6375,LL
11784,797032.7177,144633.4147,830.5184,LL
11785,797011.4854,144620.2171,830.4041,LL
11786,796990.2570,144607.0134,830.2749,LL
11787,796969.0296,144593.8080,830.1507,LL
11788,796947.7931,144580.6175,830.0077,LL
11789,796926.5899,144567.3733,829.8838,LL
11790,796905.3949,144554.1162,829.7501,LL
11791,796884.2264,144540.8166,829.6284,LL
11792,796863.0421,144527.5421,829.5290,LL
11793,796841.8577,144514.2674,829.4441,LL
11794,796820.6645,144501.0068,829.3781,LL
11795,796799.4571,144487.7690,829.3132,LL
11796,796778.2236,144474.5731,829.2383,LL
11797,796756.9784,144461.3960,829.1590,LL
11798,796735.7455,144448.1994,829.0597,LL
11799,796714.5390,144434.9601,828.9863,LL
11800,796693.3339,144421.7184,828.9223,LL
11801,796672.1375,144408.4629,828.8864,LL
11802,796650.9349,144395.2173,828.8625,LL
11803,796629.7183,144381.9941,828.8029,LL
11804,796608.5098,144368.7581,828.7291,LL
11805,796587.2999,144355.5243,828.6540,LL
11806,796566.1159,144342.2489,828.5818,LL
11807,796544.9092,144329.0099,828.5203,LL
11808,796523.7063,144315.7647,828.4626,LL
11809,796502.5100,144302.5092,828.4056,LL
11810,796481.3240,144289.2371,828.3145,LL
11811,796460.1343,144275.9713,828.2012,LL
11812,796438.9258,144262.7354,828.0970,LL
11813,796417.7425,144249.4594,827.9957,LL
11814,796396.5111,144236.2604,827.8874,LL
11815,796375.2668,144223.0821,827.7904,LL
11816,796354.0283,144209.8941,827.7016,LL
11817,796332.8007,144196.6889,827.6137,LL
11818,796311.6003,144183.4400,827.5382,LL
11819,796290.4452,144170.1187,827.4565,LL
11820,796269.2936,144156.7919,827.3789,LL
11821,796248.1337,144143.4783,827.2998,LL
11822,796226.9557,144130.1937,827.2188,LL
11823,796205.7664,144116.9271,827.1171,LL
11824,796184.5922,144103.6364,827.0180,LL
11825,796163.4001,144090.3743,826.9206,LL
11826,796142.2101,144077.1087,826.8213,LL
11827,796120.9842,144063.9007,826.7303,LL
11828,796099.7347,144050.7307,826.6349,LL
11829,796078.4889,144037.5547,826.5572,LL
11830,796057.2436,144024.3779,826.4582,LL
11831,796036.0056,144011.1898,826.3318,LL
11832,796014.8071,143997.9379,826.2205,LL
11833,795993.5858,143984.7226,826.1242,LL
11834,795972.3677,143971.5018,826.0501,LL
11835,795951.1425,143958.2926,825.9834,LL
11836,795929.9374,143945.0510,825.8949,LL
11837,795908.7055,143931.8530,825.7831,LL
11838,795887.4503,143918.6924,825.6622,LL
11839,795866.1887,143905.5420,825.5503,LL
11840,795844.9184,143892.4060,825.4166,LL
11841,795823.6586,143879.2530,825.2857,LL
11842,795802.4109,143866.0803,825.1651,LL
11843,795781.1447,143852.9374,825.0453,LL
11844,795759.8123,143839.9024,824.9311,LL
11845,795738.4139,143826.9761,824.8120,LL
11846,795716.9470,143814.1638,824.6886,LL
11847,795695.4511,143801.4000,824.5945,LL
11848,795673.8863,143788.7530,824.5043,LL
11849,795652.1814,143776.3481,824.4351,LL
11850,795630.3662,143764.1380,824.3464,LL
11851,795608.4539,143752.1029,824.2531,LL
11852,795586.4536,143740.2297,824.1703,LL
11853,795564.3487,143728.5525,824.0655,LL
11854,795542.1496,143717.0556,823.9361,LL
11855,795519.8645,143705.7261,823.8212,LL
11856,795497.4918,143694.5710,823.6995,LL
11857,795475.0449,143683.5655,823.5789,LL
11858,795452.5060,143672.7500,823.4553,LL
11859,795429.8726,143662.1338,823.3161,LL
11860,795407.1113,143651.7950,823.1721,LL
11861,795384.3232,143641.5150,823.0124,LL
11862,795361.4985,143631.3170,822.8510,LL
11863,795338.5805,143621.3310,822.6722,LL
11864,795315.5660,143611.5691,822.4904,LL
11865,795292.4754,143601.9891,822.2870,LL
11866,795269.2956,143592.6276,822.0543,LL
11867,795246.0745,143583.3689,821.8400,LL
11868,795222.7984,143574.2491,821.6091,LL
11869,795199.4600,143565.2901,821.4071,LL
11870,795176.0363,143556.5567,821.1890,LL
11871,795152.5018,143548.1264,820.9642,LL
11872,795128.8902,143539.9143,820.7518,LL
11873,795105.2030,143531.9233,820.5132,LL
11874,795081.4626,143524.0913,820.2883,LL
11875,795057.6838,143516.3779,820.0298,LL
11876,795033.8720,143508.7666,819.7703,LL
11877,795010.0217,143501.2783,819.4894,LL
11878,794986.0940,143494.0413,819.2048,LL
11879,794962.1197,143486.9590,818.9333,LL
11880,794938.0707,143480.1364,818.6319,LL
11881,794913.9527,143473.5623,818.3224,LL
11882,794889.7926,143467.1444,818.0101,LL
11883,794865.6034,143460.8388,817.6804,LL
11884,794841.3378,143454.8327,817.3672,LL
11885,794817.0204,143449.0389,817.0588,LL
11886,794792.6796,143443.3442,816.7540,LL
11887,794768.3066,143437.7883,816.4503,LL
11888,794743.9109,143432.3331,816.1551,LL
11889,794719.4761,143427.0563,815.8561,LL
11890,794694.9901,143422.0234,815.5419,LL
11891,794670.4467,143417.2784,815.2405,LL
11892,794645.8578,143412.7760,814.9195,LL
11893,794621.2328,143408.4774,814.5541,LL
11894,794596.5840,143404.3153,814.2221,LL
11895,794571.9097,143400.3089,813.8718,LL
11896,794547.2231,143396.3740,813.5877,LL
11897,794522.5151,143392.5733,813.3224,LL
11898,794497.7832,143388.9334,813.0465,LL
11899,794473.0438,143385.3446,812.7580,LL
11900,794448.3065,143381.7412,812.4810,LL
11901,794423.5633,143378.1783,812.1950,LL
11902,794398.8260,143374.5772,811.8834,LL
11903,794374.0777,143371.0556,811.5331,LL
11904,794349.3330,143367.5103,811.1703,LL
11905,794324.5889,143363.9589,810.8354,LL
11906,794299.8353,143360.4763,810.4732,LL
11907,794275.0773,143357.0274,810.0919,LL
11908,794250.3322,143353.4940,809.6536,LL
11909,794225.6036,143349.8572,809.1351,LL
11910,794200.8761,143346.1894,808.8650,LL
11911,794176.1375,143342.5924,808.6084,LL
11912,794151.4087,143338.9289,808.3522,LL
11913,794126.6853,143335.2273,808.1333,LL
11914,794101.9475,143331.6220,807.9199,LL
11915,794077.2036,143328.0584,807.7318,LL
11916,794052.4504,143324.5571,807.6171,LL
11917,794027.6974,143321.0552,807.4832,LL
11918,794002.9477,143317.5288,807.3601,LL
11919,793978.1991,143313.9921,807.3752,LL
11920,793953.4536,143310.4352,807.4502,LL
11921,793928.7052,143306.8990,807.5606,LL
11922,793903.9568,143303.3637,807.6840,LL
11923,793879.2144,143299.7865,807.8021,LL
11924,793854.4808,143296.1482,807.9249,LL
11925,793829.7492,143292.4969,808.0405,LL
11926,793805.0100,143288.8968,808.1564,LL
11927,793780.2673,143285.3208,808.2543,LL
11928,793755.5174,143281.7961,808.3857,LL
11929,793730.7599,143278.3261,808.5359,LL
11930,793706.0085,143274.8136,808.7148,LL
11931,793681.2591,143271.2889,808.9180,LL
11932,793656.5102,143267.7621,809.1409,LL
11933,793631.7621,143264.2301,809.3825,LL
11934,793607.0215,143260.6494,809.6556,LL
11935,793582.2803,143257.0745,809.9648,LL
11936,793557.5362,143253.5198,810.2698,LL
11937,793532.7948,143249.9482,810.5896,LL
11938,793508.0537,143246.3758,810.9299,LL
11939,793483.3091,143242.8302,811.2923,LL
11940,793458.5613,143239.3070,811.6640,LL
11941,793433.8130,143235.7894,812.0477,LL
11942,793409.0575,143232.3206,812.4107,LL
11943,793384.3071,143228.8159,812.7787,LL
11944,793359.5605,143225.2861,813.1588,LL
11945,793334.8220,143221.7006,813.5533,LL
11946,793310.0809,143218.1324,813.9310,LL
11947,793285.3398,143214.5649,814.3134,LL
11948,793260.6034,143210.9646,814.7010,LL
11949,793235.8634,143207.3887,815.0782,LL
11950,793211.1237,143203.8098,815.4519,LL
11951,793186.3834,143200.2362,815.8345,LL
11952,793161.6437,143196.6596,816.2301,LL
11953,793136.9083,143193.0538,816.6208,LL
11954,793112.1716,143189.4548,817.0002,LL
11955,793087.4283,143185.9012,817.3731,LL
11956,793062.6842,143182.3523,817.7387,LL
11957,793037.9318,143178.8628,818.1205,LL
11958,793013.1792,143175.3760,818.5010,LL
11959,792988.4202,143171.9352,818.8953,LL
11960,792963.6687,143168.4408,819.2858,LL
11961,792938.9337,143164.8305,819.6658,LL
11962,792914.2005,143161.2075,820.0404,LL
11963,792889.4578,143157.6488,820.4109,LL
11964,792864.7169,143154.0786,820.7878,LL
11965,792839.9720,143150.5343,821.1433,LL
11966,792815.2331,143146.9482,821.4875,LL
11967,792790.5024,143143.3043,821.8234,LL
11968,792765.7610,143139.7324,822.1513,LL
11969,792741.0190,143136.1654,822.4796,LL
11970,792716.2740,143132.6187,822.7980,LL
11971,792691.5211,143129.1266,823.1224,LL
11972,792666.7672,143125.6388,823.3956,LL
11973,792642.0230,143122.0826,823.6703,LL
11974,792617.2784,143118.5285,823.9448,LL
11975,792592.5288,143115.0092,824.2158,LL
11976,792567.7840,143111.4581,824.4972,LL
11977,792543.0412,143107.8909,824.7618,LL
11978,792518.3002,143104.3126,825.0449,LL
11979,792493.5602,143100.7249,825.2880,LL
11980,792468.8152,143097.1712,825.5203,LL
11981,792444.0754,143093.5818,825.7574,LL
11982,792419.3338,143090.0042,825.9906,LL
11983,792394.5883,143086.4521,826.1944,LL
11984,792369.8297,143082.9911,826.3736,LL
11985,792345.0721,143079.5233,826.5652,LL
11986,792320.3166,143076.0399,826.7294,LL
11987,792295.5709,143072.4882,826.9230,LL
11988,792270.8280,143068.9174,827.1126,LL
11989,792246.0844,143065.3498,827.2726,LL
11990,792221.3444,143061.7570,827.4248,LL
11991,792196.5995,143058.1971,827.5685,LL
11992,792171.8548,143054.6364,827.6972,LL
11993,792147.1033,143051.1232,827.8351,LL
11994,792122.3530,143047.6014,827.9612,LL
11995,792097.6068,143044.0501,828.1028,LL
11996,792072.8599,143040.5041,828.2255,LL
11997,792048.1117,143036.9676,828.3571,LL
11998,792023.3712,143033.3769,828.4758,LL
11999,791998.6326,143029.7730,828.5780,LL
12000,791973.8850,143026.2304,828.6672,LL
12001,791949.1452,143022.6344,828.7524,LL
12002,791924.4068,143019.0292,828.8564,LL
12003,791899.6654,143015.4449,828.9733,LL
12004,791874.9174,143011.9061,829.0939,LL
12005,791850.1739,143008.3364,829.2324,LL
12006,791825.4307,143004.7648,829.3499,LL
12007,791800.6933,143001.1521,829.4535,LL
12008,791775.9545,142997.5498,829.5596,LL
12009,791751.2069,142994.0083,829.6796,LL
12010,791726.4619,142990.4484,829.7873,LL
12011,791701.7178,142986.8827,829.9126,LL
12012,791676.9657,142983.3720,830.0052,LL
12013,791652.2135,142979.8624,830.1155,LL
12014,791627.4627,142976.3436,830.2238,LL
12015,791602.7113,142972.8281,830.3254,LL
12016,791577.9613,142969.3030,830.4193,LL
12017,791553.2043,142965.8274,830.5191,LL
12018,791528.4533,142962.3095,830.6341,LL
12019,791503.6987,142958.8175,830.7600,LL
12020,791478.9445,142955.3231,830.8965,LL
12021,791454.1842,142951.8718,831.0180,LL
12022,791429.4316,142948.3649,831.1222,LL
12023,791404.6879,142944.7962,831.2287,LL
12024,791379.9424,142941.2395,831.3321,LL
12025,791355.2010,142937.6546,831.4297,LL
12026,791330.4639,142934.0401,831.5350,LL
12027,791305.7245,142930.4415,831.6429,LL
12028,791280.9865,142926.8336,831.7599,LL
12029,791256.2387,142923.2933,831.8738,LL
12030,791231.4919,142919.7463,831.9791,LL
12031,791206.7443,142916.2040,832.0709,LL
12032,791181.9987,142912.6485,832.1887,LL
12033,791157.2484,142909.1253,832.3013,LL
12034,791132.5008,142905.5839,832.4130,LL
12035,791107.7573,142902.0136,832.5301,LL
12036,791083.0082,142898.4833,832.6478,LL
12037,791058.2645,142894.9135,832.7484,LL
12038,791033.5142,142891.3910,832.8583,LL
12039,791008.7587,142887.9053,832.9652,LL
12040,790984.0065,142884.3949,833.0388,LL
12041,790959.2588,142880.8529,833.1046,LL
12042,790934.5117,142877.3066,833.1855,LL
12043,790909.7651,142873.7569,833.2488,LL
12044,790885.0191,142870.2028,833.3003,LL
12045,790860.2719,142866.6567,833.3427,LL
12046,790835.5218,142863.1309,833.3695,LL
12047,790810.7797,142859.5497,833.3985,LL
12048,790786.0419,142855.9383,833.4237,LL
12049,790761.3048,142852.3230,833.4489,LL
12050,790736.5621,142848.7456,833.4599,LL
12051,790711.8168,142845.1860,833.4649,LL
12052,790687.0753,142841.6010,833.4735,LL
12053,790662.3384,142837.9835,833.4783,LL
12054,790637.6073,142834.3268,833.4934,LL
12055,790612.8724,142830.6956,833.4952,LL
12056,790588.1320,142827.1027,833.4900,LL
12057,790563.3858,142823.5493,833.4805,LL
12058,790538.6433,142819.9706,833.4543,LL
12059,790513.8986,142816.4070,833.4599,LL
12060,790489.1500,142812.8705,833.4297,LL
12061,790464.3982,142809.3571,833.4005,LL
12062,790439.6437,142805.8621,833.3771,LL
12063,790414.8916,142802.3507,833.3352,LL
12064,790390.1363,142798.8617,833.2753,LL
12065,790365.3698,142795.4536,833.2174,LL
12066,790340.6170,142791.9479,833.1546,LL
12067,790315.8753,142788.3642,833.0832,LL
12068,790291.1370,142784.7571,833.0191,LL
12069,790266.3979,142781.1553,832.9603,LL
12070,790241.6613,142777.5361,832.9002,LL
12071,790216.9170,142773.9707,832.8367,LL
12072,790192.1651,142770.4580,832.7741,LL
12073,790167.4230,142766.8767,832.7077,LL
12074,790142.6818,142763.2899,832.6416,LL
12075,790117.9382,142759.7191,832.5615,LL
12076,790093.1934,142756.1572,832.4903,LL
12077,790068.4533,142752.5630,832.4089,LL
12078,790043.7153,142748.9540,832.3339,LL
12079,790018.9746,142745.3630,832.2797,LL
12080,789994.2366,142741.7537,832.2272,LL
12081,789969.4965,142738.1589,832.1709,LL
12082,789944.7529,142734.5881,832.1311,LL
12083,789919.9952,142731.1160,832.0879,LL
12084,789895.2414,142727.6167,832.0201,LL
12085,789870.4907,142724.0963,831.9446,LL
12086,789845.7427,142720.5570,831.8664,LL
12087,789820.9960,142717.0084,831.7916,LL
12088,789796.2436,142713.4994,831.7278,LL
12089,789771.4918,142709.9856,831.6686,LL
12090,789746.7441,142706.4437,831.6079,LL
12091,789722.0038,142702.8507,831.5437,LL
12092,789697.2596,142699.2849,831.4715,LL
12093,789672.5197,142695.6891,831.4000,LL
12094,789647.7817,142692.0795,831.3423,LL
12095,789623.0443,142688.4660,831.2838,LL
12096,789598.3006,142684.8959,831.2298,LL
12097,789573.5453,142681.4080,831.1663,LL
12098,789548.7878,142677.9349,831.0981,LL
12099,789524.0226,142674.5179,831.0393,LL
12100,789499.2627,142671.0622,830.9807,LL
12101,789474.5070,142667.5762,830.9143,LL
12102,789449.7540,142664.0720,830.8372,LL
12103,789425.0007,142660.5693,830.7570,LL
12104,789400.2468,142657.0707,830.7015,LL
12105,789375.4916,142653.5819,830.5983,LL
12106,789350.7353,142650.1029,830.4469,LL
12107,789325.9757,142646.6472,830.3178,LL
12108,789301.2062,142643.2615,830.2265,LL
12109,789276.4201,142640.0006,830.1273,LL
12110,789251.6263,142636.7978,830.0172,LL
12111,789226.8211,142633.6865,829.8868,LL
12112,789202.0216,142630.5287,829.7693,LL
12113,789177.2262,142627.3386,829.6745,LL
12114,789152.4377,142624.0943,829.6003,LL
12115,789127.6529,142620.8210,829.5577,LL
12116,789102.8666,142617.5598,829.5118,LL
12117,789078.0801,142614.3007,829.4409,LL
12118,789053.2863,142611.0982,829.3586,LL
12119,789028.4900,142607.9138,829.2923,LL
12120,789003.6978,142604.6992,829.2047,LL
12121,788978.9068,142601.4754,829.1206,LL
12122,788954.1266,142598.1684,829.0319,LL
12123,788929.3448,142594.8735,828.9610,LL
12124,788904.5584,142591.6134,828.9059,LL
12125,788879.7715,142588.3559,828.8850,LL
12126,788854.9756,142585.1679,828.8496,LL
12127,788830.1728,142582.0357,828.7842,LL
12128,788805.3763,142578.8535,828.7262,LL
12129,788780.5979,142575.5331,828.6808,LL
12130,788755.7985,142572.3727,828.6498,LL
12131,788731.0102,142569.1269,828.6339,LL
12132,788706.2070,142565.9976,828.6064,LL
12133,788681.4359,142562.6232,828.5868,LL
12134,788656.6584,142559.2951,828.5935,LL
12135,788631.8821,142555.9584,828.5755,LL
12136,788607.1052,142552.6269,828.5134,LL
12137,788582.3269,142549.3056,828.4602,LL
12138,788557.5614,142545.8897,828.4347,LL
12139,788532.8025,142542.4270,828.3976,LL
12140,788508.0645,142538.8173,828.4147,LL
12141,788483.3325,142535.1666,828.4112,LL
12142,788458.6148,142531.4206,828.4177,LL
12143,788433.9079,142527.6033,828.4378,LL
12144,788409.2061,142523.7539,828.4217,LL
12145,788384.5042,142519.9049,828.4199,LL
12146,788359.8046,142516.0422,828.4387,LL
12147,788335.1183,142512.0946,828.4444,LL
12148,788310.4550,142508.0055,828.4609,LL
12149,788285.7956,142503.8931,828.5081,LL
12150,788261.1325,142499.8028,828.5183,LL
12151,788236.4784,142495.6591,828.4809,LL
12152,788211.8531,142491.3491,828.3854,LL
12153,788187.2806,142486.7480,828.2617,LL
12154,788162.7764,142481.7963,828.1653,LL
12155,788138.3367,142476.5344,828.1100,LL
12156,788113.9772,142470.9131,828.0439,LL
12157,788089.6760,142465.0445,827.9593,LL
12158,788065.4599,142458.8353,827.8719,LL
12159,788041.3305,142452.2960,827.7961,LL
12160,788017.2714,142445.5028,827.7319,LL
12161,787993.2918,142438.4343,827.6837,LL
12162,787969.3991,142431.0775,827.6227,LL
12163,787945.5833,142423.4754,827.6044,LL
12164,787921.8216,142415.7050,827.5965,LL
12165,787898.1124,142407.7758,827.5782,LL
12166,787874.5255,142399.4912,827.5276,LL
12167,787851.0493,142390.8972,827.4421,LL
12168,787827.6507,142382.0944,827.3443,LL
12169,787804.2662,142373.2538,827.2488,LL
12170,787781.0159,142364.0676,827.1640,LL
12171,787757.8896,142354.5723,827.0727,LL
12172,787734.9040,142344.7419,826.9677,LL
12173,787712.0447,142334.6206,826.8674,LL
12174,787689.2780,142324.2929,826.7948,LL
12175,787666.6186,142313.7318,826.7242,LL
12176,787644.0820,142302.9108,826.6583,LL
12177,787621.6505,142291.8736,826.6018,LL
12178,787599.3123,142280.6490,826.5407,LL
12179,787577.0888,142269.1989,826.4884,LL
12180,787555.0049,142257.4817,826.4447,LL
12181,787533.0117,142245.5948,826.4223,LL
12182,787511.1022,142233.5546,826.4052,LL
12183,787489.3118,142221.3001,826.3807,LL
12184,787467.6541,142208.8129,826.3468,LL
12185,787446.1307,142196.0955,826.3080,LL
12186,787424.7570,142183.1280,826.2636,LL
12187,787403.5276,142169.9255,826.2417,LL
12188,787382.5246,142156.3660,826.2274,LL
12189,787361.7264,142142.4951,826.2078,LL
12190,787341.0835,142128.3933,826.1918,LL
12191,787320.5433,142114.1422,826.1809,LL
12192,787300.1403,142099.6958,826.1882,LL
12193,787279.8986,142085.0237,826.2059,LL
12194,787259.8168,142070.1336,826.2272,LL
12195,787239.8271,142055.1200,826.2416,LL
12196,787219.9831,142039.9147,826.2513,LL
12197,787200.3813,142024.3981,826.2598,LL
12198,787180.9709,142008.6430,826.2565,LL
12199,787161.7761,141992.6259,826.2739,LL
12200,787142.8339,141976.3110,826.3379,LL
12201,787124.0673,141959.7942,826.4043,LL
12202,787105.4014,141943.1635,826.4379,LL
12203,787086.8165,141926.4423,826.4630,LL
12204,787068.3099,141909.6345,826.5210,LL
12205,787049.9062,141892.7146,826.6129,LL
12206,787031.6601,141875.6248,826.7038,LL
12207,787013.6422,141858.2943,826.7619,LL
12208,786995.8761,141840.7064,826.8173,LL
12209,786978.4864,141822.7468,826.9063,LL
12210,786961.4684,141804.4336,826.9802,LL
12211,786944.6760,141785.9133,827.0530,LL
12212,786928.0849,141767.2124,827.1297,LL
12213,786911.5953,141748.4217,827.1731,LL
12214,786895.2720,141729.4866,827.1831,LL
12215,786879.1098,141710.4135,827.1815,LL
12216,786863.1095,141691.2046,827.2252,LL
12217,786847.3435,141671.8030,827.2624,LL
12218,786831.8077,141652.2169,827.2667,LL
12219,786816.5841,141632.3870,827.2959,LL
12220,786801.6602,141612.3307,827.3519,LL
12221,786786.9607,141592.1094,827.4192,LL
12222,786772.5362,141571.6907,827.4675,LL
12223,786758.3257,141551.1223,827.5159,LL
12224,786744.2515,141530.4606,827.5336,LL
12225,786730.2824,141509.7276,827.4974,LL
12226,786716.5689,141488.8246,827.4549,LL
12227,786702.9967,141467.8297,827.4177,LL
12228,786689.7753,141446.6124,827.3997,LL
12229,786676.7936,141425.2473,827.4115,LL
12230,786664.0946,141403.7131,827.4020,LL
12231,786651.4831,141382.1273,827.4709,LL
12232,786638.9892,141360.4735,827.5708,LL
12233,786626.5832,141338.7691,827.6540,LL
12234,786614.3097,141316.9893,827.6445,LL
12235,786601.9956,141295.2328,827.7033,LL
12236,786589.7373,141273.4445,827.7525,LL
12237,786577.5012,141251.6438,827.8141,LL
12238,786565.2647,141229.8433,827.8777,LL
12239,786552.9486,141208.0878,827.9750,LL
12240,786540.5988,141186.3514,828.0043,LL
12241,786528.2095,141164.6372,828.0002,LL
12242,786515.8582,141142.9015,828.0139,LL
12243,786503.5496,141121.1416,828.0053,LL
12244,786491.1804,141099.4159,827.9935,LL
12245,786478.7516,141077.7244,827.9674,LL
12246,786466.3253,141056.0314,827.9786,LL
12247,786453.9317,141034.3197,828.0270,LL
12248,786441.5339,141012.6105,828.0755,LL
12249,786429.2242,140990.8512,828.1351,LL
12250,786416.9705,140969.0604,828.2225,LL
12251,786404.6947,140947.2820,828.2938,LL
12252,786392.3438,140925.5462,828.3661,LL
12253,786379.9936,140903.8100,828.4767,LL
12254,786367.6154,140882.0899,828.5288,LL
12255,786355.2573,140860.3580,828.5968,LL
12256,786343.0014,140838.5684,828.6721,LL
12257,786330.8053,140816.7454,828.7689,LL
12258,786318.5756,140794.9413,828.8668,LL
12259,786306.3628,140773.1277,828.9696,LL
12260,786294.1475,140751.3154,829.0629,LL
12261,786281.9911,140729.4701,829.1367,LL
12262,786269.7598,140707.6666,829.1398,LL
12263,786257.5591,140685.8459,829.1172,LL
12264,786245.5566,140663.9161,829.0498,LL
12265,786233.4173,140642.0613,829.1183,LL
12266,786221.2176,140620.2402,829.1822,LL
12267,786208.9409,140598.4623,829.2350,LL
12268,786196.6546,140576.6898,829.2871,LL
12269,786184.3799,140554.9106,829.3144,LL
12270,786172.0807,140533.1453,829.3203,LL
12271,786159.8011,140511.3690,829.3208,LL
12272,786147.5474,140489.5781,829.3266,LL
12273,786135.1788,140467.8522,829.3335,LL
12274,786122.9263,140446.0606,829.3370,LL
12275,786110.6288,140424.2944,829.3299,LL
12276,786098.3362,140402.5254,829.3272,LL
12277,786086.0239,140380.7675,829.3203,LL
12278,786073.7418,140358.9925,829.3057,LL
12279,786061.4525,140337.2216,829.3106,LL
12280,786049.1946,140315.4330,829.3145,LL
12281,786036.9003,140293.6649,829.3062,LL
12282,786024.6488,140271.8727,829.3050,LL
12283,786012.3934,140250.0827,829.2945,LL
12284,786000.1371,140228.2932,829.2966,LL
12285,785987.7934,140206.5531,829.2641,LL
12286,785975.4351,140184.8214,829.2243,LL
12287,785963.1469,140163.0501,829.2000,LL
12288,785950.9406,140141.2325,829.1611,LL
12289,785938.7068,140119.4304,829.1237,LL
12290,785926.4245,140097.6556,829.0697,LL
12291,785914.1355,140075.8846,829.0054,LL
12292,785901.8746,140054.0978,828.9368,LL
12293,785889.6223,140032.3061,828.8888,LL
12294,785877.4031,140010.4959,828.8192,LL
12295,785865.1807,139988.6874,828.7614,LL
12296,785852.9374,139966.8907,828.7200,LL
12297,785840.6951,139945.0933,828.6995,LL
12298,785828.4554,139923.2946,828.6644,LL
12299,785816.1969,139901.5064,828.6053,LL
12300,785803.9201,139879.7285,828.5444,LL
12301,785791.6712,139857.9349,828.4797,LL
12302,785779.4179,139836.1439,828.4106,LL
12303,785767.1638,139814.3533,828.3263,LL
12304,785754.9285,139792.5521,828.2490,LL
12305,785742.6979,139770.7482,828.2399,LL
12306,785730.4657,139748.9451,828.1990,LL
12307,785718.2171,139727.1514,828.1352,LL
12308,785705.9314,139705.3785,828.0908,LL
12309,785693.6333,139683.6127,828.0173,LL
12310,785681.3461,139661.8406,827.9493,LL
12311,785669.1054,139640.0425,827.9075,LL
12312,785656.9252,139618.2104,827.8532,LL
12313,785644.7020,139596.4024,827.7877,LL
12314,785632.4446,139574.6136,827.7336,LL
12315,785620.1996,139552.8177,827.6905,LL
12316,785607.9272,139531.0374,827.6504,LL
12317,785595.6707,139509.2481,827.6019,LL
12318,785583.3962,139487.4690,827.5717,LL
12319,785571.1096,139465.6967,827.5196,LL
12320,785558.8344,139443.9179,827.4676,LL
12321,785546.5551,139422.1415,827.4190,LL
12322,785534.3192,139400.3406,827.3399,LL
12323,785522.0440,139378.5619,827.2793,LL
12324,785509.7253,139356.8078,827.1975,LL
12325,785497.4102,139335.0516,827.1132,LL
12326,785485.0898,139313.2983,827.0566,LL
12327,785472.7339,139291.5653,827.0084,LL
12328,785460.3934,139269.8234,826.9412,LL
12329,785448.1108,139248.0488,826.8803,LL
12330,785435.8288,139226.2738,826.8426,LL
12331,785423.5629,139204.4897,826.8373,LL
12332,785411.3035,139182.7022,826.7225,LL
12333,785399.0019,139160.9387,826.5995,LL
12334,785386.7544,139139.1445,826.4923,LL
12335,785374.5240,139117.3405,826.4455,LL
12336,785362.2956,139095.5355,826.3831,LL
12337,785350.0712,139073.7282,826.3439,LL
12338,785337.7949,139051.9499,826.2965,LL
12339,785325.5674,139030.1444,826.2493,LL
12340,785313.2226,139008.4050,826.1952,LL
12341,785300.8614,138986.6750,826.1395,LL
12342,785288.5630,138964.9092,826.1081,LL
12343,785276.2558,138943.1485,826.0580,LL
12344,785263.9344,138921.3958,825.9943,LL
12345,785251.6264,138899.6356,825.9333,LL
12346,785239.3403,138877.8629,825.8783,LL
12347,785227.0085,138856.1162,825.8394,LL
12348,785214.7006,138834.3558,825.7961,LL
12349,785202.4215,138812.5792,825.7608,LL
12350,785190.1407,138790.8035,825.7303,LL
12351,785177.8371,138769.0409,825.6470,LL
12352,785165.5002,138747.2971,825.6122,LL
12353,785153.2565,138725.5005,825.5891,LL
12354,785140.9760,138703.7247,825.5629,LL
12355,785128.7084,138681.9417,825.4757,LL
12356,785116.3907,138660.1870,825.4097,LL
12357,785104.0759,138638.4306,825.3428,LL
12358,785091.7888,138616.6586,825.2719,LL
12359,785079.4889,138594.8937,825.2344,LL
12360,785067.1570,138573.1470,825.1667,LL
12361,785054.8643,138551.3782,825.0904,LL
12362,785042.6263,138529.5784,825.0605,LL
12363,785030.3961,138507.7744,825.0098,LL
12364,785018.1007,138486.0070,824.9443,LL
12365,785005.7922,138464.2470,824.8951,LL
12366,784993.4895,138442.4837,824.8477,LL
12367,784981.1712,138420.7293,824.8127,LL
12368,784968.8796,138398.9597,824.7618,LL
12369,784956.5866,138377.1910,824.7185,LL
12370,784944.2849,138355.4272,824.6504,LL
12371,784931.9776,138333.6665,824.5849,LL
12372,784919.6677,138311.9072,824.5387,LL
12373,784907.3852,138290.1326,824.5037,LL
12374,784895.0968,138268.3612,824.4725,LL
12375,784882.8237,138246.5813,824.3829,LL
12376,784870.5612,138224.7953,824.3586,LL
12377,784858.2688,138203.0262,824.3158,LL
12378,784846.0323,138181.2258,824.2469,LL
12379,784833.7938,138159.4264,824.1935,LL
12380,784821.4875,138137.6652,824.1456,LL
12381,784809.1936,138115.8970,824.1104,LL
12382,784796.8792,138094.1403,824.0743,LL
12383,784784.5232,138072.4073,824.0499,LL
12384,784772.2669,138050.6179,823.9922,LL
12385,784759.9760,138028.8481,823.9315,LL
12386,784747.7378,138007.0485,823.8776,LL
12387,784735.4875,137985.2558,823.8064,LL
12388,784723.2495,137963.4560,823.7605,LL
12389,784710.9829,137941.6724,823.7119,LL
12390,784698.6966,137919.8998,823.6837,LL
12391,784686.4744,137898.0912,823.6515,LL
12392,784674.2288,137876.2957,823.6203,LL
12393,784661.9775,137854.5034,823.5664,LL
12394,784649.6873,137832.7331,823.5160,LL
12395,784637.4303,137810.9444,823.3858,LL
12396,784625.0963,137789.1990,823.2900,LL
12397,784612.7764,137767.4455,823.2652,LL
12398,784600.4785,137745.6795,823.2160,LL
12399,784588.1856,137723.9107,823.1857,LL
12400,784575.8628,137702.1589,823.0958,LL
12401,784563.5518,137680.4003,823.0230,LL
12402,784551.2543,137658.6341,822.9819,LL
12403,784538.9688,137636.8610,822.9624,LL
12404,784526.7141,137615.0707,822.9148,LL
12405,784514.4937,137593.2611,822.8986,LL
12406,784502.3005,137571.4362,822.9040,LL
12407,784490.0919,137549.6201,822.8596,LL
12408,784477.8827,137527.8042,822.7954,LL
12409,784465.6431,137506.0054,822.7200,LL
12410,784453.3930,137484.2130,822.5730,LL
12411,784441.1483,137462.4172,822.4615,LL
12412,784428.9236,137440.6102,822.3638,LL
12413,784416.6845,137418.8112,822.2736,LL
12414,784404.3881,137397.0444,822.2173,LL
12415,784392.0767,137375.2861,822.1375,LL
12416,784379.7675,137353.5266,822.0579,LL
12417,784367.4233,137331.7869,821.9735,LL
12418,784355.1072,137310.0313,821.9233,LL
12419,784342.8199,137288.2593,821.9095,LL
12420,784330.5714,137266.4655,821.8740,LL
12421,784318.2668,137244.7034,821.7800,LL
12422,784305.9713,137222.9361,821.7208,LL
12423,784293.6788,137201.1673,821.5995,LL
12424,784281.3949,137179.3939,821.4469,LL
12425,784269.0924,137157.6314,821.2533,LL
12426,784256.7521,137135.8895,821.1531,LL
12427,784244.4623,137114.1192,821.0510,LL
12428,784232.1648,137092.3532,820.9235,LL
12429,784219.8735,137070.5839,820.8032,LL
12430,784207.6105,137048.7984,820.6875,LL
12431,784195.3751,137026.9974,820.6000,LL
12432,784183.1577,137005.1862,820.5078,LL
12433,784170.9054,136983.3947,820.4347,LL
12434,784158.5762,136961.6467,820.3135,LL
12435,784146.3037,136939.8668,820.1705,LL
12436,784134.0246,136918.0907,820.0101,LL
12437,784121.7401,136896.3179,819.8259,LL
12438,784109.4715,136874.5363,819.6181,LL
12439,784097.2108,136852.7501,819.4376,LL
12440,784084.9633,136830.9562,819.2708,LL
12441,784072.6317,136809.2098,819.1264,LL
12442,784060.3592,136787.4300,818.9541,LL
12443,784048.1112,136765.6363,818.8181,LL
12444,784035.8689,136743.8392,818.7137,LL
12445,784023.6207,136722.0454,818.6012,LL
12446,784011.4175,136700.2265,818.4667,LL
12447,783999.2214,136678.4039,818.3027,LL
12448,783986.9833,136656.6050,818.1181,LL
12449,783974.7366,136634.8107,817.9568,LL
12450,783962.4803,136613.0217,817.8132,LL
12451,783950.2052,136591.2433,817.6581,LL
12452,783937.9981,136569.4266,817.5393,LL
12453,783925.7547,136547.6303,817.3971,LL
12454,783913.5041,136525.8380,817.2734,LL
12455,783901.2368,136504.0552,817.1127,LL
12456,783888.9900,136482.2611,816.9933,LL
12457,783888.7765,136481.8737,816.9935,LL,E
12458,797993.8447,145219.3989,834.1407,LL,B
12459,797972.6317,145206.1704,834.1120,LL
12460,797951.4494,145192.8924,834.0866,LL
12461,797930.1824,145179.7502,834.0630,LL
12462,797909.0026,145166.4686,834.0479,LL
12463,797887.7905,145153.2381,834.0414,LL
12464,797866.5622,145140.0336,834.0180,LL
12465,797845.3303,145126.8352,833.9754,LL
12466,797824.1603,145113.5376,833.9351,LL
12467,797802.9971,145100.2291,833.8740,LL
12468,797781.8007,145086.9736,833.8272,LL
12469,797760.5888,145073.7430,833.7674,LL
12470,797739.3945,145060.4842,833.6898,LL
12471,797718.1963,145047.2316,833.6219,LL
12472,797696.9932,145033.9868,833.5495,LL
12473,797675.7616,145020.7880,833.4727,LL
12474,797654.5536,145007.5511,833.4154,LL
12475,797633.3664,144994.2808,833.3390,LL
12476,797612.1655,144981.0325,833.2679,LL
12477,797590.9577,144967.7952,833.2090,LL
12478,797569.7532,144954.5531,833.1295,LL
12479,797548.5302,144941.3404,833.0534,LL
12480,797527.3622,144928.0396,832.9758,LL
12481,797506.1353,144914.8334,832.8915,LL
12482,797484.8996,144901.6409,832.8139,LL
12483,797463.6808,144888.4216,832.7220,LL
12484,797442.4914,144875.1552,832.6276,LL
12485,797421.2737,144861.9341,832.5159,LL
12486,797400.0128,144848.7828,832.4209,LL
12487,797378.7909,144835.5685,832.3215,LL
12488,797357.6206,144822.2715,832.2018,LL
12489,797336.4314,144809.0050,832.1033,LL
12490,797315.2686,144795.6960,832.0192,LL
12491,797294.0781,144782.4312,831.9243,LL
12492,797272.8755,144769.1858,831.8397,LL
12493,797251.6559,144755.9675,831.7664,LL
12494,797230.5020,144742.6449,831.6914,LL
12495,797209.2726,144729.4426,831.6231,LL
12496,797188.0674,144716.2012,831.5471,LL
12497,797166.8484,144702.9822,831.4559,LL
12498,797145.6403,144689.7461,831.3646,LL
12499,797124.4241,144676.5228,831.2524,LL
12500,797103.2259,144663.2706,831.1387,LL
12501,797082.0200,144650.0307,831.0258,LL
12502,797060.7698,144636.8623,830.9043,LL
12503,797039.5666,144623.6181,830.7894,LL
12504,797018.3205,144610.4427,830.6702,LL
12505,796997.0846,144597.2511,830.5471,LL
12506,796975.8516,144584.0548,830.4323,LL
12507,796954.7047,144570.7213,830.2929,LL
12508,796933.5661,144557.3745,830.1651,LL
12509,796912.4130,144544.0504,830.0359,LL
12510,796891.2183,144530.7927,829.9039,LL
12511,796870.0124,144517.5528,829.7873,LL
12512,796848.7971,144504.3276,829.6976,LL
12513,796827.5500,144491.1536,829.6185,LL
12514,796806.3250,144477.9441,829.5613,LL
12515,796785.0768,144464.7719,829.4738,LL
12516,796763.8704,144451.5326,829.3921,LL
12517,796742.6735,144438.2783,829.2983,LL
12518,796721.4342,144425.0916,829.2234,LL
12519,796700.2166,144411.8699,829.1839,LL
12520,796678.9926,144398.6586,829.1329,LL
12521,796657.7863,144385.4195,829.1059,LL
12522,796636.6176,144372.1198,829.0560,LL
12523,796615.4016,144358.8957,828.9778,LL
12524,796594.1913,144345.6625,828.9015,LL
12525,796572.9855,144332.4221,828.8370,LL
12526,796551.7764,144319.1869,828.7707,LL
12527,796530.5522,144305.9760,828.7130,LL
12528,796509.3600,144292.7139,828.6194,LL
12529,796488.1428,144279.4919,828.5455,LL
12530,796466.9276,144266.2667,828.4384,LL
12531,796445.6761,144253.1001,828.3272,LL
12532,796424.4675,144239.8645,828.2222,LL
12533,796403.2428,144226.6547,828.1209,LL
12534,796382.0425,144213.4056,828.0251,LL
12535,796360.8353,144200.1676,827.9369,LL
12536,796339.6175,144186.9465,827.8584,LL
12537,796318.3848,144173.7492,827.7684,LL
12538,796297.1799,144160.5076,827.6829,LL
12539,796276.0546,144147.1393,827.5956,LL
12540,796254.8805,144133.8486,827.5060,LL
12541,796233.7193,144120.5372,827.4212,LL
12542,796212.5160,144107.2931,827.3141,LL
12543,796191.3135,144094.0473,827.2405,LL
12544,796170.1254,144080.7789,827.1443,LL
12545,796148.9399,144067.5061,827.0389,LL
12546,796127.7333,144054.2673,826.9506,LL
12547,796106.5549,144040.9831,826.8673,LL
12548,796085.3241,144027.7835,826.7754,LL
12549,796064.1138,144014.5505,826.6902,LL
12550,796042.8627,144001.3832,826.5678,LL
12551,796021.6274,143988.1905,826.4505,LL
12552,796000.4129,143974.9642,826.3573,LL
12553,795979.1837,143961.7614,826.2687,LL
12554,795957.9843,143948.5109,826.2083,LL
12555,795936.7470,143935.3209,826.1481,LL
12556,795915.4774,143922.1838,826.0620,LL
12557,795894.2323,143909.0068,825.9508,LL
12558,795873.0295,143895.7618,825.8607,LL
12559,795851.7939,143882.5697,825.7820,LL
12560,795830.5781,143869.3455,825.7074,LL
12561,795809.4132,143856.0404,825.6390,LL
12562,795788.1459,143842.8995,825.5693,LL
12563,795766.8363,143829.8268,825.4794,LL
12564,795745.4250,143816.9217,825.3949,LL
12565,795723.9911,143804.0541,825.3171,LL
12566,795702.4736,143791.3266,825.2273,LL
12567,795680.8712,143778.7444,825.1434,LL
12568,795659.1846,143766.3072,825.0651,LL
12569,795637.3675,143754.1005,824.9543,LL
12570,795615.4938,143741.9958,824.8748,LL
12571,795593.5354,143730.0451,824.7843,LL
12572,795571.4192,143718.3897,824.6662,LL
12573,795549.2469,143706.8418,824.5583,LL
12574,795526.9494,143695.5366,824.4282,LL
12575,795504.5570,143684.4217,824.3151,LL
12576,795482.0909,143673.4554,824.1953,LL
12577,795459.5454,143662.6538,824.0599,LL
12578,795436.9255,143652.0095,823.9231,LL
12579,795414.1960,143641.6006,823.7533,LL
12580,795391.3971,143631.3451,823.5850,LL
12581,795368.5623,143621.1694,823.4198,LL
12582,795345.6510,143611.1670,823.2697,LL
12583,795322.6634,143601.3423,823.0940,LL
12584,795299.6291,143591.6274,822.9041,LL
12585,795276.4745,143582.2033,822.6775,LL
12586,795253.2653,143572.9152,822.4678,LL
12587,795229.9770,143563.8264,822.2448,LL
12588,795206.6537,143554.8281,822.0296,LL
12589,795183.2368,143546.0791,821.8112,LL
12590,795159.7003,143537.6538,821.5957,LL
12591,795136.0843,143529.4563,821.3865,LL
12592,795112.3956,143521.4698,821.1418,LL
12593,795088.6798,143513.5638,820.9014,LL
12594,795064.9491,143505.7041,820.6651,LL
12595,795041.1414,143498.0801,820.4081,LL
12596,795017.2461,143490.7363,820.1155,LL
12597,794993.3189,143483.4975,819.8372,LL
12598,794969.3576,143476.3722,819.5474,LL
12599,794945.3165,143469.5220,819.2573,LL
12600,794921.2401,143462.7977,818.9476,LL
12601,794897.0720,143456.4113,818.5950,LL
12602,794872.8563,143450.2082,818.2732,LL
12603,794848.6239,143444.0687,817.9671,LL
12604,794824.3158,143438.2381,817.6585,LL
12605,794799.9667,143432.5798,817.3376,LL
12606,794775.5932,143427.0258,817.0350,LL
12607,794751.1944,143421.5845,816.7407,LL
12608,794726.7631,143416.2928,816.4569,LL
12609,794702.2814,143411.2376,816.1660,LL
12610,794677.7666,143406.3487,815.8365,LL
12611,794653.2001,143401.7271,815.5112,LL
12612,794628.5903,143397.3392,815.1958,LL
12613,794603.9559,143393.0937,814.8944,LL
12614,794579.2974,143388.9874,814.5827,LL
12615,794554.6034,143385.1045,814.2143,LL
12616,794529.8916,143381.3377,813.8609,LL
12617,794505.1816,143377.5601,813.4782,LL
12618,794480.4484,143373.9387,813.0941,LL
12619,794455.7077,143370.3651,812.7484,LL
12620,794430.9427,143366.9646,812.3881,LL
12621,794406.1890,143363.4851,812.0198,LL
12622,794381.4367,143359.9900,811.6842,LL
12623,794356.7140,143356.2946,811.3435,LL
12624,794331.9906,143352.6017,811.0175,LL
12625,794307.2523,143349.0108,810.6690,LL
12626,794282.5195,143345.3887,810.2949,LL
12627,794257.7703,143341.8864,809.8211,LL
12628,794232.9881,143338.6151,809.4474,LL
12629,794208.2167,143335.2606,809.1097,LL
12630,794183.4517,143331.8522,808.8417,LL
12631,794158.7612,143327.9576,808.5834,LL
12632,794134.0349,143324.2766,808.3657,LL
12633,794109.3123,143320.5684,808.1549,LL
12634,794084.5859,143316.8869,807.9503,LL
12635,794059.8741,143313.1052,807.8919,LL
12636,794035.1213,143309.5999,807.7639,LL
12637,794010.3420,143306.2931,807.6675,LL
12638,793985.5728,143302.9038,807.6115,LL
12639,793960.8479,143299.2099,807.6271,LL
12640,793936.0976,143295.6876,807.7328,LL
12641,793911.3526,143292.1287,807.8453,LL
12642,793886.6103,143288.5497,807.9622,LL
12643,793861.8711,143284.9502,808.1027,LL
12644,793837.1469,143281.2506,808.2366,LL
12645,793812.4152,143277.6008,808.3550,LL
12646,793787.6698,143274.0439,808.4673,LL
12647,793762.9153,143270.5518,808.5843,LL
12648,793738.1563,143267.0941,808.7434,LL
12649,793713.4078,143263.5613,808.9216,LL
12650,793688.6452,143260.1299,809.1049,LL
12651,793663.8789,143256.7259,809.3144,LL
12652,793639.1222,143253.2543,809.5354,LL
12653,793614.3740,143249.7253,809.7978,LL
12654,793589.6220,143246.2239,810.0820,LL
12655,793564.8832,143242.6339,810.3976,LL
12656,793540.1439,143239.0473,810.7141,LL
12657,793515.3972,143235.5140,811.0559,LL
12658,793490.6431,143232.0343,811.4035,LL
12659,793465.8805,143228.6167,811.7733,LL
12660,793441.1284,143225.1249,812.1483,LL
12661,793416.3831,143221.5859,812.5156,LL
12662,793391.6543,143217.9325,812.8990,LL
12663,793366.9147,143214.3551,813.2594,LL
12664,793342.1705,143210.8091,813.6694,LL
12665,793317.4335,143207.2130,814.0554,LL
12666,793292.7081,143203.5390,814.4410,LL
12667,793267.9719,143199.9365,814.8288,LL
12668,793243.2172,143196.4646,815.2013,LL
12669,793218.4737,143192.9145,815.5887,LL
12670,793193.7257,143189.3955,815.9867,LL
12671,793168.9769,143185.8813,816.3591,LL
12672,793144.2262,143182.3804,816.7421,LL
12673,793119.4875,143178.7940,817.1118,LL
12674,793094.7441,143175.2407,817.4843,LL
12675,793069.9981,143171.7081,817.8741,LL
12676,793045.2554,143168.1512,818.2463,LL
12677,793020.5162,143164.5716,818.6467,LL
12678,792995.7725,143161.0227,819.0443,LL
12679,792971.0276,143157.4826,819.4339,LL
12680,792946.2882,143153.9019,819.8030,LL
12681,792921.5527,143150.2933,820.1646,LL
12682,792896.8105,143146.7329,820.5414,LL
12683,792872.0744,143143.1290,820.9199,LL
12684,792847.3379,143139.5279,821.2809,LL
12685,792822.5945,143135.9728,821.6362,LL
12686,792797.8547,143132.3917,821.9902,LL
12687,792773.1177,143128.7904,822.3157,LL
12688,792748.3757,143125.2231,822.6345,LL
12689,792723.6311,143121.6738,822.9589,LL
12690,792698.8838,143118.1431,823.2674,LL
12691,792674.1364,143114.6135,823.5721,LL
12692,792649.3936,143111.0479,823.8448,LL
12693,792624.6508,143107.4817,824.1275,LL
12694,792599.9009,143103.9665,824.4115,LL
12695,792575.1676,143100.3389,824.6806,LL
12696,792550.4277,143096.7538,824.9549,LL
12697,792525.6835,143093.1972,825.2313,LL
12698,792500.9329,143089.6842,825.4779,LL
12699,792476.1840,143086.1577,825.7241,LL
12700,792451.4361,143082.6245,825.9571,LL
12701,792426.6917,143079.0653,826.1769,LL
12702,792401.9460,143075.5144,826.3845,LL
12703,792377.1953,143071.9974,826.5656,LL
12704,792352.4407,143068.5084,826.7406,LL
12705,792327.6970,143064.9427,826.9315,LL
12706,792302.9453,143061.4336,827.1166,LL
12707,792278.2039,143057.8539,827.3319,LL
12708,792253.4488,143054.3671,827.4903,LL
12709,792228.7112,143050.7581,827.6371,LL
12710,792203.9714,143047.1630,827.7841,LL
12711,792179.2280,143043.5936,827.9246,LL
12712,792154.4772,143040.0761,828.0584,LL
12713,792129.7344,143036.5020,828.2086,LL
12714,792104.9839,143032.9816,828.3263,LL
12715,792080.2429,143029.3952,828.4554,LL
12716,792055.4797,143025.9646,828.5839,LL
12717,792030.7374,143022.3869,828.7041,LL
12718,792005.9980,143018.7881,828.7980,LL
12719,791981.2424,143015.3028,828.8876,LL
12720,791956.4964,143011.7497,828.9687,LL
12721,791931.7569,143008.1511,829.0691,LL
12722,791907.0175,143004.5529,829.1735,LL
12723,791882.2776,143000.9586,829.2908,LL
12724,791857.5301,142997.4164,829.4237,LL
12725,791832.7809,142993.8872,829.5448,LL
12726,791808.0429,142990.2794,829.6700,LL
12727,791783.3055,142986.6669,829.7660,LL
12728,791758.5629,142983.0910,829.8816,LL
12729,791733.8244,142979.4867,830.0082,LL
12730,791709.0802,142975.9212,830.1181,LL
12731,791684.3396,142972.3312,830.2293,LL
12732,791659.5878,142968.8179,830.3254,LL
12733,791634.8315,142965.3376,830.4232,LL
12734,791610.0721,142961.8793,830.5354,LL
12735,791585.3115,142958.4287,830.6198,LL
12736,791560.5606,142954.9101,830.7152,LL
12737,791535.8128,142951.3702,830.8236,LL
12738,791511.0576,142947.8824,830.9415,LL
12739,791486.3089,142944.3489,831.0721,LL
12740,791461.5673,142940.7664,831.1947,LL
12741,791436.8235,142937.1986,831.3163,LL
12742,791412.0859,142933.5876,831.4383,LL
12743,791387.3341,142930.0758,831.5388,LL
12744,791362.5963,142926.4686,831.6411,LL
12745,791337.8464,142922.9427,831.7447,LL
12746,791313.1124,142919.3071,831.8341,LL
12747,791288.3718,142915.7173,831.9507,LL
12748,791263.6282,142912.1473,832.0574,LL
12749,791238.8812,142908.6013,832.1742,LL
12750,791214.1369,142905.0371,832.2961,LL
12751,791189.3870,142901.5115,832.3983,LL
12752,791164.6359,142897.9948,832.5046,LL
12753,791139.8928,142894.4221,832.6253,LL
12754,791115.1474,142890.8658,832.7352,LL
12755,791090.3965,142887.3489,832.8685,LL
12756,791065.6554,142883.7613,832.9671,LL
12757,791040.9049,142880.2399,833.0729,LL
12758,791016.1565,142876.7038,833.1843,LL
12759,790991.3884,142873.3071,833.2628,LL
12760,790966.6320,142869.8269,833.3334,LL
12761,790941.8824,142866.2985,833.4114,LL
12762,790917.1366,142862.7434,833.4646,LL
12763,790892.3910,142859.1867,833.5368,LL
12764,790867.6556,142855.5588,833.5834,LL
12765,790842.9052,142852.0364,833.6071,LL
12766,790818.1637,142848.4507,833.6476,LL
12767,790793.4274,142844.8294,833.7041,LL
12768,790768.6783,142841.2970,833.7004,LL
12769,790743.9345,142837.7280,833.7296,LL
12770,790719.1809,142834.2281,833.7249,LL
12771,790694.4296,142830.7114,833.7250,LL
12772,790669.6823,142827.1658,833.7386,LL
12773,790644.9480,142823.5311,833.7503,LL
12774,790620.2022,142819.9754,833.7538,LL
12775,790595.4593,142816.3994,833.7420,LL
12776,790570.7190,142812.8057,833.7113,LL
12777,790545.9832,142809.1809,833.6869,LL
12778,790521.2589,142805.4797,833.6769,LL
12779,790496.5206,142801.8759,833.6643,LL
12780,790471.7934,142798.1934,833.6686,LL
12781,790447.0336,142794.7366,833.6145,LL
12782,790422.2745,142791.2750,833.5867,LL
12783,790397.5205,142787.7770,833.5363,LL
12784,790372.7813,142784.1765,833.4775,LL
12785,790348.0306,142780.6558,833.4225,LL
12786,790323.2788,142777.1422,833.3556,LL
12787,790298.5311,142773.6011,833.2731,LL
12788,790273.7947,142769.9810,833.2116,LL
12789,790249.0514,142766.4171,833.1383,LL
12790,790224.3173,142762.7837,833.0823,LL
12791,790199.5816,142759.1582,833.0310,LL
12792,790174.8279,142755.6590,832.9669,LL
12793,790150.0750,142752.1531,832.8976,LL
12794,790125.3320,142748.5790,832.8076,LL
12795,790100.5833,142745.0439,832.7353,LL
12796,790075.8300,142741.5417,832.6559,LL
12797,790051.0927,142737.9292,832.5720,LL
12798,790026.3485,142734.3661,832.4972,LL
12799,790001.6081,142730.7729,832.4567,LL
12800,789976.8784,142727.1076,832.4109,LL
12801,789952.1368,142723.5227,832.3757,LL
12802,789927.4032,142719.8839,832.3318,LL
12803,789902.6570,142716.3317,832.2841,LL
12804,789877.9036,142712.8301,832.2140,LL
12805,789853.1480,142709.3441,832.1213,LL
12806,789828.3890,142705.8822,832.0425,LL
12807,789803.6380,142702.3633,831.9871,LL
12808,789778.8829,142698.8732,831.9146,LL
12809,789754.1330,142695.3466,831.8512,LL
12810,789729.3878,142691.7868,831.7827,LL
12811,789704.6392,142688.2519,831.7084,LL
12812,789679.9073,142684.6007,831.6603,LL
12813,789655.1652,142681.0204,831.5998,LL
12814,789630.4278,142677.4069,831.5468,LL
12815,789605.6936,142673.7720,831.4863,LL
12816,789580.9435,142670.2487,831.4141,LL
12817,789556.1975,142666.6947,831.3470,LL
12818,789531.4428,142663.2030,831.2644,LL
12819,789506.6999,142659.6279,831.2100,LL
12820,789481.9548,142656.0674,831.1424,LL
12821,789457.2029,142652.5557,831.0801,LL
12822,789432.4456,142649.0809,830.9939,LL
12823,789407.6772,142645.6882,830.9258,LL
12824,789382.8974,142642.3787,830.8325,LL
12825,789358.1179,142639.0696,830.6973,LL
12826,789333.3563,142635.6299,830.5556,LL
12827,789308.5983,142632.1615,830.4606,LL
12828,789283.8158,142628.8731,830.3806,LL
12829,789259.0252,142625.6471,830.2900,LL
12830,789234.2233,142622.5087,830.1629,LL
12831,789209.4269,142619.3278,830.0522,LL
12832,789184.6173,142616.2496,829.9455,LL
12833,789159.8302,142612.9950,829.8520,LL
12834,789135.0528,142609.6683,829.8109,LL
12835,789110.2616,142606.4441,829.7770,LL
12836,789085.4664,142603.2521,829.7097,LL
12837,789060.6764,142600.0188,829.6441,LL
12838,789035.8905,142596.7551,829.5576,LL
12839,789011.0929,142593.5835,829.4740,LL
12840,788986.2999,142590.3742,829.3890,LL
12841,788961.5101,142587.1399,829.2999,LL
12842,788936.7159,142583.9406,829.2090,LL
12843,788911.9286,142580.6866,829.1515,LL
12844,788887.1334,142577.4983,829.1094,LL
12845,788862.3622,142574.1245,829.0827,LL
12846,788837.5810,142570.8255,829.0180,LL
12847,788812.7918,142567.5870,828.9371,LL
12848,788788.0045,142564.3334,828.8972,LL
12849,788763.2409,142560.9038,828.8686,LL
12850,788738.4805,142557.4525,828.8885,LL
12851,788713.6979,142554.1625,828.8534,LL
12852,788688.9008,142550.9851,828.8247,LL
12853,788664.1100,142547.7591,828.8036,LL
12854,788639.3263,142544.4785,828.7841,LL
12855,788614.5404,142541.2141,828.7468,LL
12856,788589.7583,142537.9207,828.6829,LL
12857,788564.9950,142534.4900,828.6026,LL
12858,788540.2309,142531.0641,828.5355,LL
12859,788515.4893,142527.4800,828.4614,LL
12860,788490.7572,142523.8307,828.3963,LL
12861,788466.0310,142520.1414,828.3473,LL
12862,788441.3249,142516.3200,828.3002,LL
12863,788416.6246,142512.4611,828.2381,LL
12864,788391.9249,142508.5981,828.1575,LL
12865,788367.2286,142504.7144,828.0721,LL
12866,788342.5375,142500.7973,828.0089,LL
12867,788317.8515,142496.8481,827.9294,LL
12868,788293.1805,142492.8066,827.8880,LL
12869,788268.5207,142488.6965,827.8984,LL
12870,788243.8655,142484.5591,827.8619,LL
12871,788219.2258,142480.3324,827.7786,LL
12872,788194.6237,142475.8915,827.6677,LL
12873,788170.0931,142471.0753,827.5589,LL
12874,788145.6385,142465.8929,827.4895,LL
12875,788121.2953,142460.2007,827.4051,LL
12876,788097.0007,142454.3069,827.3406,LL
12877,788072.7588,142448.1978,827.2636,LL
12878,788048.6151,142441.7127,827.1668,LL
12879,788024.5311,142435.0096,827.0780,LL
12880,788000.4992,142428.1204,827.0156,LL
12881,787976.5842,142420.8391,826.9430,LL
12882,787952.7404,142413.3246,826.8958,LL
12883,787928.9826,142405.5427,826.8285,LL
12884,787905.2692,142397.6281,826.7650,LL
12885,787881.6516,142389.4303,826.7209,LL
12886,787858.1779,142380.8311,826.6435,LL
12887,787834.7471,142372.1138,826.5763,LL
12888,787811.3900,142363.2009,826.5051,LL
12889,787788.1238,142354.0550,826.4442,LL
12890,787764.9516,142344.6727,826.3960,LL
12891,787741.9285,142334.9295,826.3072,LL
12892,787719.0000,142324.9681,826.2266,LL
12893,787696.2104,142314.6905,826.1583,LL
12894,787673.5621,142304.1061,826.0790,LL
12895,787651.0000,142293.3389,826.0357,LL
12896,787628.5811,142282.2759,825.9759,LL
12897,787606.2465,142271.0449,825.9071,LL
12898,787584.0162,142259.6077,825.8816,LL
12899,787561.9502,142247.8572,825.8292,LL
12900,787539.9352,142236.0109,825.8045,LL
12901,787517.9976,142224.0218,825.7783,LL
12902,787496.2046,142211.7727,825.7334,LL
12903,787474.4981,142199.3701,825.7180,LL
12904,787453.0040,142186.6029,825.6812,LL
12905,787431.6257,142173.6447,825.6518,LL
12906,787410.4142,142160.4133,825.6376,LL
12907,787389.4330,142146.8205,825.5943,LL
12908,787368.6006,142133.0013,825.5724,LL
12909,787347.9941,142118.8460,825.5621,LL
12910,787327.4647,142104.5801,825.5559,LL
12911,787307.0634,142090.1311,825.5748,LL
12912,787286.8013,142075.4871,825.5814,LL
12913,787266.7447,142060.5648,825.5998,LL
12914,787246.7727,142045.5276,825.6313,LL
12915,787226.9095,142030.3489,825.6490,LL
12916,787207.1433,142015.0425,825.6843,LL
12917,787187.7316,141999.2885,825.7026,LL
12918,787168.7208,141983.0565,825.7103,LL
12919,787149.8033,141966.7126,825.7611,LL
12920,787131.0937,141950.1312,825.7777,LL
12921,787112.3608,141933.5769,825.8254,LL
12922,787093.7834,141916.8473,825.8679,LL
12923,787075.3091,141900.0043,825.9575,LL
12924,787056.9245,141883.0636,826.0688,LL
12925,787038.7347,141865.9137,826.1499,LL
12926,787020.7297,141848.5706,826.2155,LL
12927,787002.9229,141831.0243,826.2983,LL
12928,786985.6311,141812.9696,826.3661,LL
12929,786968.6493,141794.6260,826.4404,LL
12930,786951.9144,141776.0534,826.4936,LL
12931,786935.3958,141757.2886,826.5457,LL
12932,786918.9709,141738.4414,826.5995,LL
12933,786902.7041,141719.4575,826.6043,LL
12934,786886.5709,141700.3604,826.6345,LL
12935,786870.5939,141681.1320,826.6768,LL
12936,786854.9044,141661.6689,826.6561,LL
12937,786839.3753,141642.0775,826.6432,LL
12938,786824.2065,141622.2052,826.6588,LL
12939,786809.2528,141602.1712,826.6781,LL
12940,786794.5961,141581.9187,826.7275,LL
12941,786780.1779,141561.4954,826.7567,LL
12942,786765.9171,141540.9623,826.7874,LL
12943,786751.7865,141520.3389,826.8394,LL
12944,786737.9149,141499.5407,826.8714,LL
12945,786724.2019,141478.6378,826.9098,LL
12946,786710.9332,141457.4496,826.9105,LL
12947,786697.8096,141436.1719,826.9350,LL
12948,786684.8686,141414.7820,826.9941,LL
12949,786672.0669,141393.3086,827.0513,LL
12950,786659.4300,141371.7382,827.1079,LL
12951,786646.8318,141350.1447,827.1999,LL
12952,786634.4449,141328.4294,827.2842,LL
12953,786622.0988,141306.6908,827.3889,LL
12954,786609.7728,141284.9408,827.4560,LL
12955,786597.5377,141263.1396,827.5304,LL
12956,786585.3455,141241.3144,827.6442,LL
12957,786573.0574,141219.5431,827.7368,LL
12958,786560.5643,141197.8911,827.8261,LL
12959,786548.3133,141176.0987,827.8927,LL
12960,786536.0780,141154.2983,827.9677,LL
12961,786523.7051,141132.5749,828.0404,LL
12962,786511.4517,141110.7839,828.1004,LL
12963,786499.1603,141089.0143,828.1406,LL
12964,786486.7685,141067.3017,828.1844,LL
12965,786474.2399,141045.6691,828.2081,LL
12966,786461.9465,141023.9008,828.2816,LL
12967,786449.6351,141002.1425,828.3748,LL
12968,786437.3117,140980.3910,828.4367,LL
12969,786424.9781,140958.6452,828.4789,LL
12970,786412.6343,140936.9052,828.5373,LL
12971,786400.2813,140915.1706,828.6281,LL
12972,786387.9761,140893.4089,828.7315,LL
12973,786375.6590,140871.6540,828.8304,LL
12974,786363.3562,140849.8909,828.9080,LL
12975,786350.9172,140828.2054,828.9988,LL
12976,786338.6002,140806.4504,829.0833,LL
12977,786326.3602,140784.6523,829.1676,LL
12978,786314.3608,140762.7205,829.2558,LL
12979,786305.2646,140746.1879,829.3332,LL,E
12980,798026.8838,145211.7021,834.1890,LL,B
12981,798005.6948,145198.4348,834.1609,LL
12982,797984.4890,145185.1943,834.1323,LL
12983,797963.2544,145171.9998,834.0998,LL
12984,797942.0189,145158.8070,834.0601,LL
12985,797920.7741,145145.6293,834.0241,LL
12986,797899.5264,145132.4560,833.9928,LL
12987,797878.3103,145119.2320,833.9636,LL
12988,797857.1036,145105.9929,833.9104,LL
12989,797835.9272,145092.7054,833.8670,LL
12990,797814.7219,145079.4640,833.8234,LL
12991,797793.5427,145066.1810,833.7728,LL
12992,797772.3499,145052.9197,833.7180,LL
12993,797751.1776,145039.6260,833.6471,LL
12994,797729.9777,145026.3761,833.5660,LL
12995,797708.7359,145013.1937,833.5127,LL
12996,797687.5364,144999.9435,833.4401,LL
12997,797666.3103,144986.7355,833.3768,LL
12998,797645.1005,144973.5016,833.3092,LL
12999,797623.9448,144960.1814,833.2174,LL
13000,797602.7960,144946.8502,833.1553,LL
13001,797581.6005,144933.5934,833.0773,LL
13002,797560.4059,144920.3353,832.9813,LL
13003,797539.1584,144907.1619,832.9084,LL
13004,797517.9068,144893.9951,832.8302,LL
13005,797496.6569,144880.8257,832.7598,LL
13006,797475.4523,144867.5837,832.6714,LL
13007,797454.2532,144854.3327,832.5727,LL
13008,797433.0543,144841.0816,832.4551,LL
13009,797411.8364,144827.8609,832.3519,LL
13010,797390.6339,144814.6153,832.2632,LL
13011,797369.4147,144801.3967,832.1476,LL
13012,797348.1964,144788.1764,832.0550,LL
13013,797326.9956,144774.9282,831.9654,LL
13014,797305.8132,144761.6505,831.8707,LL
13015,797284.6337,144748.3683,831.7836,LL
13016,797263.4670,144735.0655,831.7071,LL
13017,797242.2570,144721.8319,831.6213,LL
13018,797221.0226,144708.6374,831.5411,LL
13019,797199.7925,144695.4362,831.4494,LL
13020,797178.5611,144682.2370,831.3570,LL
13021,797157.3377,144669.0250,831.2578,LL
13022,797136.1297,144655.7883,831.1660,LL
13023,797114.9429,144642.5177,831.0626,LL
13024,797093.7430,144629.2684,830.9445,LL
13025,797072.5165,144616.0617,830.8276,LL
13026,797051.2929,144602.8503,830.6899,LL
13027,797030.0755,144589.6287,830.5902,LL
13028,797008.8645,144576.3971,830.4787,LL
13029,796987.6609,144563.1537,830.3437,LL
13030,796966.5104,144549.8259,830.1854,LL
13031,796945.3088,144536.5794,830.0597,LL
13032,796924.1320,144523.2933,829.9051,LL
13033,796902.9241,144510.0566,829.7859,LL
13034,796881.7187,144496.8157,829.6903,LL
13035,796860.4824,144483.6243,829.6224,LL
13036,796839.2564,144470.4163,829.5412,LL
13037,796818.0428,144457.1886,829.4648,LL
13038,796796.8338,144443.9535,829.4064,LL
13039,796775.6392,144430.6953,829.3136,LL
13040,796754.4602,144417.4124,829.2451,LL
13041,796733.2748,144404.1394,829.1809,LL
13042,796712.0875,144390.8693,829.1296,LL
13043,796690.8804,144377.6309,829.1051,LL
13044,796669.6441,144364.4393,829.0841,LL
13045,796648.4482,144351.1831,829.0085,LL
13046,796627.2421,144337.9435,828.9327,LL
13047,796606.0254,144324.7208,828.8492,LL
13048,796584.7958,144311.5187,828.7935,LL
13049,796563.5768,144298.2995,828.7332,LL
13050,796542.3761,144285.0511,828.6643,LL
13051,796521.1312,144271.8737,828.5924,LL
13052,796499.8273,144258.7926,828.5308,LL
13053,796478.5999,144245.5875,828.4254,LL
13054,796457.3695,144232.3871,828.2948,LL
13055,796436.1190,144219.2190,828.1924,LL
13056,796414.9126,144205.9799,828.0899,LL
13057,796393.7086,144192.7368,827.9864,LL
13058,796372.5152,144179.4766,827.9096,LL
13059,796351.3299,144166.2036,827.8356,LL
13060,796330.1237,144152.9640,827.7398,LL
13061,796308.8998,144139.7528,827.6533,LL
13062,796287.6792,144126.5362,827.5698,LL
13063,796266.4769,144113.2903,827.4749,LL
13064,796245.3130,144099.9834,827.3591,LL
13065,796224.1400,144086.6907,827.2745,LL
13066,796202.9523,144073.4215,827.1959,LL
13067,796181.7304,144060.2070,827.0870,LL
13068,796160.5041,144046.9997,827.0218,LL
13069,796139.2848,144033.7810,826.9355,LL
13070,796118.0698,144020.5555,826.8507,LL
13071,796096.8606,144007.3208,826.7716,LL
13072,796075.6404,143994.1038,826.6644,LL
13073,796054.4776,143980.7951,826.5477,LL
13074,796033.3317,143967.4593,826.4638,LL
13075,796012.1543,143954.1735,826.3923,LL
13076,795990.9029,143941.0067,826.3174,LL
13077,795969.6360,143927.8644,826.2885,LL
13078,795948.3789,143914.7065,826.2495,LL
13079,795927.1390,143901.5207,826.1855,LL
13080,795905.9085,143888.3198,826.1818,LL
13081,795884.6567,143875.1531,826.1815,LL
13082,795863.3945,143862.0034,826.1598,LL
13083,795842.1142,143848.8828,826.1704,LL
13084,795820.8549,143835.7284,826.1597,LL
13085,795799.5467,143822.6532,826.1592,LL
13086,795778.2040,143809.6345,826.1775,LL
13087,795756.8315,143796.6649,826.1816,LL
13088,795735.3514,143783.8742,826.1446,LL
13089,795713.8222,143771.1665,826.1207,LL
13090,795692.2185,143758.5857,826.0809,LL
13091,795670.5002,143746.2042,826.0185,LL
13092,795648.7132,143733.9438,825.9658,LL
13093,795626.8125,143721.8879,825.8862,LL
13094,795604.8142,143710.0107,825.7964,LL
13095,795582.7698,143698.2197,825.6983,LL
13096,795560.6217,143686.6248,825.5795,LL
13097,795538.3627,143675.2441,825.4653,LL
13098,795516.0300,143664.0088,825.3547,LL
13099,795493.5874,143652.9943,825.2529,LL
13100,795471.0674,143642.1396,825.1319,LL
13101,795448.4632,143631.4620,824.9619,LL
13102,795425.7344,143621.0518,824.8101,LL
13103,795402.9423,143610.7808,824.6507,LL
13104,795380.1060,143600.6085,824.4855,LL
13105,795357.1741,143590.6538,824.3360,LL
13106,795334.1749,143580.8559,824.1336,LL
13107,795311.0562,143571.3438,823.9395,LL
13108,795287.8979,143561.9289,823.7108,LL
13109,795264.7227,143552.5557,823.4933,LL
13110,795241.4797,143543.3529,823.2837,LL
13111,795218.1511,143534.3683,823.0657,LL
13112,795194.7185,143525.6591,822.8425,LL
13113,795171.2146,143517.1442,822.5961,LL
13114,795147.6379,143508.8326,822.3787,LL
13115,795124.0019,143500.6911,822.1507,LL
13116,795100.3034,143492.7344,821.8875,LL
13117,795076.5371,143484.9817,821.6488,LL
13118,795052.7458,143477.3070,821.3959,LL
13119,795028.8747,143469.8846,821.1261,LL
13120,795004.9491,143462.6405,820.8202,LL
13121,794980.9701,143455.5740,820.5636,LL
13122,794956.9448,143448.6671,820.2962,LL
13123,794932.8691,143441.9402,819.9724,LL
13124,794908.7383,143435.4146,819.6387,LL
13125,794884.5549,143429.0859,819.3048,LL
13126,794860.3154,143422.9763,818.9671,LL
13127,794836.0315,143417.0436,818.6823,LL
13128,794811.7007,143411.3070,818.3705,LL
13129,794787.3439,143405.6817,818.0496,LL
13130,794762.9445,143400.2457,817.7305,LL
13131,794738.5135,143394.9535,817.3872,LL
13132,794714.0469,143389.8285,817.0560,LL
13133,794689.5317,143384.9415,816.7094,LL
13134,794664.9784,143380.2498,816.3723,LL
13135,794640.3752,143375.8275,816.0288,LL
13136,794615.7602,143371.4739,815.6528,LL
13137,794591.1084,143367.3340,815.2731,LL
13138,794566.4335,143363.3408,814.8277,LL
13139,794541.7397,143359.4665,814.3848,LL
13140,794517.0191,143355.7670,813.9296,LL
13141,794492.2861,143352.1550,813.4407,LL
13142,794467.5418,143348.6151,813.0097,LL
13143,794442.7908,143345.1255,812.5598,LL
13144,794418.0470,143341.5894,812.0648,LL
13145,794393.3050,143338.0373,811.6104,LL
13146,794368.5722,143334.4174,811.1766,LL
13147,794343.8379,143330.8025,810.8044,LL
13148,794319.0906,143327.2745,810.4464,LL
13149,794294.3427,143323.7544,810.0605,LL
13150,794269.6011,143320.1917,809.6594,LL
13151,794244.8663,143316.5744,809.3525,LL
13152,794220.1335,143312.9475,808.9926,LL
13153,794195.4058,143309.2741,808.7741,LL
13154,794170.6859,143305.5503,808.5800,LL
13155,794145.9335,143302.0486,808.3492,LL
13156,794121.1989,143298.4218,808.1436,LL
13157,794096.4633,143294.8013,807.9516,LL
13158,794071.7341,143291.1342,807.8396,LL
13159,794046.9899,143287.5793,807.7804,LL
13160,794022.2253,143284.1581,807.6953,LL
13161,793997.4626,143280.7223,807.6493,LL
13162,793972.7119,143277.2008,807.6496,LL
13163,793947.9673,143273.6369,807.6868,LL
13164,793923.2174,143270.1116,807.7999,LL
13165,793898.4692,143266.5751,807.9357,LL
13166,793873.7300,143262.9757,808.0664,LL
13167,793848.9903,143259.3801,808.1724,LL
13168,793824.2479,143255.8040,808.3016,LL
13169,793799.4930,143252.3142,808.4204,LL
13170,793774.7403,143248.8099,808.5566,LL
13171,793749.9966,143245.2421,808.6902,LL
13172,793725.2420,143241.7527,808.8564,LL
13173,793700.4871,143238.2648,809.0309,LL
13174,793675.7353,143234.7556,809.1960,LL
13175,793650.9892,143231.2100,809.4438,LL
13176,793626.2379,143227.7026,809.6795,LL
13177,793601.4918,143224.1601,809.9710,LL
13178,793576.7464,143220.6150,810.2850,LL
13179,793551.9996,143217.0801,810.5891,LL
13180,793527.2652,143213.4609,810.9249,LL
13181,793502.5298,143209.8508,811.2672,LL
13182,793477.7890,143206.2788,811.6404,LL
13183,793453.0546,143202.6628,812.0057,LL
13184,793428.3117,143199.1062,812.3783,LL
13185,793403.5668,143195.5636,812.7517,LL
13186,793378.8202,143192.0350,813.1382,LL
13187,793354.0740,143188.5043,813.5234,LL
13188,793329.3238,143184.9989,813.9092,LL
13189,793304.5844,143181.4220,814.3077,LL
13190,793279.8423,143177.8639,814.7178,LL
13191,793255.0962,143174.3247,815.0312,LL
13192,793230.3526,143170.7748,815.4247,LL
13193,793205.6110,143167.2131,815.8329,LL
13194,793180.8642,143163.6881,816.2360,LL
13195,793156.1139,143160.1827,816.6082,LL
13196,793131.3775,143156.5813,816.9772,LL
13197,793106.6397,143152.9885,817.3286,LL
13198,793081.8965,143149.4346,817.7061,LL
13199,793057.1563,143145.8625,818.1036,LL
13200,793032.4118,143142.3209,818.5170,LL
13201,793007.6595,143138.8328,818.9002,LL
13202,792982.9112,143135.3145,819.2777,LL
13203,792958.1645,143131.7838,819.6480,LL
13204,792933.4348,143128.1348,819.9989,LL
13205,792908.7027,143124.5052,820.3849,LL
13206,792883.9732,143120.8579,820.7569,LL
13207,792859.2361,143117.2602,821.1109,LL
13208,792834.4953,143113.6903,821.4913,LL
13209,792809.7414,143110.2090,821.8413,LL
13210,792784.9941,143106.6792,822.1766,LL
13211,792760.2521,143103.1092,822.4676,LL
13212,792735.5106,143099.5386,822.7983,LL
13213,792710.7599,143096.0326,823.1249,LL
13214,792686.0149,143092.4825,823.4114,LL
13215,792661.2725,143088.9160,823.7209,LL
13216,792636.5229,143085.3958,823.9557,LL
13217,792611.7756,143081.8622,824.2405,LL
13218,792587.0301,143078.3150,824.5192,LL
13219,792562.2902,143074.7321,824.8000,LL
13220,792537.5580,143071.0926,825.0676,LL
13221,792512.8209,143067.4852,825.3261,LL
13222,792488.0804,143063.8992,825.5345,LL
13223,792463.3331,143060.3626,825.7736,LL
13224,792438.5896,143056.7986,826.0056,LL
13225,792413.8471,143053.2291,826.2626,LL
13226,792389.0976,143049.7049,826.4418,LL
13227,792364.3449,143046.2013,826.6033,LL
13228,792339.5875,143042.7317,826.7946,LL
13229,792314.8343,143039.2327,826.9782,LL
13230,792290.0843,143035.7118,827.1676,LL
13231,792265.3414,143032.1412,827.3532,LL
13232,792240.5988,143028.5663,827.5047,LL
13233,792215.8626,143024.9475,827.6405,LL
13234,792191.1208,143021.3666,827.7895,LL
13235,792166.3749,143017.8150,827.9457,LL
13236,792141.6286,143014.2648,828.0739,LL
13237,792116.8851,143010.6966,828.2306,LL
13238,792092.1352,143007.1724,828.3636,LL
13239,792067.3906,143003.6109,828.4947,LL
13240,792042.6462,143000.0468,828.6176,LL
13241,792017.9001,142996.4946,828.7086,LL
13242,791993.1560,142992.9278,828.7978,LL
13243,791968.4210,142989.2976,828.8629,LL
13244,791943.6735,142985.7557,828.9760,LL
13245,791918.9292,142982.1911,829.0822,LL
13246,791894.1882,142978.6037,829.1871,LL
13247,791869.4446,142975.0351,829.3114,LL
13248,791844.6931,142971.5215,829.4568,LL
13249,791819.9438,142967.9930,829.5678,LL
13250,791795.1916,142964.4845,829.6867,LL
13251,791770.4445,142960.9393,829.7954,LL
13252,791745.6932,142957.4243,829.8996,LL
13253,791720.9523,142953.8357,829.9889,LL
13254,791696.2147,142950.2255,830.1150,LL
13255,791671.4762,142946.6217,830.2016,LL
13256,791646.7371,142943.0209,830.3054,LL
13257,791621.9980,142939.4200,830.4112,LL
13258,791597.2468,142935.9037,830.5039,LL
13259,791572.4968,142932.3785,830.6105,LL
13260,791547.7495,142928.8346,830.7035,LL
13261,791522.9985,142925.3173,830.8428,LL
13262,791498.2488,142921.7910,830.9686,LL
13263,791473.5023,142918.2423,831.0906,LL
13264,791448.7503,142914.7317,831.2085,LL
13265,791424.0069,142911.1613,831.3311,LL
13266,791399.2552,142907.6483,831.4265,LL
13267,791374.5053,142904.1236,831.5591,LL
13268,791349.7565,142900.5901,831.6568,LL
13269,791325.0103,142897.0383,831.7530,LL
13270,791300.2661,142893.4732,831.8876,LL
13271,791275.5200,142889.9212,831.9883,LL
13272,791250.7811,142886.3194,832.0956,LL
13273,791226.0396,142882.7352,832.2172,LL
13274,791201.2943,142879.1778,832.3228,LL
13275,791176.5471,142875.6341,832.4355,LL
13276,791151.8118,142872.0075,832.5409,LL
13277,791127.0594,142868.5003,832.6532,LL
13278,791102.3095,142864.9754,832.7743,LL
13279,791077.5627,142861.4283,832.8905,LL
13280,791052.8114,142857.9127,833.0079,LL
13281,791028.0674,142854.3470,833.1231,LL
13282,791003.3196,142850.8066,833.2058,LL
13283,790978.5761,142847.2350,833.2763,LL
13284,790953.8372,142843.6332,833.3364,LL
13285,790929.0910,142840.0808,833.4241,LL
13286,790904.3481,142836.5052,833.4850,LL
13287,790879.5920,142833.0222,833.5389,LL
13288,790854.8351,142829.5450,833.5937,LL
13289,790830.0877,142826.0007,833.6254,LL
13290,790805.3428,142822.4382,833.6421,LL
13291,790780.5985,142818.8722,833.6632,LL
13292,790755.8544,142815.3048,833.6682,LL
13293,790731.1162,142811.6968,833.6831,LL
13294,790706.3764,142808.1007,833.6658,LL
13295,790681.6406,142804.4754,833.6827,LL
13296,790656.9051,142800.8490,833.7030,LL
13297,790632.1636,142797.2629,833.6819,LL
13298,790607.4174,142793.7102,833.6892,LL
13299,790582.6823,142790.0801,833.7076,LL
13300,790557.9519,142786.4188,833.6946,LL
13301,790533.2004,142782.9038,833.6291,LL
13302,790508.4389,142779.4639,833.5285,LL
13303,790483.6953,142775.8927,833.5094,LL
13304,790458.9536,142772.3091,833.5383,LL
13305,790434.2036,142768.7830,833.4869,LL
13306,790409.4520,142765.2677,833.4648,LL
13307,790384.6969,142761.7784,833.4243,LL
13308,790359.9560,142758.1893,833.3726,LL
13309,790335.2127,142754.6170,833.2967,LL
13310,790310.4730,142751.0193,833.2313,LL
13311,790285.7318,142747.4324,833.1421,LL
13312,790260.9881,142743.8632,833.0563,LL
13313,790236.2471,142740.2743,832.9800,LL
13314,790211.5063,142736.6847,832.9189,LL
13315,790186.7621,142733.1183,832.8510,LL
13316,790162.0077,142729.6232,832.7919,LL
13317,790137.2526,142726.1334,832.7213,LL
13318,790112.5035,142722.6017,832.6438,LL
13319,790087.7580,142719.0452,832.5715,LL
13320,790063.0268,142715.3896,832.5024,LL
13321,790038.2859,142711.8002,832.4507,LL
13322,790013.5378,142708.2610,832.3687,LL
13323,789988.7984,142704.6620,832.3071,LL
13324,789964.0604,142701.0533,832.2444,LL
13325,789939.3070,142697.5515,832.1987,LL
13326,789914.5594,142694.0080,832.1596,LL
13327,789889.8105,142690.4744,832.0913,LL
13328,789865.0637,142686.9272,832.0201,LL
13329,789840.3160,142683.3860,831.9100,LL
13330,789815.5568,142679.9259,831.8512,LL
13331,789790.8057,142676.4077,831.7823,LL
13332,789766.0553,142672.8853,831.7192,LL
13333,789741.3180,142669.2722,831.6429,LL
13334,789716.5798,142665.6652,831.5699,LL
13335,789691.8377,142662.0843,831.5118,LL
13336,789667.0824,142658.5959,831.4410,LL
13337,789642.3415,142655.0068,831.3671,LL
13338,789617.6016,142651.4109,831.2913,LL
13339,789592.8515,142647.8855,831.2296,LL
13340,789568.1040,142644.3418,831.1645,LL
13341,789543.3656,142640.7356,831.1017,LL
13342,789518.6192,142637.1842,831.0340,LL
13343,789493.8712,142633.6446,830.9773,LL
13344,789469.1219,142630.1137,830.9252,LL
13345,789444.3691,142626.6068,830.8814,LL
13346,789419.6018,142623.2052,830.8185,LL
13347,789394.8276,142619.8542,830.7455,LL
13348,789370.0494,142616.5328,830.6489,LL
13349,789345.2770,142613.1702,830.4987,LL
13350,789320.5013,142609.8310,830.4043,LL
13351,789295.7223,142606.5150,830.3338,LL
13352,789270.9379,142603.2390,830.2969,LL
13353,789246.1462,142600.0193,830.2229,LL
13354,789221.3384,142596.9289,830.1052,LL
13355,789196.5458,142593.7168,830.0095,LL
13356,789171.7530,142590.5064,829.9156,LL
13357,789146.9618,142587.2834,829.8362,LL
13358,789122.1658,142584.0972,829.7855,LL
13359,789097.3728,142580.8877,829.7273,LL
13360,789072.5811,142577.6690,829.6456,LL
13361,789047.7907,142574.4395,829.5543,LL
13362,789023.0056,142571.1705,829.4459,LL
13363,788998.2132,142567.9574,829.3530,LL
13364,788973.4162,142564.7795,829.2625,LL
13365,788948.6147,142561.6366,829.1632,LL
13366,788923.8272,142558.3853,829.1013,LL
13367,788899.0464,142555.0831,829.0464,LL
13368,788874.2652,142551.7837,828.9635,LL
13369,788849.4765,142548.5421,828.8654,LL
13370,788824.6899,142545.2839,828.7667,LL
13371,788799.8979,142542.0672,828.6964,LL
13372,788775.1159,142538.7732,828.6295,LL
13373,788750.3369,142535.4579,828.5791,LL
13374,788725.5527,142532.1811,828.5188,LL
13375,788700.7651,142528.9311,828.4381,LL
13376,788675.9813,142525.6514,828.3370,LL
13377,788651.1918,142522.4162,828.2300,LL
13378,788626.4097,142519.1250,828.1205,LL
13379,788601.6362,142515.7687,828.0134,LL
13380,788576.8624,142512.4145,827.9327,LL
13381,788552.0931,142509.0273,827.8616,LL
13382,788527.3377,142505.5408,827.7578,LL
13383,788502.5982,142501.9457,827.6227,LL
13384,788477.8845,142498.1751,827.5061,LL
13385,788453.1732,142494.3878,827.4007,LL
13386,788428.4624,142490.5972,827.3214,LL
13387,788403.7642,142486.7259,827.2148,LL
13388,788379.0601,142482.8929,827.1010,LL
13389,788354.3674,142478.9873,826.9805,LL
13390,788329.6825,142475.0325,826.8690,LL
13391,788305.0206,142470.9373,826.7364,LL
13392,788280.3460,142466.9183,826.6318,LL
13393,788255.6983,142462.7392,826.5337,LL
13394,788231.0694,142458.4508,826.3891,LL
13395,788206.4708,142453.9923,826.2326,LL
13396,788181.9236,142449.2596,826.0601,LL
13397,788157.4321,142444.2462,825.9341,LL
13398,788133.0305,142438.8143,825.8159,LL
13399,788108.6918,142433.1035,825.7246,LL
13400,788084.4282,142427.0821,825.6505,LL
13401,788060.2491,142420.7303,825.5869,LL
13402,788036.1409,142414.1129,825.5221,LL
13403,788012.1400,142407.1168,825.4310,LL
13404,787988.1980,142399.9215,825.3678,LL
13405,787964.3045,142392.5676,825.3057,LL
13406,787940.5371,142384.8154,825.2318,LL
13407,787916.8391,142376.8534,825.1493,LL
13408,787893.2161,142368.6713,825.0790,LL
13409,787869.6633,142360.2892,825.0169,LL
13410,787846.2387,142351.5566,824.9390,LL
13411,787822.8838,142342.6382,824.8749,LL
13412,787799.6476,142333.4151,824.8180,LL
13413,787776.5144,142323.9361,824.7574,LL
13414,787753.4498,142314.2921,824.6868,LL
13415,787730.5495,142304.2639,824.6102,LL
13416,787707.7522,142294.0039,824.5263,LL
13417,787685.1015,142283.4243,824.4535,LL
13418,787662.5069,142272.7251,824.4026,LL
13419,787640.1000,142261.6379,824.3556,LL
13420,787617.7379,142250.4604,824.3269,LL
13421,787595.5069,142239.0251,824.2852,LL
13422,787573.3259,142227.4928,824.2578,LL
13423,787551.2817,142215.7019,824.2336,LL
13424,787529.4252,142203.5682,824.2021,LL
13425,787507.9634,142190.7625,824.1153,LL
13426,787487.5685,142176.3113,823.9753,LL
13427,787467.2431,142161.7575,823.8212,LL
13428,787446.9157,142147.2057,823.6561,LL
13429,787426.7463,142132.4353,823.4786,LL
13430,787406.4760,142117.8037,823.3305,LL
13431,787386.2807,142103.0681,823.2566,LL
13432,787366.0728,142088.3497,823.2259,LL
13433,787345.7859,142073.7412,823.1860,LL
13434,787325.4061,142059.2617,823.2111,LL
13435,787305.1290,142044.6387,823.2737,LL
13436,787301.2986,142041.8817,823.2896,LL,E
13437,798021.8406,145237.0214,834.1485,LL,B
13438,798000.6833,145223.7036,834.1485,LL
13439,797993.8447,145219.3989,834.1407,LL,E
13440,797981.4308,145310.0113,834.1637,LL,B
13441,797972.0067,145304.1448,834.1493,LL,E
13442,797983.7410,145298.2399,834.4386,LL,B
13443,797962.4998,145285.0562,834.4252,LL
13444,797954.6619,145280.1915,834.4260,LL,E
13445,797989.8795,145287.5617,834.2618,LL,B
13446,797968.6376,145274.3791,834.2182,LL
13447,797959.1695,145268.5033,834.2175,LL,E
13448,797998.0585,145278.6200,834.0302,LL,B
13449,797990.1215,145273.6839,834.0178,LL,E
13450,798014.9011,145246.5401,833.9078,LL,B
13451,798008.2432,145242.3752,833.8906,LL,E
13452,798036.5591,145217.7527,834.2030,LL,B
13453,798026.8838,145211.7021,834.1890,LL,E
13454,798000.2621,145208.8555,834.4130,LL,B
13455,797979.0543,145195.6181,834.3806,LL
13456,797957.8466,145182.3807,834.3481,LL
13457,797936.6388,145169.1432,834.3091,LL
13458,797915.4013,145155.9536,834.2824,LL
13459,797894.1489,145142.7878,834.2580,LL
13460,797872.8965,145129.6221,834.2056,LL
13461,797851.6825,145116.3949,834.1596,LL
13462,797830.5100,145103.1011,834.1308,LL
13463,797809.3375,145089.8072,834.0581,LL
13464,797788.1603,145076.5210,833.9922,LL
13465,797766.9703,145063.2551,833.9401,LL
13466,797745.7803,145049.9892,833.8843,LL
13467,797724.5870,145036.7286,833.8181,LL
13468,797703.3736,145023.5002,833.7337,LL
13469,797682.1602,145010.2717,833.6699,LL
13470,797660.9468,144997.0433,833.6124,LL
13471,797639.7333,144983.8149,833.5413,LL
13472,797618.5304,144970.5698,833.4642,LL
13473,797597.3587,144957.2747,833.3963,LL
13474,797576.1870,144943.9796,833.3219,LL
13475,797555.0042,144930.7022,833.2453,LL
13476,797533.7549,144917.5316,833.1656,LL
13477,797512.5055,144904.3610,833.0930,LL
13478,797491.2562,144891.1904,833.0216,LL
13479,797470.0490,144877.9520,832.9258,LL
13480,797448.8429,144864.7119,832.8256,LL
13481,797427.6368,144851.4718,832.7124,LL
13482,797406.4307,144838.2316,832.6138,LL
13483,797385.2246,144824.9915,832.5184,LL
13484,797364.0185,144811.7513,832.4084,LL
13485,797342.8124,144798.5112,832.3025,LL
13486,797321.6063,144785.2710,832.2123,LL
13487,797300.4002,144772.0309,832.1166,LL
13488,797279.2036,144758.7756,832.0162,LL
13489,797258.0259,144745.4900,831.9472,LL
13490,797236.8482,144732.2045,831.8742,LL
13491,797215.6649,144718.9280,831.8196,LL
13492,797194.4421,144705.7146,831.7430,LL
13493,797173.2194,144692.5011,831.6444,LL
13494,797151.9966,144679.2877,831.5500,LL
13495,797130.7738,144666.0743,831.4309,LL
13496,797109.5578,144652.8500,831.3296,LL
13497,797088.3579,144639.6000,831.2192,LL
13498,797067.1580,144626.3499,831.0944,LL
13499,797045.9581,144613.0998,830.9805,LL
13500,797024.7582,144599.8498,830.8666,LL
13501,797003.5584,144586.5997,830.7507,LL
13502,796982.3585,144573.3496,830.6420,LL
13503,796961.1586,144560.0996,830.4910,LL
13504,796939.9587,144546.8495,830.3493,LL
13505,796918.7588,144533.5994,830.2271,LL
13506,796897.5589,144520.3494,830.0960,LL
13507,796876.3411,144507.1281,829.9895,LL
13508,796855.0817,144493.9737,829.8918,LL
13509,796833.8645,144480.7514,829.8144,LL
13510,796812.6703,144467.4923,829.7520,LL
13511,796791.4760,144454.2332,829.6553,LL
13512,796770.2818,144440.9740,829.5829,LL
13513,796749.0876,144427.7149,829.5188,LL
13514,796727.8934,144414.4557,829.4422,LL
13515,796706.6991,144401.1966,829.3856,LL
13516,796685.5049,144387.9374,829.3396,LL
13517,796664.3107,144374.6783,829.3054,LL
13518,796643.1107,144361.4284,829.2751,LL
13519,796621.8660,144348.2503,829.1844,LL
13520,796600.6213,144335.0721,829.1023,LL
13521,796579.3767,144321.8940,829.0481,LL
13522,796558.1910,144308.6212,828.9716,LL
13523,796537.0094,144295.3418,828.9190,LL
13524,796515.8279,144282.0625,828.8653,LL
13525,796494.6371,144268.7979,828.7647,LL
13526,796473.4422,144255.5397,828.6560,LL
13527,796452.2474,144242.2816,828.5460,LL
13528,796431.0525,144229.0234,828.4585,LL
13529,796409.8577,144215.7653,828.3432,LL
13530,796388.6628,144202.5071,828.2551,LL
13531,796367.4680,144189.2490,828.1562,LL
13532,796346.2731,144175.9908,828.0742,LL
13533,796325.0783,144162.7327,828.0000,LL
13534,796303.8834,144149.4745,827.9117,LL
13535,796282.6886,144136.2164,827.8120,LL
13536,796261.4937,144122.9583,827.7336,LL
13537,796240.3294,144109.6515,827.6192,LL
13538,796219.1652,144096.3444,827.5191,LL
13539,796198.0011,144083.0372,827.4487,LL
13540,796176.7822,144069.8177,827.3572,LL
13541,796155.5447,144056.6282,827.2543,LL
13542,796134.3071,144043.4386,827.1769,LL
13543,796113.1097,144030.1847,827.0951,LL
13544,796091.9383,144016.8890,826.9858,LL
13545,796070.7466,144003.6259,826.8922,LL
13546,796049.5549,143990.3628,826.7763,LL
13547,796028.3631,143977.0996,826.6861,LL
13548,796007.1284,143963.9055,826.6011,LL
13549,795985.8852,143950.7249,826.5215,LL
13550,795964.6421,143937.5443,826.4690,LL
13551,795943.3989,143924.3637,826.4096,LL
13552,795922.1557,143911.1832,826.3496,LL
13553,795900.9126,143898.0026,826.2875,LL
13554,795879.6568,143884.8424,826.2409,LL
13555,795858.3871,143871.7046,826.2015,LL
13556,795837.1174,143858.5669,826.1332,LL
13557,795815.8334,143845.4524,826.1068,LL
13558,795794.5045,143832.4110,826.0627,LL
13559,795773.1756,143819.3697,825.9910,LL
13560,795751.8256,143806.3633,825.9514,LL
13561,795730.3005,143793.6484,825.8774,LL
13562,795708.7754,143780.9334,825.8163,LL
13563,795687.2503,143768.2185,825.7704,LL
13564,795665.4614,143755.9620,825.6874,LL
13565,795643.6523,143743.7405,825.6114,LL
13566,795621.8433,143731.5189,825.5192,LL
13567,795599.7996,143719.7283,825.4090,LL
13568,795577.7019,143708.0367,825.3204,LL
13569,795555.6043,143696.3451,825.2023,LL
13570,795533.3172,143685.0258,825.0887,LL
13571,795510.8584,143674.0439,824.9602,LL
13572,795488.3995,143663.0620,824.8420,LL
13573,795465.9407,143652.0802,824.7353,LL
13574,795443.4819,143641.0983,824.6166,LL
13575,795420.7187,143630.7667,824.4418,LL
13576,795397.9003,143620.5529,824.2681,LL
13577,795375.0819,143610.3392,824.1141,LL
13578,795352.1107,143600.4783,823.9516,LL
13579,795329.0477,143590.8295,823.7469,LL
13580,795305.9847,143581.1808,823.5521,LL
13581,795282.8838,143571.6240,823.3403,LL
13582,795259.7358,143562.1808,823.1389,LL
13583,795236.3974,143553.2208,822.9140,LL
13584,795213.0325,143544.3280,822.6986,LL
13585,795189.6676,143535.4353,822.4699,LL
13586,795166.1332,143527.0070,822.2575,LL
13587,795142.5338,143518.7567,822.0113,LL
13588,795118.9343,143510.5064,821.7764,LL
13589,795095.2540,143502.4950,821.5787,LL
13590,795071.4981,143494.7067,821.3348,LL
13591,795047.6896,143487.0809,821.0651,LL
13592,795023.8330,143479.6098,820.7850,LL
13593,794999.8918,143472.4112,820.5081,LL
13594,794975.8333,143465.6185,820.2498,LL
13595,794951.7423,143458.9384,819.9212,LL
13596,794927.6513,143452.2583,819.5939,LL
13597,794903.5603,143445.5781,819.2908,LL
13598,794879.4618,143438.9270,818.9883,LL
13599,794855.1873,143432.9476,818.6639,LL
13600,794830.8879,143427.0725,818.3747,LL
13601,794806.5446,143421.3802,818.0732,LL
13602,794782.1540,143415.8943,817.7300,LL
13603,794757.7563,143410.4397,817.4077,LL
13604,794733.3586,143404.9851,817.1051,LL
13605,794708.8772,143399.9286,816.8055,LL
13606,794684.3510,143395.0840,816.4868,LL
13607,794659.8249,143390.2394,816.1663,LL
13608,794635.2334,143385.7536,815.8431,LL
13609,794610.5767,143381.6246,815.4765,LL
13610,794585.9200,143377.4956,815.1136,LL
13611,794561.2432,143373.4936,814.7307,LL
13612,794536.5208,143369.7782,814.3045,LL
13613,794511.7984,143366.0629,813.8813,LL
13614,794487.0725,143362.3715,813.4571,LL
13615,794462.3278,143358.8078,813.0251,LL
13616,794437.5831,143355.2441,812.6150,LL
13617,794412.8384,143351.6804,812.1710,LL
13618,794388.0937,143348.1167,811.7591,LL
13619,794363.3490,143344.5530,811.3936,LL
13620,794338.6043,143340.9893,811.0356,LL
13621,794313.8596,143337.4256,810.7040,LL
13622,794289.1149,143333.8619,810.3048,LL
13623,794264.3702,143330.2982,809.8979,LL
13624,794239.6225,143326.7559,809.5785,LL
13625,794214.8728,143323.2269,809.3031,LL
13626,794190.1231,143319.6979,809.0647,LL
13627,794165.3735,143316.1689,808.8114,LL
13628,794140.6238,143312.6399,808.5904,LL
13629,794115.8741,143309.1109,808.3755,LL
13630,794091.1245,143305.5819,808.1953,LL
13631,794066.3748,143302.0529,808.0959,LL
13632,794041.6213,143298.5506,807.9505,LL
13633,794016.8634,143295.0802,807.8859,LL
13634,793992.1054,143291.6098,807.8451,LL
13635,793967.3518,143288.1091,807.8570,LL
13636,793942.6091,143284.5317,807.9351,LL
13637,793917.8664,143280.9542,808.0589,LL
13638,793893.1236,143277.3768,808.1916,LL
13639,793868.3809,143273.7994,808.3245,LL
13640,793843.6332,143270.2572,808.4350,LL
13641,793818.8791,143266.7596,808.5619,LL
13642,793794.1249,143263.2620,808.6757,LL
13643,793769.3708,143259.7644,808.7873,LL
13644,793744.6167,143256.2668,808.9278,LL
13645,793719.8625,143252.7692,809.0818,LL
13646,793695.1095,143249.2642,809.2739,LL
13647,793670.3638,143245.7069,809.4735,LL
13648,793645.6182,143242.1496,809.7174,LL
13649,793620.8726,143238.5923,809.9847,LL
13650,793596.1270,143235.0350,810.2344,LL
13651,793571.3814,143231.4777,810.5443,LL
13652,793546.6358,143227.9204,810.8848,LL
13653,793521.8933,143224.3413,811.1987,LL
13654,793497.1517,143220.7563,811.5793,LL
13655,793472.4100,143217.1714,811.9376,LL
13656,793447.6646,143213.6125,812.2941,LL
13657,793422.9171,143210.0688,812.6671,LL
13658,793398.1695,143206.5251,813.0417,LL
13659,793373.4219,143202.9814,813.4154,LL
13660,793348.6744,143199.4377,813.8128,LL
13661,793323.9268,143195.8941,814.1912,LL
13662,793299.1792,143192.3504,814.5968,LL
13663,793274.4317,143188.8067,814.9836,LL
13664,793249.6841,143185.2630,815.3150,LL
13665,793224.9365,143181.7193,815.7282,LL
13666,793200.1889,143178.1756,816.1190,LL
13667,793175.4414,143174.6319,816.5117,LL
13668,793150.6938,143171.0882,816.8880,LL
13669,793125.9462,143167.5445,817.2608,LL
13670,793101.1997,143163.9937,817.6287,LL
13671,793076.4561,143160.4222,818.0035,LL
13672,793051.7126,143156.8506,818.3953,LL
13673,793026.9690,143153.2793,818.7883,LL
13674,793002.2224,143149.7283,819.1850,LL
13675,792977.4759,143146.1773,819.5649,LL
13676,792952.7294,143142.6262,819.9390,LL
13677,792927.9829,143139.0752,820.2924,LL
13678,792903.2397,143135.5013,820.6798,LL
13679,792878.5053,143131.8667,821.0597,LL
13680,792853.7709,143128.2321,821.4149,LL
13681,792829.0353,143124.6061,821.7751,LL
13682,792804.2806,143121.1125,822.1098,LL
13683,792779.5259,143117.6189,822.4451,LL
13684,792754.7712,143114.1253,822.7804,LL
13685,792730.0259,143110.5659,823.1053,LL
13686,792705.2821,143106.9961,823.4380,LL
13687,792680.5383,143103.4263,823.7145,LL
13688,792655.7945,143099.8564,823.9934,LL
13689,792631.0507,143096.2866,824.2807,LL
13690,792606.3068,143092.7168,824.5429,LL
13691,792581.5630,143089.1470,824.8346,LL
13692,792556.8192,143085.5771,825.0958,LL
13693,792532.0754,143082.0073,825.3538,LL
13694,792507.3316,143078.4375,825.6192,LL
13695,792482.5878,143074.8677,825.8609,LL
13696,792457.8440,143071.2978,826.1085,LL
13697,792433.0985,143067.7392,826.3339,LL
13698,792408.3464,143064.2277,826.5487,LL
13699,792383.5942,143060.7162,826.7397,LL
13700,792358.8421,143057.2048,826.9241,LL
13701,792334.0899,143053.6933,827.1121,LL
13702,792309.3415,143050.1558,827.2851,LL
13703,792284.5975,143046.5870,827.4677,LL
13704,792259.8535,143043.0181,827.6567,LL
13705,792235.1096,143039.4493,827.8118,LL
13706,792210.3656,143035.8805,827.9551,LL
13707,792185.6217,143032.3116,828.0796,LL
13708,792160.8776,143028.7435,828.2429,LL
13709,792136.1282,143025.2126,828.3742,LL
13710,792111.3788,143021.6818,828.4953,LL
13711,792086.6294,143018.1509,828.6428,LL
13712,792061.8866,143014.5742,828.7647,LL
13713,792037.1451,143010.9885,828.8637,LL
13714,792012.4036,143007.4027,828.9651,LL
13715,791987.6577,143003.8475,829.0740,LL
13716,791962.9099,143000.3049,829.1629,LL
13717,791938.1622,142996.7624,829.2628,LL
13718,791913.4187,142993.1901,829.3599,LL
13719,791888.6795,142989.5889,829.4779,LL
13720,791863.9402,142985.9877,829.6011,LL
13721,791839.1964,142982.4182,829.7326,LL
13722,791814.4434,142978.9127,829.8430,LL
13723,791789.6904,142975.4071,829.9444,LL
13724,791764.9387,142971.8920,830.0580,LL
13725,791740.1969,142968.3084,830.1688,LL
13726,791715.4551,142964.7248,830.2805,LL
13727,791690.7133,142961.1413,830.4065,LL
13728,791665.9714,142957.5577,830.4990,LL
13729,791641.2262,142953.9978,830.5890,LL
13730,791616.4767,142950.4678,830.6746,LL
13731,791591.7272,142946.9378,830.7827,LL
13732,791566.9776,142943.4078,830.8623,LL
13733,791542.2281,142939.8777,830.9899,LL
13734,791517.4814,142936.3282,831.0987,LL
13735,791492.7370,142932.7623,831.2443,LL
13736,791467.9926,142929.1965,831.3688,LL
13737,791443.2482,142925.6307,831.4779,LL
13738,791418.5038,142922.0648,831.6023,LL
13739,791393.7541,142918.5366,831.7097,LL
13740,791369.0032,142915.0156,831.8265,LL
13741,791344.2524,142911.4947,831.9037,LL
13742,791319.5016,142907.9737,832.0111,LL
13743,791294.7510,142904.4512,832.1473,LL
13744,791270.0082,142900.8742,832.2471,LL
13745,791245.2655,142897.2971,832.3562,LL
13746,791220.5227,142893.7201,832.4662,LL
13747,791195.7799,142890.1430,832.5722,LL
13748,791171.0372,142886.5660,832.6817,LL
13749,791146.2944,142882.9889,832.7940,LL
13750,791121.5516,142879.4119,832.9163,LL
13751,791096.8083,142875.8386,833.0266,LL
13752,791072.0583,142872.3121,833.1528,LL
13753,791047.3083,142868.7856,833.2566,LL
13754,791022.5582,142865.2590,833.3676,LL
13755,790997.8082,142861.7325,833.4457,LL
13756,790973.0605,142858.1899,833.5167,LL
13757,790948.3192,142854.6026,833.5914,LL
13758,790923.5779,142851.0153,833.6577,LL
13759,790898.8358,142847.4340,833.7424,LL
13760,790874.0864,142843.9027,833.7867,LL
13761,790849.3371,142840.3714,833.8320,LL
13762,790824.5877,142836.8402,833.8760,LL
13763,790799.8384,142833.3089,833.8837,LL
13764,790775.0927,142829.7526,833.8890,LL
13765,790750.3541,142826.1469,833.9395,LL
13766,790725.6154,142822.5412,833.9377,LL
13767,790700.8768,142818.9355,833.9453,LL
13768,790676.1382,142815.3298,833.9373,LL
13769,790651.3996,142811.7242,833.9780,LL
13770,790626.6610,142808.1185,834.0072,LL
13771,790601.9224,142804.5128,834.0145,LL
13772,790577.1793,142800.9379,833.9759,LL
13773,790552.4292,142797.4119,833.9766,LL
13774,790527.6791,142793.8860,833.9231,LL
13775,790502.9290,142790.3600,833.8300,LL
13776,790478.1789,142786.8341,833.8232,LL
13777,790453.4288,142783.3081,833.8211,LL
13778,790428.6796,142779.7760,833.7919,LL
13779,790403.9382,142776.1895,833.7492,LL
13780,790379.1968,142772.6030,833.7026,LL
13781,790354.4554,142769.0165,833.6533,LL
13782,790329.7140,142765.4299,833.5935,LL
13783,790304.9726,142761.8434,833.5152,LL
13784,790280.2312,142758.2569,833.4348,LL
13785,790255.4844,142754.7075,833.3648,LL
13786,790230.7352,142751.1757,833.3101,LL
13787,790205.9859,142747.6439,833.2358,LL
13788,790181.2366,142744.1121,833.1698,LL
13789,790156.4874,142740.5803,833.1199,LL
13790,790131.7444,142737.0046,833.0209,LL
13791,790107.0028,142733.4196,832.9518,LL
13792,790082.2611,142729.8346,832.8841,LL
13793,790057.5195,142726.2497,832.8078,LL
13794,790032.7779,142722.6647,832.7520,LL
13795,790008.0363,142719.0797,832.6795,LL
13796,789983.2946,142715.4948,832.6231,LL
13797,789958.5530,142711.9098,832.5916,LL
13798,789933.8039,142708.3768,832.5357,LL
13799,789909.0535,142704.8530,832.4920,LL
13800,789884.3031,142701.3292,832.4222,LL
13801,789859.5547,142697.7914,832.3425,LL
13802,789834.8077,142694.2435,832.2712,LL
13803,789810.0608,142690.6957,832.1917,LL
13804,789785.3138,142687.1479,832.1343,LL
13805,789760.5668,142683.6000,832.0612,LL
13806,789735.8211,142680.0430,831.9886,LL
13807,789711.0762,142676.4811,831.9308,LL
13808,789686.3312,142672.9191,831.8470,LL
13809,789661.5863,142669.3572,831.7712,LL
13810,789636.8413,142665.7953,831.7157,LL
13811,789612.0964,142662.2334,831.6296,LL
13812,789587.3514,142658.6715,831.5583,LL
13813,789562.6065,142655.1095,831.4865,LL
13814,789537.8615,142651.5476,831.4197,LL
13815,789513.1166,142647.9857,831.3552,LL
13816,789488.3716,142644.4238,831.2970,LL
13817,789463.6267,142640.8619,831.2387,LL
13818,789438.8636,142637.4289,831.1387,LL
13819,789414.0961,142634.0271,831.0929,LL
13820,789389.3286,142630.6253,830.9988,LL
13821,789364.5561,142627.2603,830.8616,LL
13822,789339.7799,142623.9228,830.7023,LL
13823,789315.0037,142620.5853,830.6017,LL
13824,789290.2275,142617.2477,830.5392,LL
13825,789265.4513,142613.9102,830.4701,LL
13826,789240.6637,142610.6584,830.3782,LL
13827,789215.8715,142607.4417,830.2608,LL
13828,789191.0793,142604.2249,830.1448,LL
13829,789166.2872,142601.0081,830.0445,LL
13830,789141.4944,142597.7960,829.9915,LL
13831,789116.6962,142594.6261,829.9181,LL
13832,789091.8979,142591.4562,829.8653,LL
13833,789067.0997,142588.2863,829.8181,LL
13834,789042.3109,142585.0438,829.7278,LL
13835,789017.5238,142581.7884,829.6304,LL
13836,788992.7366,142578.5331,829.5453,LL
13837,788967.9435,142575.3239,829.4557,LL
13838,788943.1474,142572.1370,829.3683,LL
13839,788918.3514,142568.9501,829.3028,LL
13840,788893.5597,142565.7295,829.2604,LL
13841,788868.7733,142562.4690,829.2276,LL
13842,788843.9868,142559.2085,829.1527,LL
13843,788819.2003,142555.9480,829.0712,LL
13844,788794.4138,142552.6875,828.9997,LL
13845,788769.6274,142549.4270,828.9626,LL
13846,788744.8409,142546.1665,828.9476,LL
13847,788720.0544,142542.9060,828.8887,LL
13848,788695.2680,142539.6455,828.8103,LL
13849,788670.4815,142536.3850,828.7451,LL
13850,788645.6950,142533.1245,828.6720,LL
13851,788620.9143,142529.8211,828.5881,LL
13852,788596.1523,142526.3797,828.4828,LL
13853,788571.3903,142522.9382,828.3871,LL
13854,788546.6284,142519.4968,828.3122,LL
13855,788521.8664,142516.0553,828.2026,LL
13856,788497.1232,142512.4852,828.0820,LL
13857,788472.4117,142508.6979,828.0016,LL
13858,788447.7002,142504.9106,827.9130,LL
13859,788422.9888,142501.1233,827.8355,LL
13860,788398.2773,142497.3360,827.7351,LL
13861,788373.5820,142493.4461,827.6434,LL
13862,788348.8977,142489.4854,827.5538,LL
13863,788324.2134,142485.5247,827.4529,LL
13864,788299.5292,142481.5640,827.3503,LL
13865,788274.8449,142477.6033,827.2871,LL
13866,788250.1993,142473.4107,827.2006,LL
13867,788225.5725,142469.1078,827.0939,LL
13868,788200.9766,142464.6313,826.9692,LL
13869,788176.4389,142459.8519,826.8312,LL
13870,788151.9361,142454.8906,826.7250,LL
13871,788127.5692,142449.3012,826.6063,LL
13872,788103.2452,142443.5314,826.5272,LL
13873,788078.9984,142437.4411,826.4587,LL
13874,788054.8338,142431.0344,826.3947,LL
13875,788030.7166,142424.4530,826.3275,LL
13876,788006.7178,142417.4486,826.2264,LL
13877,787982.7926,142410.2009,826.1533,LL
13878,787958.9304,142402.7448,826.0974,LL
13879,787935.1871,142394.9183,826.0067,LL
13880,787911.4947,142386.9427,825.9404,LL
13881,787887.9263,142378.6041,825.8588,LL
13882,787882.6464,142376.7361,825.8473,LL,E
13883,796700.4382,144483.0910,829.5086,LL,B
13884,796679.3780,144469.6201,829.4184,LL
13885,796658.2046,144456.3292,829.3432,LL
13886,796636.9355,144443.1904,829.2953,LL
13887,796615.6665,144430.0516,829.2321,LL
13888,796594.4294,144416.8614,829.1594,LL
13889,796573.2357,144403.6015,829.0721,LL
13890,796552.0419,144390.3416,828.9570,LL
13891,796530.8482,144377.0816,828.8551,LL
13892,796509.6545,144363.8217,828.7753,LL
13893,796488.4607,144350.5618,828.7108,LL
13894,796467.2685,144337.2995,828.6456,LL
13895,796446.0900,144324.0152,828.5523,LL
13896,796424.9115,144310.7309,828.4532,LL
13897,796403.7331,144297.4466,828.3702,LL
13898,796382.4860,144284.2724,828.2713,LL
13899,796361.2254,144271.1200,828.1803,LL
13900,796339.9648,144257.9675,828.0971,LL
13901,796318.7854,144244.6852,828.0116,LL
13902,796297.6531,144231.3276,827.8905,LL
13903,796276.5208,144217.9700,827.7667,LL
13904,796255.3450,144204.6818,827.6687,LL
13905,796234.1104,144191.4874,827.5907,LL
13906,796212.8758,144178.2931,827.4999,LL
13907,796191.6479,144165.0879,827.4005,LL
13908,796170.4443,144151.8437,827.2968,LL
13909,796149.2408,144138.5995,827.2081,LL
13910,796128.0372,144125.3553,827.1557,LL
13911,796106.8336,144112.1111,827.0648,LL
13912,796085.6301,144098.8669,826.9708,LL
13913,796064.4265,144085.6227,826.8768,LL
13914,796043.2229,144072.3785,826.7636,LL
13915,796022.0229,144059.1287,826.6757,LL
13916,796000.8334,144045.8620,826.5878,LL
13917,795979.6438,144032.5954,826.4840,LL
13918,795958.4543,144019.3287,826.3909,LL
13919,795937.2648,144006.0620,826.2940,LL
13920,795916.0594,143992.8209,826.2151,LL
13921,795894.8320,143979.6149,826.1384,LL
13922,795873.6045,143966.4090,826.0347,LL
13923,795852.3701,143953.2143,825.9487,LL
13924,795831.1147,143940.0535,825.8678,LL
13925,795809.8593,143926.8927,825.7629,LL
13926,795788.6009,143913.7368,825.6653,LL
13927,795767.2871,143900.6707,825.5685,LL
13928,795745.9733,143887.6046,825.4530,LL
13929,795724.6595,143874.5385,825.3834,LL
13930,795703.3458,143861.4724,825.3060,LL
13931,795681.9116,143848.6101,825.2113,LL
13932,795660.1812,143836.2492,825.1104,LL
13933,795638.4509,143823.8883,825.0171,LL
13934,795616.7206,143811.5273,824.9276,LL
13935,795594.9902,143799.1664,824.8096,LL
13936,795573.0545,143787.1830,824.6924,LL
13937,795550.8699,143775.6574,824.5893,LL
13938,795528.6852,143764.1317,824.4811,LL
13939,795506.5005,143752.6061,824.3795,LL
13940,795484.3159,143741.0805,824.2737,LL
13941,795461.9183,143729.9805,824.1406,LL
13942,795439.3899,143719.1421,824.0014,LL
13943,795416.8614,143708.3037,823.8331,LL
13944,795394.1963,143697.7608,823.6759,LL
13945,795371.3548,143687.5987,823.5046,LL
13946,795348.5134,143677.4366,823.3219,LL
13947,795325.6227,143667.3882,823.1443,LL
13948,795302.5892,143657.6692,822.9837,LL
13949,795279.5557,143647.9503,822.8120,LL
13950,795256.5217,143638.2326,822.6287,LL
13951,795233.1986,143629.2307,822.4007,LL
13952,795209.8755,143620.2287,822.1900,LL
13953,795186.5525,143611.2268,821.9772,LL
13954,795163.0796,143602.6259,821.7420,LL
13955,795139.5688,143594.1263,821.5112,LL
13956,795116.0580,143585.6268,821.2941,LL
13957,795092.4188,143577.4995,821.0452,LL
13958,795068.6644,143569.7068,820.7900,LL
13959,795044.9099,143561.9141,820.5205,LL
13960,795021.1151,143554.2499,820.2663,LL
13961,794997.1737,143547.0520,819.9696,LL
13962,794973.2324,143539.8540,819.6668,LL
13963,794949.2842,143532.6793,819.3878,LL
13964,794925.2294,143525.8699,819.0533,LL
13965,794901.1408,143519.1830,818.7543,LL
13966,794877.0061,143512.6625,818.4470,LL
13967,794852.8714,143506.1419,818.1770,LL
13968,794828.7091,143499.7283,817.9042,LL
13969,794804.4408,143493.7241,817.5999,LL
13970,794780.1152,143487.9597,817.3079,LL
13971,794755.7540,143482.3447,817.0237,LL
13972,794731.2705,143477.2892,816.7068,LL
13973,794706.7576,143472.3810,816.3523,LL
13974,794682.2089,143467.6521,815.9304,LL
13975,794657.6602,143462.9232,815.5467,LL
13976,794633.0884,143458.3223,815.1763,LL
13977,794608.4384,143454.1534,814.7727,LL
13978,794583.7696,143450.0988,814.3898,LL
13979,794559.0893,143446.1137,814.0611,LL
13980,794534.3891,143442.2533,813.7048,LL
13981,794509.6889,143438.3934,813.3447,LL
13982,794484.9886,143434.5336,812.9850,LL
13983,794460.2556,143430.8917,812.6083,LL
13984,794435.5134,143427.3110,812.2583,LL
13985,794410.7711,143423.7303,811.9066,LL
13986,794386.0248,143420.1783,811.5636,LL
13987,794361.2753,143416.6478,811.2166,LL
13988,794336.5258,143413.1174,810.8671,LL
13989,794311.7832,143409.5403,810.5487,LL
13990,794287.0532,143405.8754,810.2092,LL
13991,794262.2914,143402.4345,809.8268,LL
13992,794237.5227,143399.0420,809.4883,LL
13993,794212.7711,143395.5264,809.2286,LL
13994,794188.0201,143392.0065,808.9780,LL
13995,794163.2691,143388.4866,808.7135,LL
13996,794138.5182,143384.9667,808.4830,LL
13997,794113.7672,143381.4469,808.2804,LL
13998,794089.0162,143377.9270,808.1857,LL
13999,794064.2728,143374.3548,808.2019,LL
14000,794039.5338,143370.7519,808.1361,LL
14001,794014.7948,143367.1491,808.0247,LL
14002,793990.0528,143363.5661,807.9022,LL
14003,793965.3070,143360.0101,807.8848,LL
14004,793940.5612,143356.4541,807.9090,LL
14005,793915.8154,143352.8981,807.9646,LL
14006,793891.0696,143349.3421,807.9925,LL
14007,793866.3238,143345.7861,808.0696,LL
14008,793841.5780,143342.2300,808.1837,LL
14009,793816.8322,143338.6740,808.3787,LL
14010,793792.0864,143335.1180,808.5685,LL
14011,793767.3406,143331.5620,808.6964,LL
14012,793742.5948,143328.0060,808.8241,LL
14013,793717.8490,143324.4500,808.9684,LL
14014,793693.1032,143320.8940,809.1484,LL
14015,793668.3574,143317.3379,809.3641,LL
14016,793643.6116,143313.7819,809.6005,LL
14017,793618.8658,143310.2259,809.8679,LL
14018,793594.1200,143306.6699,810.1613,LL
14019,793569.3742,143303.1139,810.4597,LL
14020,793544.6284,143299.5579,810.7462,LL
14021,793519.8759,143296.0492,811.0456,LL
14022,793495.1186,143292.5740,811.3681,LL
14023,793470.3613,143289.0989,811.7066,LL
14024,793445.6107,143285.5766,812.0776,LL
14025,793420.8690,143281.9923,812.4608,LL
14026,793396.1273,143278.4080,812.8263,LL
14027,793371.3837,143274.8368,813.2094,LL
14028,793346.6347,143271.3032,813.6186,LL
14029,793321.8856,143267.7697,813.9953,LL
14030,793297.1366,143264.2362,814.3757,LL
14031,793272.3876,143260.7027,814.7595,LL
14032,793247.6386,143257.1691,815.1456,LL
14033,793222.8895,143253.6356,815.5207,LL
14034,793198.1405,143250.1021,815.8785,LL
14035,793173.3915,143246.5686,816.2535,LL
14036,793148.6425,143243.0350,816.6455,LL
14037,793123.8934,143239.5015,817.0318,LL
14038,793099.1444,143235.9680,817.4348,LL
14039,793074.3954,143232.4345,817.8381,LL
14040,793049.6444,143228.9149,818.2184,LL
14041,793024.8903,143225.4167,818.5953,LL
14042,793000.1363,143221.9185,818.9866,LL
14043,792975.3852,143218.3997,819.3742,LL
14044,792950.6452,143214.8036,819.7464,LL
14045,792925.9052,143211.2075,820.1194,LL
14046,792901.1652,143207.6114,820.5009,LL
14047,792876.4205,143204.0477,820.8473,LL
14048,792851.6756,143200.4849,821.1929,LL
14049,792826.9308,143196.9221,821.5446,LL
14050,792802.1860,143193.3593,821.8814,LL
14051,792777.4412,143189.7965,822.2249,LL
14052,792752.6963,143186.2337,822.5386,LL
14053,792727.9515,143182.6709,822.8688,LL
14054,792703.2067,143179.1081,823.1708,LL
14055,792678.4619,143175.5452,823.4605,LL
14056,792653.7144,143172.0009,823.7563,LL
14057,792628.9629,143168.4846,824.0374,LL
14058,792604.2115,143164.9682,824.3077,LL
14059,792579.4600,143161.4519,824.5674,LL
14060,792554.7085,143157.9356,824.8331,LL
14061,792529.9570,143154.4193,825.0879,LL
14062,792505.2056,143150.9029,825.3741,LL
14063,792480.4660,143147.3038,825.6729,LL
14064,792455.7266,143143.7036,825.9547,LL
14065,792430.9872,143140.1034,826.2118,LL
14066,792406.2478,143136.5032,826.4152,LL
14067,792381.5083,143132.9031,826.6035,LL
14068,792356.7689,143129.3029,826.7690,LL
14069,792332.0295,143125.7027,826.9296,LL
14070,792307.2901,143122.1025,827.1143,LL
14071,792282.5507,143118.5024,827.2736,LL
14072,792257.8113,143114.9022,827.4354,LL
14073,792233.0718,143111.3020,827.5928,LL
14074,792208.3324,143107.7019,827.7485,LL
14075,792183.5910,143104.1159,827.9221,LL
14076,792158.8379,143100.6108,828.0689,LL
14077,792134.0848,143097.1058,828.2068,LL
14078,792109.3317,143093.6007,828.3349,LL
14079,792084.5787,143090.0956,828.4529,LL
14080,792059.8256,143086.5906,828.5558,LL
14081,792035.0725,143083.0855,828.6578,LL
14082,792010.3195,143079.5805,828.7389,LL
14083,791985.5671,143076.0704,828.8468,LL
14084,791960.8212,143072.5152,828.9542,LL
14085,791936.0753,143068.9600,829.0675,LL
14086,791911.3293,143065.4048,829.1999,LL
14087,791886.5800,143061.8736,829.3278,LL
14088,791861.8306,143058.3429,829.4372,LL
14089,791837.0811,143054.8123,829.5489,LL
14090,791812.3317,143051.2817,829.6598,LL
14091,791787.5822,143047.7511,829.7687,LL
14092,791762.8328,143044.2205,829.8676,LL
14093,791738.0834,143040.6898,829.9835,LL
14094,791713.3339,143037.1592,830.0936,LL
14095,791688.5937,143033.5644,830.1687,LL
14096,791663.8544,143029.9635,830.2502,LL
14097,791639.1151,143026.3626,830.3395,LL
14098,791614.3758,143022.7618,830.4326,LL
14099,791589.6358,143019.1652,830.5413,LL
14100,791564.8895,143015.6128,830.6470,LL
14101,791540.1432,143012.0604,830.7608,LL
14102,791515.3969,143008.5080,830.9066,LL
14103,791490.6506,143004.9556,831.0264,LL
14104,791465.9063,143001.3890,831.1548,LL
14105,791441.1669,142997.7887,831.2766,LL
14106,791416.4275,142994.1884,831.3896,LL
14107,791391.6881,142990.5881,831.5039,LL
14108,791366.9487,142986.9878,831.6091,LL
14109,791342.2011,142983.4450,831.7346,LL
14110,791317.4438,142979.9699,831.8396,LL
14111,791292.6865,142976.4948,831.9461,LL
14112,791267.9292,142973.0197,832.0708,LL
14113,791243.1719,142969.5445,832.1839,LL
14114,791218.4296,142965.9651,832.2972,LL
14115,791193.6925,142962.3487,832.4031,LL
14116,791168.9555,142958.7324,832.4923,LL
14117,791144.2184,142955.1161,832.6082,LL
14118,791119.4813,142951.4997,832.7255,LL
14119,791094.7313,142947.9734,832.8438,LL
14120,791069.9791,142944.4623,832.9697,LL
14121,791045.2269,142940.9512,833.0768,LL
14122,791020.4747,142937.4401,833.1650,LL
14123,790995.7224,142933.9290,833.2568,LL
14124,790970.9702,142930.4179,833.3440,LL
14125,790946.2180,142926.9068,833.4336,LL
14126,790921.4658,142923.3957,833.5181,LL
14127,790896.7136,142919.8846,833.5723,LL
14128,790871.9614,142916.3735,833.6197,LL
14129,790847.2091,142912.8624,833.6623,LL
14130,790822.4569,142909.3513,833.7035,LL
14131,790797.7050,142905.8381,833.7570,LL
14132,790772.9664,142902.2324,833.7781,LL
14133,790748.2278,142898.6267,833.7906,LL
14134,790723.4892,142895.0210,833.7813,LL
14135,790698.7386,142891.4988,833.7660,LL
14136,790673.9853,142887.9953,833.7939,LL
14137,790649.2320,142884.4918,833.8066,LL
14138,790624.4787,142880.9883,833.8192,LL
14139,790599.7256,142877.4838,833.8238,LL
14140,790574.9774,142873.9444,833.8074,LL
14141,790550.2292,142870.4050,833.7932,LL
14142,790525.4810,142866.8656,833.7782,LL
14143,790500.7328,142863.3262,833.7341,LL
14144,790475.9855,142859.7811,833.7309,LL
14145,790451.2429,142856.2024,833.6780,LL
14146,790426.5004,142852.6238,833.6154,LL
14147,790401.7578,142849.0451,833.5683,LL
14148,790377.0153,142845.4665,833.5135,LL
14149,790359.0904,142842.8739,833.4710,LL,E
14150,794080.5387,143388.7043,808.0202,LL,B
14151,794055.7752,143385.2763,808.1109,LL
14152,794031.0219,143381.7732,808.1186,LL
14153,794006.2616,143378.3197,808.0750,LL
14154,793981.5104,143374.8023,808.0372,LL
14155,793956.7657,143371.2387,808.0348,LL
14156,793932.0372,143367.5647,808.0282,LL
14157,793907.3108,143363.8768,808.0699,LL
14158,793882.5764,143360.2426,808.1410,LL
14159,793857.8337,143356.6678,808.2711,LL
14160,793833.0925,143353.0826,808.3934,LL
14161,793808.3385,143349.5874,808.5399,LL
14162,793783.5789,143346.1327,808.6866,LL
14163,793758.8129,143342.7225,808.8036,LL
14164,793734.0574,143339.2384,808.9463,LL
14165,793709.3037,143335.7421,809.1387,LL
14166,793684.5469,143332.2670,809.3056,LL
14167,793659.7868,143328.8191,809.5311,LL
14168,793635.0398,143325.2788,809.7123,LL
14169,793610.2882,143321.7746,810.0109,LL
14170,793585.5420,143318.2348,810.2990,LL
14171,793560.7995,143314.6697,810.6112,LL
14172,793536.0443,143311.1933,810.9241,LL
14173,793511.2953,143307.6744,811.2301,LL
14174,793486.5372,143304.2236,811.5702,LL
14175,793461.7839,143300.7392,811.9384,LL
14176,793437.0531,143297.1002,812.2900,LL
14177,793412.3333,143293.3859,812.6651,LL
14178,793387.5991,143289.7703,813.0389,LL
14179,793362.8384,143286.3563,813.4466,LL
14180,793338.1040,143282.7455,813.8637,LL
14181,793313.3764,143279.0851,814.2377,LL
14182,793288.6405,143275.4806,814.6058,LL
14183,793263.8901,143271.9784,814.9901,LL
14184,793239.1475,143268.4197,815.3739,LL
14185,793214.4017,143264.8853,815.7415,LL
14186,793189.6540,143261.3631,816.1117,LL
14187,793164.9117,143257.8018,816.4780,LL
14188,793140.1674,143254.2548,816.8645,LL
14189,793115.4285,143250.6743,817.2516,LL
14190,793090.6853,143247.1227,817.6515,LL
14191,793065.9440,143243.5578,818.0512,LL
14192,793041.1982,143240.0215,818.4286,LL
14193,793016.4529,143236.4811,818.8050,LL
14194,792991.7241,143232.8276,819.1686,LL
14195,792966.9928,143229.1925,819.5457,LL
14196,792942.2493,143225.6420,819.9457,LL
14197,792917.5037,143222.1050,820.3258,LL
14198,792892.7471,143218.6465,820.6936,LL
14199,792868.0007,143215.1109,821.0349,LL
14200,792843.2616,143211.5263,821.3715,LL
14201,792818.5251,143207.9234,821.7285,LL
14202,792793.7714,143204.4409,822.0799,LL
14203,792769.0237,143200.9146,822.4186,LL
14204,792744.2835,143197.3346,822.7507,LL
14205,792719.5417,143193.7652,823.0437,LL
14206,792694.7937,143190.2371,823.3357,LL
14207,792670.0473,143186.6985,823.6415,LL
14208,792645.2994,143183.1703,823.9340,LL
14209,792620.5480,143179.6675,824.2272,LL
14210,792595.8000,143176.1379,824.4942,LL
14211,792571.0643,143172.5241,824.7533,LL
14212,792546.3176,143168.9842,825.0264,LL
14213,792521.5795,143165.3844,825.2650,LL
14214,792496.8259,143161.8966,825.5616,LL
14215,792472.0739,143158.3980,825.8677,LL
14216,792447.3332,143154.8172,826.1416,LL
14217,792422.6020,143151.1700,826.3977,LL
14218,792397.8679,143147.5392,826.6046,LL
14219,792373.1264,143143.9581,826.7760,LL
14220,792348.3748,143140.4467,826.9433,LL
14221,792323.6331,143136.8659,827.1088,LL
14222,792298.8909,143133.2891,827.2800,LL
14223,792274.1494,143129.7068,827.4442,LL
14224,792249.4051,143126.1443,827.6111,LL
14225,792224.6587,143122.5968,827.7832,LL
14226,792199.9025,143119.1187,827.9533,LL
14227,792175.1775,143115.4393,828.1285,LL
14228,792150.4058,143112.0722,828.2868,LL
14229,792125.6636,143108.4939,828.4184,LL
14230,792100.9201,143104.9233,828.5176,LL
14231,792076.1819,143101.3166,828.6294,LL
14232,792051.4358,143097.7645,828.7346,LL
14233,792026.6831,143094.2578,828.8399,LL
14234,792001.9349,143090.7207,828.9305,LL
14235,791977.1910,143087.1526,829.0215,LL
14236,791952.4495,143083.5680,829.1326,LL
14237,791927.6976,143080.0573,829.2457,LL
14238,791902.9588,143076.4597,829.3678,LL
14239,791878.2070,143072.9477,829.4925,LL
14240,791853.4588,143069.4105,829.6172,LL
14241,791828.7102,143065.8765,829.7313,LL
14242,791803.9525,143062.4056,829.8320,LL
14243,791779.2054,143058.8605,829.9343,LL
14244,791754.4564,143055.3286,830.0482,LL
14245,791729.7080,143051.7924,830.1484,LL
14246,791704.9623,143048.2375,830.2541,LL
14247,791680.2316,143044.5791,830.3277,LL
14248,791655.4916,143040.9841,830.4095,LL
14249,791630.7459,143037.4285,830.5079,LL
14250,791606.0009,143033.8686,830.6096,LL
14251,791581.2550,143030.3147,830.7219,LL
14252,791556.5060,143026.7832,830.8316,LL
14253,791531.7638,143023.2041,830.9502,LL
14254,791507.0170,143019.6577,831.0811,LL
14255,791482.2778,143016.0584,831.1997,LL
14256,791457.5455,143012.4126,831.3247,LL
14257,791432.8069,143008.8108,831.4492,LL
14258,791408.0642,143005.2387,831.5928,LL
14259,791383.3147,143001.7120,831.7128,LL
14260,791358.5603,142998.2175,831.8165,LL
14261,791333.8077,142994.7113,831.9273,LL
14262,791309.0520,142991.2265,832.0413,LL
14263,791284.3067,142987.6682,832.1495,LL
14264,791259.5849,142983.9615,832.2518,LL
14265,791234.8217,142980.5309,832.3741,LL
14266,791210.0769,142976.9712,832.4755,LL
14267,791185.3374,142973.3762,832.5845,LL
14268,791160.5943,142969.8026,832.6878,LL
14269,791135.8514,142966.2288,832.7911,LL
14270,791111.0977,142962.7299,832.9235,LL
14271,791086.3595,142959.1242,833.0428,LL
14272,791061.6013,142955.6631,833.1668,LL
14273,791036.8527,142952.1277,833.2708,LL
14274,791012.1044,142948.5913,833.3633,LL
14275,790987.3608,142945.0226,833.4510,LL
14276,790962.6209,142941.4271,833.5403,LL
14277,790937.8740,142937.8803,833.6271,LL
14278,790913.1174,142934.4013,833.7061,LL
14279,790888.3600,142930.9278,833.7525,LL
14280,790863.6109,142927.3965,833.7998,LL
14281,790838.8825,142923.7220,833.8376,LL
14282,790814.1095,142920.3667,833.8691,LL
14283,790789.3679,142916.7836,833.9230,LL
14284,790764.6148,142913.2790,833.9497,LL
14285,790739.8796,142909.6560,833.9417,LL
14286,790715.1215,142906.1869,833.9501,LL
14287,790690.3716,142902.6600,833.9403,LL
14288,790665.6341,142899.0496,833.9449,LL
14289,790640.8774,142895.5699,833.9586,LL
14290,790616.1267,142892.0481,833.9433,LL
14291,790591.3796,142888.5018,833.9485,LL
14292,790566.6382,142884.9150,833.9334,LL
14293,790541.8925,142881.3588,833.9233,LL
14294,790517.1400,142877.8494,833.9038,LL
14295,790492.3933,142874.3001,833.8771,LL
14296,790467.6399,142870.7983,833.8970,LL
14297,790442.8944,142867.2407,833.8433,LL
14298,790418.1415,142863.7346,833.7738,LL
14299,790393.3847,142860.2568,833.7369,LL
14300,790368.6359,142856.7223,833.6745,LL
14301,790343.8864,142853.1925,833.6018,LL
14302,790319.1411,142849.6338,833.5415,LL
14303,790294.4017,142846.0343,833.4578,LL
14304,790269.6585,142842.4614,833.4043,LL
14305,790244.9140,142838.8969,833.3279,LL
14306,790220.1738,142835.3026,833.2619,LL
14307,790195.4348,142831.7002,833.2146,LL
14308,790170.7081,142828.0146,833.1364,LL
14309,790145.9705,142824.4024,833.0731,LL
14310,790121.2312,142820.8024,833.0098,LL
14311,790096.4742,142817.3263,832.9330,LL
14312,790071.7201,142813.8297,832.8735,LL
14313,790046.9687,142810.3127,832.8253,LL
14314,790022.2138,142806.8227,832.7608,LL
14315,789997.4595,142803.3281,832.6916,LL
14316,789972.7221,142799.7150,832.6119,LL
14317,789947.9795,142796.1379,832.5620,LL
14318,789923.2422,142792.5240,832.4920,LL
14319,789898.4945,142788.9814,832.4237,LL
14320,789873.7507,142785.4129,832.3596,LL
14321,789848.9939,142781.9348,832.2997,LL
14322,789824.2471,142778.3872,832.2261,LL
14323,789799.4996,142774.8443,832.1370,LL
14324,789774.7596,142771.2486,832.0744,LL
14325,789750.0234,142767.6270,832.0265,LL
14326,789725.2831,142764.0333,831.9549,LL
14327,789700.5278,142760.5448,831.8857,LL
14328,789675.7735,142757.0503,831.8125,LL
14329,789651.0388,142753.4182,831.7460,LL
14330,789626.3108,142749.7430,831.6754,LL
14331,789601.5697,142746.1547,831.6271,LL
14332,789576.8336,142742.5327,831.5738,LL
14333,789552.0884,142738.9735,831.5167,LL
14334,789527.3344,142735.4758,831.4508,LL
14335,789502.5918,142731.8986,831.3654,LL
14336,789477.8551,142728.2805,831.2900,LL
14337,789453.1137,142724.6952,831.2220,LL
14338,789428.3666,142721.1487,831.1538,LL
14339,789403.6287,142717.5394,831.1001,LL
14340,789378.9149,142713.7689,831.0057,LL
14341,789354.1931,142710.0515,830.8894,LL
14342,789329.4618,142706.3985,830.7889,LL
14343,789304.7070,142702.9062,830.7317,LL
14344,789279.9578,142699.3752,830.6609,LL
14345,789255.2051,142695.8678,830.6028,LL
14346,789230.4571,142692.3286,830.5385,LL
14347,789205.7159,142688.7416,830.4459,LL
14348,789180.9756,142685.1493,830.3264,LL
14349,789156.2335,142681.5700,830.1997,LL
14350,789131.4917,142677.9871,830.1290,LL
14351,789106.7565,142674.3585,830.0532,LL
14352,789082.0127,142670.7896,829.9909,LL
14353,789057.2595,142667.2862,829.9431,LL
14354,789032.5082,142663.7693,829.8829,LL
14355,789007.7525,142660.2836,829.8053,LL
14356,788982.9953,142656.8083,829.7297,LL
14357,788958.2348,142653.3574,829.6630,LL
14358,788933.4713,142649.9272,829.5881,LL
14359,788908.7269,142646.3622,829.5199,LL
14360,788883.9905,142642.7422,829.4452,LL
14361,788859.2622,142639.0668,829.4285,LL
14362,788834.5188,142635.4945,829.4106,LL
14363,788809.7592,142632.0391,829.3815,LL
14364,788785.0191,142628.4441,829.3305,LL
14365,788760.2740,142624.8847,829.2837,LL
14366,788735.5135,142621.4340,829.2201,LL
14367,788710.7585,142617.9428,829.1579,LL
14368,788685.9972,142614.4986,829.1563,LL
14369,788661.2502,142610.9509,829.1611,LL
14370,788636.5028,142607.4057,829.1331,LL
14371,788611.7499,142603.9002,829.1364,LL
14372,788586.9992,142600.3780,829.1553,LL
14373,788562.2295,142596.9930,829.1733,LL
14374,788537.4815,142593.4608,829.1961,LL
14375,788512.7047,142590.1276,829.2255,LL
14376,788487.9405,142586.7026,829.2431,LL
14377,788463.1833,142583.2275,829.2675,LL
14378,788438.4167,142579.8193,829.2716,LL
14379,788413.6516,142576.4004,829.2987,LL
14380,788388.8913,142572.9474,829.3348,LL
14381,788364.1202,142569.5739,829.3752,LL
14382,788339.3553,142566.1550,829.4113,LL
14383,788314.5904,142562.7346,829.4469,LL
14384,788289.8695,142559.0101,829.4663,LL
14385,788265.1476,142555.2914,829.4847,LL
14386,788240.4926,142551.1527,829.4785,LL
14387,788215.8691,142546.8357,829.4724,LL
14388,788191.2970,142542.2310,829.4711,LL
14389,788166.8198,142537.1454,829.4498,LL
14390,788142.3706,142531.9287,829.4440,LL
14391,788117.9831,142526.4287,829.4192,LL
14392,788093.6546,142520.6749,829.3688,LL
14393,788069.3559,142514.7957,829.3138,LL
14394,788045.1437,142508.5696,829.2444,LL
14395,788020.9800,142502.1596,829.1868,LL
14396,787996.8696,142495.5506,829.1469,LL
14397,787972.8631,142488.5731,829.0863,LL
14398,787948.9007,142481.4477,829.0296,LL
14399,787925.0330,142474.0094,828.9617,LL
14400,787901.2919,142466.1819,828.8950,LL
14401,787877.6452,142458.0684,828.8567,LL
14402,787854.0767,142449.7305,828.7925,LL
14403,787830.4601,142441.5380,828.7579,LL
14404,787806.9357,142433.0763,828.7224,LL
14405,787783.4258,142424.5812,828.6999,LL
14406,787760.0850,142415.6298,828.6747,LL
14407,787736.8108,142406.5025,828.6353,LL
14408,787713.5911,142397.2401,828.5632,LL
14409,787690.4745,142387.7214,828.4922,LL
14410,787667.5851,142377.6686,828.4295,LL
14411,787644.9140,142367.1374,828.3766,LL
14412,787622.3029,142356.4727,828.3587,LL
14413,787599.9236,142345.3327,828.2997,LL
14414,787577.6256,142334.0283,828.2400,LL
14415,787555.4349,142322.5145,828.1752,LL
14416,787533.3086,142310.8792,828.1297,LL
14417,787511.3059,142299.0108,828.0889,LL
14418,787489.5515,142286.6924,828.0153,LL
14419,787467.9074,142274.1828,827.9655,LL
14420,787446.3919,142261.4517,827.9179,LL
14421,787424.9294,142248.6319,827.8835,LL
14422,787403.5639,142235.6515,827.8333,LL
14423,787382.3928,142222.3556,827.7822,LL
14424,787361.3953,142208.7883,827.7481,LL
14425,787340.5429,142194.9994,827.7299,LL
14426,787319.7934,142181.0548,827.6968,LL
14427,787299.1860,142166.9026,827.6715,LL
14428,787278.7497,142152.5029,827.6648,LL
14429,787258.5232,142137.8100,827.6524,LL
14430,787238.3850,142122.9966,827.6534,LL
14431,787218.4206,142107.9492,827.6676,LL
14432,787198.6193,142092.6887,827.6828,LL
14433,787178.9383,142077.2735,827.6798,LL
14434,787159.5624,142061.4755,827.6527,LL
14435,787140.3208,142045.5153,827.6753,LL
14436,787121.1993,142029.4105,827.7295,LL
14437,787102.3081,142013.0368,827.7677,LL
14438,787083.5249,141996.5388,827.7998,LL
14439,787064.7850,141979.9915,827.8382,LL
14440,787046.2964,141963.1648,827.8757,LL
14441,787027.9850,141946.1471,827.9448,LL
14442,787009.8871,141928.9011,828.0089,LL
14443,786991.9917,141911.4474,828.0928,LL
14444,786974.2370,141893.8472,828.1628,LL
14445,786956.8434,141875.8904,828.1953,LL
14446,786939.6100,141857.7805,828.2438,LL
14447,786922.6089,141839.4513,828.2921,LL
14448,786905.7503,141820.9915,828.3368,LL
14449,786889.0054,141802.4279,828.4018,LL
14450,786872.4117,141783.7292,828.4732,LL
14451,786855.9329,141764.9302,828.5694,LL
14452,786839.7053,141745.9129,828.6388,LL
14453,786823.9398,141726.5114,828.6762,LL
14454,786808.2724,141707.0301,828.7333,LL
14455,786792.8451,141687.3579,828.7643,LL
14456,786777.4939,141667.6285,828.8213,LL
14457,786762.3964,141647.7022,828.8967,LL
14458,786747.5768,141627.5683,828.9366,LL
14459,786732.9051,141607.3270,828.9739,LL
14460,786718.4642,141586.9197,828.9955,LL
14461,786704.2906,141566.3262,828.9775,LL
14462,786690.1992,141545.6760,828.9539,LL
14463,786676.5305,141524.7437,828.9077,LL
14464,786663.0318,141503.7020,828.8581,LL
14465,786649.7166,141482.5430,828.8315,LL
14466,786636.6385,141461.2366,828.8088,LL
14467,786623.7366,141439.8240,828.7845,LL
14468,786611.0833,141418.2627,828.7656,LL
14469,786598.6662,141396.5650,828.7588,LL
14470,786586.3766,141374.7942,828.7686,LL
14471,786574.1835,141352.9693,828.7813,LL
14472,786562.0246,141331.1257,828.8019,LL
14473,786550.0194,141309.1970,828.8103,LL
14474,786538.3245,141287.1011,828.7715,LL
14475,786526.5825,141265.0303,828.7391,LL
14476,786514.8921,141242.9321,828.7184,LL
14477,786503.0403,141220.9208,828.6757,LL
14478,786491.2880,141198.8554,828.6451,LL
14479,786479.5688,141176.7724,828.6206,LL
14480,786467.7909,141154.7207,828.5836,LL
14481,786455.9169,141132.7206,828.5781,LL
14482,786444.0370,141110.7237,828.5364,LL
14483,786432.0675,141088.7759,828.4945,LL
14484,786419.9921,141066.8856,828.5020,LL
14485,786407.7325,141045.0982,828.5159,LL
14486,786395.4526,141023.3220,828.5164,LL
14487,786383.1407,141001.5639,828.5144,LL
14488,786370.8056,140979.8189,828.5472,LL
14489,786358.5076,140958.0529,828.5598,LL
14490,786346.2559,140936.2608,828.5485,LL
14491,786334.0121,140914.4644,828.5925,LL
14492,786321.6678,140892.7247,828.6599,LL
14493,786309.3204,140870.9868,828.7382,LL
14494,786296.9556,140849.2588,828.8146,LL
14495,786284.5896,140827.5314,828.8804,LL
14496,786272.2344,140805.7980,828.9561,LL
14497,786259.9106,140784.0468,829.0638,LL
14498,786247.6460,140762.2622,829.1387,LL
14499,786235.3310,140740.5061,829.2343,LL
14500,786222.9953,140718.7616,829.3237,LL
14501,786210.6342,140697.0315,829.4049,LL
14502,786198.2370,140675.3220,829.4653,LL
14503,786185.8784,140653.5905,829.4993,LL
14504,786173.5492,140631.8421,829.5436,LL
14505,786161.2196,140610.0941,829.5947,LL
14506,786148.9506,140588.3119,829.6256,LL
14507,786136.6592,140566.5423,829.6774,LL
14508,786124.4656,140544.7177,829.7389,LL
14509,786112.2457,140522.9078,829.7766,LL
14510,786100.0364,140501.0920,829.7872,LL
14511,786087.7609,140479.3132,829.7874,LL
14512,786075.5171,140457.5167,829.8019,LL
14513,786063.3067,140435.7015,829.8276,LL
14514,786051.0913,140413.8891,829.8250,LL
14515,786038.8941,140392.0665,829.8172,LL
14516,786026.6969,140370.2438,829.8346,LL
14517,786014.4399,140348.4555,829.8812,LL
14518,786002.2921,140326.6055,829.9373,LL
14519,785990.0354,140304.8162,829.9691,LL
14520,785977.7928,140283.0191,829.9961,LL
14521,785965.4931,140261.2540,830.0315,LL
14522,785953.0796,140239.5538,830.0392,LL
14523,785940.7585,140217.8014,829.9838,LL
14524,785928.4342,140196.0504,829.9196,LL
14525,785916.1564,140174.2733,829.8635,LL
14526,785903.9929,140152.4319,829.8225,LL
14527,785891.8163,140130.5978,829.7775,LL
14528,785879.6335,140108.7671,829.7426,LL
14529,785867.5028,140086.9075,829.7026,LL
14530,785855.3119,140065.0814,829.6483,LL
14531,785843.0791,140043.2788,829.5966,LL
14532,785830.7805,140021.5132,829.5335,LL
14533,785818.4863,139999.7452,829.4715,LL
14534,785806.2467,139977.9463,829.4230,LL
14535,785793.9690,139956.1690,829.3653,LL
14536,785781.6922,139934.3911,829.3086,LL
14537,785769.4777,139912.5782,829.2463,LL
14538,785757.3529,139890.7155,829.1927,LL
14539,785745.2779,139868.8250,829.1402,LL
14540,785733.0944,139846.9948,829.0789,LL
14541,785720.9993,139825.1159,829.0391,LL
14542,785708.8204,139803.2831,828.9897,LL
14543,785696.6701,139781.4344,828.9376,LL
14544,785684.5587,139759.5641,828.8840,LL
14545,785672.4590,139737.6874,828.8124,LL
14546,785660.3782,139715.8001,828.7635,LL
14547,785648.2522,139693.9379,828.7153,LL
14548,785636.1591,139672.0575,828.6683,LL
14549,785624.0373,139650.1930,828.6067,LL
14550,785611.8939,139628.3404,828.5309,LL
14551,785599.8117,139606.4541,828.4797,LL
14552,785587.6943,139584.5871,828.4255,LL
14553,785575.6071,139562.7034,828.3490,LL
14554,785563.5137,139540.8232,828.2959,LL
14555,785551.4877,139518.9058,828.2489,LL
14556,785539.2941,139497.0814,828.1958,LL
14557,785527.0875,139475.2640,828.1504,LL
14558,785514.9144,139453.4280,828.0990,LL
14559,785502.8680,139431.5222,828.0419,LL
14560,785490.8431,139409.6042,827.9832,LL
14561,785478.7419,139387.7284,827.9178,LL
14562,785466.6599,139365.8419,827.8483,LL
14563,785454.6252,139343.9292,827.7980,LL
14564,785442.4815,139322.0769,827.7705,LL
14565,785430.2706,139300.2620,827.7226,LL
14566,785418.0798,139278.4359,827.6628,LL
14567,785405.9627,139256.5688,827.6110,LL
14568,785393.8528,139234.6977,827.5541,LL
14569,785381.9230,139212.7280,827.4894,LL
14570,785369.9305,139190.7925,827.4243,LL
14571,785357.9183,139168.8678,827.2946,LL
14572,785345.8779,139146.9586,827.1853,LL
14573,785333.8347,139125.0507,827.1219,LL
14574,785321.8564,139103.1075,826.9941,LL
14575,785309.8400,139081.1851,826.8825,LL
14576,785297.7250,139059.3168,826.7987,LL
14577,785285.6194,139037.4434,826.7221,LL
14578,785273.4746,139015.5916,826.6717,LL
14579,785261.2467,138993.7863,826.5838,LL
14580,785249.0382,138971.9701,826.5153,LL
14581,785236.8398,138950.1483,826.4514,LL
14582,785224.8231,138928.2259,826.3646,LL
14583,785212.8744,138906.2664,826.3309,LL
14584,785200.8313,138884.3583,826.2906,LL
14585,785188.5196,138862.6024,826.2578,LL
14586,785176.2863,138840.8002,826.2345,LL
14587,785164.0158,138819.0188,826.2049,LL
14588,785151.8346,138797.1873,826.1808,LL
14589,785139.6680,138775.3476,826.1604,LL
14590,785127.4879,138753.5155,826.1297,LL
14591,785115.2806,138731.6986,826.1469,LL
14592,785103.0607,138709.8887,826.1633,LL
14593,785090.7697,138688.1188,826.1846,LL
14594,785078.4187,138666.3829,826.2076,LL
14595,785066.1489,138644.6012,826.2002,LL
14596,785053.8726,138622.8230,826.1491,LL
14597,785041.5288,138601.0830,826.0972,LL
14598,785029.1402,138579.3688,826.0493,LL
14599,785016.7919,138557.6314,826.0224,LL
14600,785004.4812,138535.8726,825.9745,LL
14601,784992.2102,138514.0915,825.9142,LL
14602,784979.9277,138492.3169,825.8562,LL
14603,784967.7004,138470.5115,825.7819,LL
14604,784955.4881,138448.6977,825.7160,LL
14605,784943.0766,138426.9963,825.6420,LL
14606,784930.9132,138405.1559,825.5856,LL
14607,784918.4274,138383.4990,825.5374,LL
14608,784906.1564,138361.7178,825.4740,LL
14609,784893.9350,138339.9088,825.4207,LL
14610,784881.6876,138318.1149,825.3485,LL
14611,784869.4062,138296.3401,825.2734,LL
14612,784857.0976,138274.5807,825.2259,LL
14613,784844.8795,138252.7698,825.1729,LL
14614,784832.5786,138231.0057,825.1234,LL
14615,784820.2815,138209.2393,825.0706,LL
14616,784808.0725,138187.4234,825.0028,LL
14617,784795.7770,138165.6563,824.9247,LL
14618,784783.4589,138143.9017,824.8599,LL
14619,784771.1825,138122.1236,824.8148,LL
14620,784758.9440,138100.3242,824.7775,LL
14621,784746.6719,138078.5436,824.7284,LL
14622,784734.4021,138056.7617,824.6675,LL
14623,784722.1569,138034.9661,824.6404,LL
14624,784709.9102,138013.1712,824.6046,LL
14625,784697.5056,137991.4667,824.5526,LL
14626,784685.2121,137969.6983,824.5057,LL
14627,784672.9733,137947.8990,824.4428,LL
14628,784660.7385,137926.0976,824.3819,LL
14629,784648.4755,137904.3119,824.3188,LL
14630,784636.1743,137882.5478,824.2616,LL
14631,784623.9054,137860.7655,824.1979,LL
14632,784611.6591,137838.9705,824.1457,LL
14633,784599.4925,137817.1312,824.0899,LL
14634,784587.2956,137795.3084,824.0481,LL
14635,784575.0965,137773.4869,823.9925,LL
14636,784562.8311,137751.7027,823.9477,LL
14637,784550.5175,137729.9456,823.8806,LL
14638,784538.1965,137708.1928,823.8171,LL
14639,784525.7685,137686.5009,823.7515,LL
14640,784513.4123,137664.7681,823.6817,LL
14641,784501.0615,137643.0322,823.6150,LL
14642,784488.7459,137621.2763,823.5345,LL
14643,784476.4455,137599.5118,823.4538,LL
14644,784464.1598,137577.7389,823.3849,LL
14645,784451.9010,137555.9510,823.3285,LL
14646,784439.6235,137534.1735,823.2674,LL
14647,784427.2710,137512.4384,823.2069,LL
14648,784414.8816,137490.7250,823.1156,LL
14649,784402.6331,137468.9314,823.0335,LL
14650,784390.2410,137447.2190,822.9463,LL
14651,784378.0387,137425.3997,822.8819,LL
14652,784365.8663,137403.5634,822.8124,LL
14653,784353.6901,137381.7293,822.6935,LL
14654,784341.5056,137359.8998,822.5860,LL
14655,784329.3333,137338.0635,822.5072,LL
14656,784317.0538,137316.2874,822.4292,LL
14657,784304.7966,137294.4986,822.3642,LL
14658,784292.5304,137272.7147,822.2784,LL
14659,784280.2829,137250.9213,822.2004,LL
14660,784267.8942,137229.2070,822.1364,LL
14661,784255.5710,137207.4557,822.0118,LL
14662,784243.2302,137185.7143,821.8693,LL
14663,784230.8607,137163.9891,821.7601,LL
14664,784218.6348,137142.1828,821.6424,LL
14665,784206.3933,137120.3853,821.5403,LL
14666,784194.0633,137098.6377,821.4473,LL
14667,784181.7648,137076.8724,821.3237,LL
14668,784169.5870,137055.0396,821.2053,LL
14669,784157.3283,137033.2524,821.0707,LL
14670,784144.9478,137011.5343,820.9440,LL
14671,784132.7037,136989.7382,820.8327,LL
14672,784120.4014,136967.9751,820.6973,LL
14673,784108.1434,136946.1869,820.5639,LL
14674,784095.9113,136924.3842,820.4309,LL
14675,784083.6892,136902.5758,820.3197,LL
14676,784071.4485,136880.7780,820.1939,LL
14677,784059.1631,136859.0053,820.0665,LL
14678,784046.8903,136837.2254,819.9330,LL
14679,784034.6361,136815.4352,819.7925,LL
14680,784022.3369,136793.6704,819.6462,LL
14681,784010.7178,136773.3101,819.5388,LL,E
14682,790320.6394,142837.3777,833.3461,LL,B
14683,790295.8955,142833.8092,833.2712,LL
14684,790271.1492,142830.2572,833.2047,LL
14685,790246.3994,142826.7301,833.1493,LL
14686,790221.6571,142823.1502,833.0935,LL
14687,790196.9168,142819.5563,833.0433,LL
14688,790172.1770,142815.9595,832.9632,LL
14689,790147.4337,142812.3869,832.8804,LL
14690,790122.6881,142808.8304,832.8163,LL
14691,790097.9477,142805.2400,832.7439,LL
14692,790073.1830,142801.8218,832.6789,LL
14693,790048.4323,142798.3009,832.6184,LL
14694,790023.6888,142794.7298,832.5604,LL
14695,789998.9614,142791.0494,832.5033,LL
14696,789974.2111,142787.5250,832.4285,LL
14697,789949.4628,142783.9873,832.3747,LL
14698,789924.7095,142780.4846,832.3132,LL
14699,789899.9572,142776.9756,832.2435,LL
14700,789875.2040,142773.4729,832.1810,LL
14701,789850.4682,142769.8486,832.1064,LL
14702,789825.7237,142766.2858,832.0424,LL
14703,789800.9747,142762.7562,831.9767,LL
14704,789776.2344,142759.1631,831.9010,LL
14705,789751.4854,142755.6301,831.8332,LL
14706,789726.7377,142752.0883,831.7767,LL
14707,789701.9981,142748.4906,831.6926,LL
14708,789677.2558,142744.9121,831.6258,LL
14709,789652.5192,142741.2930,831.5598,LL
14710,789627.7768,142737.7144,831.4894,LL
14711,789603.0308,142734.1606,831.4287,LL
14712,789578.3022,142730.4874,831.3647,LL
14713,789553.5593,142726.9179,831.3160,LL
14714,789528.8233,142723.3023,831.2581,LL
14715,789504.0853,142719.6955,831.1806,LL
14716,789479.3378,142716.1538,831.1051,LL
14717,789454.5932,142712.5898,831.0562,LL
14718,789429.8507,142709.0117,830.9860,LL
14719,789405.1124,142705.4048,830.9143,LL
14720,789380.3659,142701.8551,830.8128,LL
14721,789355.6223,142698.2853,830.6948,LL
14722,789330.8765,142694.7308,830.6059,LL
14723,789306.1452,142691.0769,830.5235,LL
14724,789281.4070,142687.4694,830.4676,LL
14725,789256.6726,142683.8359,830.3999,LL
14726,789231.9327,142680.2406,830.3092,LL
14727,789207.1916,142676.6538,830.2143,LL
14728,789182.4375,142673.1580,830.0926,LL
14729,789157.6898,142669.6171,829.9683,LL
14730,789132.9396,142666.0930,829.8889,LL
14731,789108.1940,142662.5360,829.8201,LL
14732,789083.4462,142658.9955,829.7528,LL
14733,789058.6869,142655.5348,829.7068,LL
14734,789033.9404,142651.9844,829.6235,LL
14735,789009.1825,142648.5166,829.5511,LL
14736,788984.4292,142645.0143,829.4685,LL
14737,788959.6917,142641.4057,829.3960,LL
14738,788934.9396,142637.8947,829.3393,LL
14739,788910.1812,142634.4286,829.2764,LL
14740,788885.4290,142630.9185,829.2158,LL
14741,788860.6929,142627.2955,829.2023,LL
14742,788835.9458,142623.7487,829.1678,LL
14743,788811.1976,142620.2099,829.1419,LL
14744,788786.4570,142616.6182,829.1017,LL
14745,788761.7098,142613.0731,829.0580,LL
14746,788736.9545,142609.5872,828.9815,LL
14747,788712.2063,142606.0481,828.9446,LL
14748,788687.4581,142602.5092,828.9604,LL
14749,788662.7119,142598.9557,828.9716,LL
14750,788637.9625,142595.4251,828.9402,LL
14751,788613.1984,142592.0001,828.9625,LL
14752,788588.4252,142588.6399,828.9795,LL
14753,788563.6618,142585.2097,828.9844,LL
14754,788538.9192,142581.6340,829.0115,LL
14755,788514.1626,142578.1537,829.0315,LL
14756,788489.4040,142574.6887,829.0307,LL
14757,788464.6523,142571.1744,829.0085,LL
14758,788439.8797,142567.8103,828.9843,LL
14759,788415.1192,142564.3633,828.9895,LL
14760,788390.3375,142561.0667,829.0015,LL
14761,788365.5791,142557.6000,829.0244,LL
14762,788340.8253,142554.0998,829.0268,LL
14763,788316.0704,142550.6077,829.0119,LL
14764,788291.3236,142547.0588,828.9925,LL
14765,788266.5886,142543.4302,828.9581,LL
14766,788241.8811,142539.6180,828.9048,LL
14767,788217.3007,142535.0836,828.8164,LL
14768,788192.7541,142530.3527,828.7373,LL
14769,788189.2339,142529.5663,828.7232,LL,E
14770,788153.4745,142522.2173,828.6347,LL,B
14771,788129.0840,142516.7307,828.6040,LL
14772,788104.7459,142511.0233,828.5777,LL
14773,788080.4933,142504.9559,828.5181,LL
14774,788056.2408,142498.8886,828.4496,LL
14775,788032.0203,142492.7007,828.3959,LL
14776,788007.9641,142485.8963,828.2772,LL
14777,787983.9079,142479.0919,828.1736,LL
14778,787959.8562,142472.2727,828.1705,LL
14779,787936.0848,142464.5320,828.0767,LL
14780,787912.3133,142456.7913,828.0084,LL
14781,787888.5419,142449.0506,827.9670,LL
14782,787864.9233,142440.8598,827.8995,LL
14783,787841.3521,142432.5292,827.8614,LL
14784,787817.7809,142424.1986,827.8483,LL
14785,787794.3096,142415.5952,827.8104,LL
14786,787770.9367,142406.7235,827.7754,LL
14787,787747.5639,142397.8517,827.7837,LL
14788,787724.3104,142388.6820,827.7599,LL
14789,787701.2835,142378.9476,827.6899,LL
14790,787678.3369,142369.0256,827.6339,LL
14791,787655.4863,142358.8901,827.5930,LL
14792,787632.9004,142348.1719,827.5567,LL
14793,787610.4455,142337.1847,827.5181,LL
14794,787588.0772,142326.0199,827.4728,LL
14795,787565.9180,142314.4453,827.4024,LL
14796,787543.8190,142302.7573,827.3328,LL
14797,787521.8040,142290.9107,827.2702,LL
14798,787499.9453,142278.7789,827.2156,LL
14799,787478.1818,142266.4785,827.1797,LL
14800,787456.5964,142253.8662,827.1379,LL
14801,787435.2158,142240.9137,827.0758,LL
14802,787413.9684,142227.7399,826.9826,LL
14803,787392.7210,142214.5662,826.9209,LL
14804,787371.6612,142201.1006,826.9053,LL
14805,787350.8586,142187.2351,826.8681,LL
14806,787330.0560,142173.3696,826.8352,LL
14807,787309.3590,142159.3499,826.8243,LL
14808,787288.8926,142144.9927,826.8187,LL
14809,787268.6040,142130.3868,826.8221,LL
14810,787248.4229,142115.6321,826.8315,LL
14811,787228.5060,142100.5220,826.8328,LL
14812,787208.6786,142085.2953,826.8481,LL
14813,787188.9421,142069.9502,826.8757,LL
14814,787169.6848,142054.0091,826.8380,LL
14815,787150.4573,142038.0308,826.8326,LL
14816,787131.2299,142022.0525,826.8976,LL
14817,787112.2647,142005.7662,826.9491,LL
14818,787093.4457,141989.3091,826.9950,LL
14819,787074.7850,141972.6724,827.0252,LL
14820,787056.3028,141955.8395,827.0716,LL
14821,787037.9830,141938.8283,827.1329,LL
14822,787019.8604,141921.6073,827.1881,LL
14823,787001.8662,141904.2536,827.2621,LL
14824,786984.1408,141886.6237,827.3208,LL
14825,786966.7309,141868.6847,827.3588,LL
14826,786949.4920,141850.5793,827.4110,LL
14827,786932.4802,141832.2600,827.4606,LL
14828,786915.5396,141813.8750,827.5264,LL
14829,786898.6738,141795.4211,827.6057,LL
14830,786896.9976,141793.5871,827.6144,LL,E
14831,786872.4316,141765.7252,827.7351,LL,B
14832,786856.1943,141746.7164,827.8073,LL
14833,786840.1373,141727.5559,827.8756,LL
14834,786824.3572,141708.1656,827.9548,LL
14835,786808.8924,141688.5236,828.0180,LL
14836,786793.5477,141668.7872,828.0796,LL
14837,786778.3828,141648.9120,828.1363,LL
14838,786763.4103,141628.8926,828.1909,LL
14839,786748.6692,141608.7012,828.2242,LL
14840,786734.1697,141588.3355,828.2245,LL
14841,786719.8367,141567.8530,828.2130,LL
14842,786705.7063,141547.2294,828.1875,LL
14843,786691.9320,141526.3674,828.1686,LL
14844,786678.3002,141505.4110,828.1582,LL
14845,786664.9835,141484.2528,828.1557,LL
14846,786651.8246,141462.9966,828.1715,LL
14847,786638.7604,141441.6818,828.1943,LL
14848,786626.0725,141420.1410,828.2057,LL
14849,786613.5725,141398.4910,828.2526,LL
14850,786601.2110,141376.7611,828.3059,LL
14851,786588.9126,141354.9954,828.3819,LL
14852,786576.6930,141333.1856,828.4490,LL
14853,786564.5788,141311.3168,828.4778,LL
14854,786552.6878,141289.3265,828.4879,LL
14855,786541.0104,141267.2218,828.4723,LL
14856,786529.4798,141245.0399,828.4526,LL
14857,786517.6689,141223.0084,828.4308,LL
14858,786505.9055,141200.9488,828.4261,LL
14859,786494.0979,141178.9130,828.4270,LL
14860,786482.3579,141156.8412,828.4370,LL
14861,786470.6004,141134.7785,828.4397,LL
14862,786458.8271,141112.7245,828.4227,LL
14863,786446.9782,141090.7108,828.4072,LL
14864,786434.8591,141068.8447,828.3932,LL
14865,786422.5611,141047.0797,828.3983,LL
14866,786410.2225,141025.3367,828.4004,LL
14867,786397.8691,141003.6020,828.4076,LL
14868,786385.5452,140981.8507,828.4325,LL
14869,786373.2838,140960.0641,828.4489,LL
14870,786361.0437,140938.2655,828.4604,LL
14871,786348.8216,140916.4568,828.4790,LL
14872,786336.4921,140894.7087,828.5219,LL
14873,786324.1421,140872.9723,828.5938,LL
14874,786311.7930,140851.2353,828.6685,LL
14875,786299.4396,140829.5009,828.7527,LL
14876,786287.1021,140807.7574,828.8373,LL
14877,786274.8212,140785.9820,828.9351,LL
14878,786262.4843,140764.2383,829.0204,LL
14879,786250.1666,140742.4836,829.1077,LL
14880,786237.7834,140720.7662,829.2107,LL
14881,786225.3685,140699.0669,829.2979,LL
14882,786212.9512,140677.3687,829.3516,LL
14883,786200.6062,140655.6295,829.4039,LL
14884,786188.2901,140633.8737,829.4285,LL
14885,786175.9853,140612.1116,829.4652,LL
14886,786163.7257,140590.3240,829.5072,LL
14887,786151.4707,140568.5341,829.5698,LL
14888,786139.2470,140546.7269,829.6433,LL
14889,786127.0129,140524.9251,829.6575,LL
14890,786114.7381,140503.1460,829.6724,LL
14891,786102.4986,140481.3470,829.6725,LL
14892,786090.2651,140459.5447,829.6941,LL
14893,786078.0356,140437.7401,829.7168,LL
14894,786065.7661,140415.9581,829.7198,LL
14895,786053.5249,140394.1602,829.7404,LL
14896,786041.3110,140372.3468,829.7346,LL
14897,786029.1391,140350.5101,829.7712,LL
14898,786017.0724,140328.6151,829.8184,LL
14899,786004.8521,140306.8058,829.8644,LL
14900,785992.6308,140284.9968,829.8957,LL
14901,785980.2424,140263.2822,829.9193,LL
14902,785967.9113,140241.5351,829.9622,LL
14903,785955.5785,140219.7888,829.9445,LL
14904,785943.2851,140198.0202,829.8980,LL
14905,785930.9791,140176.2588,829.8399,LL
14906,785918.7878,140154.4330,829.7527,LL
14907,785906.5967,140132.6070,829.7423,LL
14908,785894.4035,140110.7821,829.7206,LL
14909,785882.2714,140088.9232,829.6927,LL
14910,785870.1364,140067.0660,829.6544,LL
14911,785857.9580,140045.2330,829.5784,LL
14912,785845.7087,140023.4397,829.5086,LL
14913,785833.3919,140001.6844,829.4662,LL
14914,785821.1224,139979.9024,829.4194,LL
14915,785808.8697,139958.1109,829.3645,LL
14916,785796.6092,139936.3239,829.2921,LL
14917,785784.3557,139914.5329,829.2421,LL
14918,785772.1378,139892.7219,829.1930,LL
14919,785760.0038,139870.8642,829.1242,LL
14920,785747.9024,139848.9884,829.0603,LL
14921,785735.8482,139827.0864,829.0182,LL
14922,785723.7499,139805.2090,828.9771,LL
14923,785711.6761,139783.3179,828.9302,LL
14924,785699.5084,139761.4789,828.8522,LL
14925,785687.3293,139739.6465,828.7811,LL
14926,785675.2111,139717.7800,828.7397,LL
14927,785663.0752,139695.9233,828.6965,LL
14928,785650.9468,139674.0625,828.6426,LL
14929,785638.9072,139652.1526,828.5745,LL
14930,785626.8261,139630.2656,828.4880,LL
14931,785614.7518,139608.3748,828.4317,LL
14932,785602.6448,139586.5021,828.3579,LL
14933,785590.4882,139564.6570,828.2763,LL
14934,785578.3155,139542.8208,828.2250,LL
14935,785566.1970,139520.9545,828.1636,LL
14936,785554.1145,139499.0682,828.1195,LL
14937,785541.9933,139477.2033,828.0499,LL
14938,785529.8687,139455.3404,827.9852,LL
14939,785517.7490,139433.4747,827.9406,LL
14940,785505.6734,139411.5845,827.8915,LL
14941,785493.6193,139389.6826,827.8322,LL
14942,785481.5607,139367.7831,827.7767,LL
14943,785469.4476,139345.9138,827.6904,LL
14944,785457.3227,139324.0509,827.6698,LL
14945,785445.1495,139302.2149,827.6421,LL
14946,785433.0164,139280.3566,827.5855,LL
14947,785420.9324,139258.4712,827.5372,LL
14948,785408.9248,139236.5437,827.4766,LL
14949,785396.8651,139214.6450,827.4298,LL
14950,785384.7790,139192.7608,827.3284,LL
14951,785372.7230,139170.8604,827.1504,LL
14952,785360.6602,139148.9636,827.0444,LL
14953,785348.5813,139127.0756,826.9176,LL
14954,785336.4642,139105.2087,826.8104,LL
14955,785324.3321,139083.3499,826.7387,LL
14956,785312.2782,139061.4479,826.6516,LL
14957,785300.1984,139039.5602,826.5968,LL
14958,785288.1213,139017.6709,826.5335,LL
14959,785275.9509,138995.8335,826.4887,LL
14960,785263.7979,138973.9863,826.4066,LL
14961,785251.7106,138952.1028,826.3050,LL
14962,785239.6572,138930.2006,826.2007,LL
14963,785227.6005,138908.3002,826.1307,LL
14964,785215.4623,138886.4448,826.0880,LL
14965,785203.3257,138864.5884,826.0501,LL
14966,785191.1419,138842.7583,825.9926,LL
14967,785178.9161,138820.9517,825.9529,LL
14968,785166.7101,138799.1341,825.9422,LL
14969,785154.5001,138777.3186,825.8855,LL
14970,785142.3035,138755.4957,825.8009,LL
14971,785130.0936,138733.6802,825.7847,LL
14972,785117.8142,138711.9038,825.8212,LL
14973,785105.5576,138690.1145,825.8422,LL
14974,785093.3595,138668.2923,825.8468,LL
14975,785081.1107,138646.4987,825.7997,LL
14976,785068.8583,138624.7071,825.7939,LL
14977,785056.5199,138602.9639,825.7361,LL
14978,785044.2084,138581.2060,825.6903,LL
14979,785031.7494,138559.5318,825.6417,LL
14980,785019.4381,138537.7734,825.6247,LL
14981,785007.1233,138516.0170,825.5736,LL
14982,784994.8537,138494.2352,825.4807,LL
14983,784982.5690,138472.4617,825.4064,LL
14984,784970.2838,138450.6886,825.3481,LL
14985,784957.9269,138428.9561,825.2821,LL
14986,784945.5709,138407.2230,825.2152,LL
14987,784933.2450,138385.4729,825.1488,LL
14988,784920.9309,138363.7162,825.0860,LL
14989,784908.6670,138341.9310,825.0340,LL
14990,784896.3979,138320.1488,824.9769,LL
14991,784884.1134,138298.3753,824.9177,LL
14992,784871.8643,138276.5818,824.8598,LL
14993,784859.7168,138254.7316,824.7984,LL
14994,784847.5182,138232.9099,824.7452,LL
14995,784835.2881,138211.1058,824.6972,LL
14996,784823.0226,138189.3215,824.6615,LL
14997,784810.7372,138167.5484,824.6098,LL
14998,784798.4030,138145.8030,824.5456,LL
14999,784786.0963,138124.0420,824.4952,LL
15000,784773.7958,138102.2774,824.4540,LL
15001,784761.5211,138080.4984,824.3950,LL
15002,784749.2335,138058.7266,824.3335,LL
15003,784736.9050,138036.9779,824.2906,LL
15004,784724.6379,138015.1945,824.2720,LL
15005,784712.3835,137993.4040,824.2288,LL
15006,784700.1364,137971.6093,824.1534,LL
15007,784687.9080,137949.8042,824.1170,LL
15008,784675.6841,137927.9965,824.0739,LL
15009,784663.4076,137906.2185,824.0232,LL
15010,784651.1030,137884.4563,823.9825,LL
15011,784638.7965,137862.6952,823.9179,LL
15012,784626.5142,137840.9204,823.8439,LL
15013,784614.2309,137819.1462,823.7854,LL
15014,784602.0207,137797.3310,823.7014,LL
15015,784589.8368,137775.5010,823.6623,LL
15016,784577.6557,137753.6694,823.6356,LL
15017,784565.3270,137731.9209,823.5903,LL
15018,784553.0196,137710.1602,823.5613,LL
15019,784540.6479,137688.4361,823.5115,LL
15020,784528.2897,137666.7043,823.4463,LL
15021,784515.9398,137644.9678,823.3862,LL
15022,784503.6011,137623.2249,823.3284,LL
15023,784491.2657,137601.4802,823.2513,LL
15024,784479.0057,137579.6929,823.1846,LL
15025,784466.7718,137557.8911,823.1274,LL
15026,784454.4710,137536.1267,823.0687,LL
15027,784442.1855,137514.3538,822.9891,LL
15028,784429.8634,137492.6017,822.8994,LL
15029,784417.5291,137470.8563,822.8322,LL
15030,784405.2902,137449.0572,822.7212,LL
15031,784393.0490,137427.2594,822.6437,LL
15032,784380.8237,137405.4526,822.5844,LL
15033,784368.5980,137383.6460,822.5109,LL
15034,784356.3782,137361.8362,822.4134,LL
15035,784344.1527,137340.0296,822.3160,LL
15036,784331.8976,137318.2396,822.2573,LL
15037,784319.6833,137296.4266,822.2008,LL
15038,784307.4346,137274.6332,822.1213,LL
15039,784295.1471,137252.8615,822.0422,LL
15040,784282.8807,137231.0778,821.9405,LL
15041,784270.5854,137209.3106,821.8528,LL
15042,784258.3308,137187.5204,821.7458,LL
15043,784246.0129,137165.7660,821.6104,LL
15044,784233.7078,137144.0044,821.5098,LL
15045,784221.3753,137122.2582,821.3836,LL
15046,784209.1125,137100.4727,821.2921,LL
15047,784196.8110,137078.7090,821.1490,LL
15048,784184.5202,137056.9392,821.0329,LL
15049,784172.2784,137035.1421,820.8995,LL
15050,784160.0907,137013.3146,820.7507,LL
15051,784147.8123,136991.5379,820.6371,LL
15052,784135.4707,136969.7972,820.5033,LL
15053,784123.1770,136948.0292,820.3615,LL
15054,784110.8869,136926.2591,820.2287,LL
15055,784098.6412,136904.4639,820.1347,LL
15056,784086.3549,136882.6915,820.0304,LL
15057,784074.1128,136860.8946,819.8912,LL
15058,784061.8302,136839.1204,819.7609,LL
15059,784049.5865,136817.3242,819.6141,LL
15060,784037.3283,136795.5363,819.4754,LL
15061,784025.0305,136773.7705,819.3530,LL
15062,784020.9269,136766.7337,819.3109,LL,E
15063,787773.3510,142335.2269,825.5766,LL,B
15064,787750.2873,142325.5807,825.5088,LL
15065,787727.3757,142315.5840,825.4419,LL
15066,787704.6068,142305.2607,825.3703,LL
15067,787681.9138,142294.7722,825.3074,LL
15068,787659.3272,142284.0596,825.2504,LL
15069,787636.9050,142273.0032,825.1858,LL
15070,787614.5265,142261.8593,825.1605,LL
15071,787592.2224,142250.5664,825.1319,LL
15072,787570.1117,142238.9016,825.0923,LL
15073,787548.1842,142226.9000,825.0483,LL
15074,787526.2906,142214.8307,825.0203,LL
15075,787504.4406,142202.6842,824.9857,LL
15076,787482.7069,142190.3302,824.9675,LL
15077,787461.2132,142177.5622,824.9238,LL
15078,787439.8804,142164.5294,824.8869,LL
15079,787418.6414,142151.3422,824.8721,LL
15080,787397.6303,142137.7958,824.8461,LL
15081,787376.7703,142124.0185,824.8244,LL
15082,787356.1359,142109.9039,824.7964,LL
15083,787335.6264,142095.6095,824.7861,LL
15084,787315.2317,142081.1508,824.8054,LL
15085,787294.9797,142066.4929,824.8306,LL
15086,787274.8400,142051.6825,824.8513,LL
15087,787254.8887,142036.6178,824.8735,LL
15088,787235.0638,142021.3873,824.8925,LL
15089,787215.3099,142006.0657,824.9279,LL
15090,787195.8619,141990.3567,824.9496,LL
15091,787176.8262,141974.1559,824.9640,LL
15092,787157.8850,141957.8395,824.9983,LL
15093,787139.1259,141941.3140,825.0307,LL
15094,787120.4755,141924.6665,825.0812,LL
15095,787101.9477,141907.8821,825.1471,LL
15096,787083.4854,141891.0258,825.2298,LL
15097,787065.0565,141874.1333,825.3420,LL
15098,787046.8290,141857.0233,825.4285,LL
15099,787035.6637,141846.6512,825.4971,LL,E
15100,786957.9567,141764.9709,825.7940,LL,B
15101,786941.4765,141746.1722,825.8269,LL
15102,786925.1311,141727.2565,825.8777,LL
15103,786908.8006,141708.3274,825.8925,LL
15104,786892.6839,141689.2166,825.9100,LL
15105,786876.7751,141669.9329,825.9626,LL
15106,786861.2175,141650.3635,825.9658,LL
15107,786845.8175,141630.6708,825.9480,LL
15108,786830.6144,141610.8248,825.9385,LL
15109,786815.8236,141590.6701,825.9206,LL
15110,786801.1768,141570.4104,825.9502,LL
15111,786786.7698,141549.9791,825.9904,LL
15112,786772.4995,141529.4525,826.0418,LL
15113,786758.3409,141508.8486,826.1354,LL
15114,786744.5463,141487.9992,826.1947,LL
15115,786731.0309,141466.9693,826.2603,LL
15116,786717.7832,141445.7681,826.3416,LL
15117,786704.7761,141424.4187,826.4246,LL
15118,786691.8795,141403.0022,826.5205,LL
15119,786679.1799,141381.4685,826.6391,LL
15120,786666.5321,141359.9042,826.7601,LL
15121,786653.9201,141338.3193,826.9026,LL
15122,786641.5678,141316.5844,827.0156,LL
15123,786629.3185,141294.7915,827.1357,LL
15124,786617.2057,141272.9222,827.2599,LL
15125,786604.9845,141251.1134,827.3767,LL
15126,786592.5489,141229.4281,827.5292,LL
15127,786580.2461,141207.6653,827.6623,LL
15128,786568.0357,141185.8507,827.7905,LL
15129,786555.7594,141164.0729,827.9292,LL
15130,786543.4271,141142.3268,828.0451,LL
15131,786531.1903,141120.5268,828.1416,LL
15132,786518.8808,141098.7674,828.2291,LL
15133,786506.5100,141077.0429,828.3119,LL
15134,786494.0709,141055.3574,828.3942,LL
15135,786481.6558,141033.6581,828.4677,LL
15136,786469.2920,141011.9296,828.5237,LL
15137,786456.8909,140990.2224,828.5797,LL
15138,786444.6063,140968.4489,828.6549,LL
15139,786432.3483,140946.6607,828.7270,LL
15140,786420.0304,140924.9061,828.8130,LL
15141,786407.7153,140903.1501,828.8776,LL
15142,786395.4423,140881.3701,828.9759,LL
15143,786383.1661,140859.5919,829.0506,LL
15144,786370.8177,140837.8548,829.1374,LL
15145,786358.4672,140816.1189,829.2424,LL
15146,786346.2946,140794.2827,829.3093,LL
15147,786334.0607,140772.4809,829.3955,LL
15148,786321.8917,140750.6426,829.4654,LL
15149,786309.6749,140728.8309,829.5038,LL
15150,786297.3392,140707.0874,829.5344,LL
15151,786284.9993,140685.3455,829.6321,LL
15152,786272.8195,140663.5135,829.6339,LL
15153,786260.6079,140641.6994,829.6347,LL
15154,786248.5428,140619.8034,829.6851,LL
15155,786236.2659,140598.0257,829.7442,LL
15156,786223.9650,140576.2614,829.8017,LL
15157,786211.6671,140554.4954,829.8476,LL
15158,786199.3891,140532.7181,829.8783,LL
15159,786187.0915,140510.9519,829.8730,LL
15160,786174.8038,140489.1802,829.8851,LL
15161,786162.5121,140467.4107,829.8911,LL
15162,786150.2518,140445.6234,829.8910,LL
15163,786137.9065,140423.8843,829.8727,LL
15164,786125.5302,140402.1627,829.8665,LL
15165,786113.2111,140380.4086,829.8606,LL
15166,786100.9125,140358.6429,829.8327,LL
15167,786088.6100,140336.8795,829.8307,LL
15168,786076.3600,140315.0865,829.8317,LL
15169,786064.1104,140293.2932,829.8216,LL
15170,786051.8043,140271.5318,829.8068,LL
15171,786039.5514,140249.7404,829.8258,LL
15172,786027.2647,140227.9680,829.8320,LL
15173,786014.9242,140206.2261,829.8170,LL
15174,786002.6276,140184.4594,829.7846,LL
15175,785990.3449,140162.6848,829.7638,LL
15176,785978.1204,140140.8775,829.7262,LL
15177,785965.8695,140119.0850,829.6715,LL
15178,785953.6437,140097.2784,829.6122,LL
15179,785941.3697,140075.4989,829.5540,LL
15180,785929.1625,140053.6821,829.4991,LL
15181,785916.9297,140031.8795,829.4317,LL
15182,785904.6893,140010.0812,829.3623,LL
15183,785892.4519,139988.2811,829.2903,LL
15184,785880.2032,139966.4874,829.2488,LL
15185,785867.9069,139944.7206,829.2033,LL
15186,785855.6713,139922.9195,829.1639,LL
15187,785843.3616,139901.1602,829.1155,LL
15188,785831.0261,139879.4155,829.0729,LL
15189,785818.7241,139857.6518,829.0159,LL
15190,785806.4820,139835.8545,828.9523,LL
15191,785794.2553,139814.0484,828.8673,LL
15192,785782.0429,139792.2344,828.8043,LL
15193,785769.7956,139770.4399,828.7428,LL
15194,785757.5459,139748.6468,828.6772,LL
15195,785745.2440,139726.8830,828.6461,LL
15196,785732.9604,139705.1090,828.5880,LL
15197,785720.7312,139683.3043,828.5319,LL
15198,785708.5142,139661.4929,828.4630,LL
15199,785696.3013,139639.6791,828.3950,LL
15200,785684.0624,139617.8798,828.3681,LL
15201,785671.8000,139596.0938,828.3091,LL
15202,785659.5718,139574.2886,828.2592,LL
15203,785647.2710,139552.5243,828.2332,LL
15204,785635.0294,139530.7266,828.1626,LL
15205,785622.7994,139508.9224,828.1198,LL
15206,785610.5633,139487.1216,828.0812,LL
15207,785598.3038,139465.3340,828.0357,LL
15208,785585.9947,139443.5743,827.9867,LL
15209,785573.7107,139421.8004,827.9453,LL
15210,785561.4337,139400.0226,827.8822,LL
15211,785549.1497,139378.2489,827.8182,LL
15212,785536.9099,139356.4503,827.7366,LL
15213,785524.5972,139334.6928,827.6671,LL
15214,785512.3063,139312.9228,827.6051,LL
15215,785500.0086,139291.1567,827.5511,LL
15216,785487.7508,139269.3682,827.4794,LL
15217,785475.4709,139247.5920,827.4178,LL
15218,785463.2007,139225.8104,827.3669,LL
15219,785450.9214,139204.0339,827.3252,LL
15220,785438.6391,139182.2591,827.2871,LL
15221,785426.3952,139160.4627,827.2319,LL
15222,785414.1457,139138.6695,827.1552,LL
15223,785401.8924,139116.8785,827.0693,LL
15224,785389.6419,139095.0858,827.0095,LL
15225,785377.4021,139073.2871,826.9539,LL
15226,785365.1513,139051.4945,826.9069,LL
15227,785352.8302,139029.7417,826.8452,LL
15228,785340.5078,139007.9896,826.7980,LL
15229,785328.1577,138986.2532,826.7401,LL
15230,785315.8949,138964.4674,826.6807,LL
15231,785303.5849,138942.7084,826.6204,LL
15232,785291.3264,138920.9202,826.5573,LL
15233,785279.0285,138899.1543,826.4857,LL
15234,785266.6694,138877.4231,826.4355,LL
15235,785254.3581,138855.6646,826.4120,LL
15236,785242.0488,138833.9050,826.3793,LL
15237,785229.7050,138812.1650,826.3481,LL
15238,785217.4213,138790.3910,826.3086,LL
15239,785205.1517,138768.6091,826.2382,LL
15240,785192.8407,138746.8504,826.2029,LL
15241,785180.5880,138725.0590,826.1704,LL
15242,785168.3054,138703.2843,826.1487,LL
15243,785156.0160,138681.5135,826.1205,LL
15244,785143.7361,138659.7374,826.0649,LL
15245,785131.4187,138637.9825,825.9959,LL
15246,785119.1135,138616.2207,825.9243,LL
15247,785106.8361,138594.4431,825.8552,LL
15248,785094.5689,138572.6598,825.8142,LL
15249,785082.2677,138550.8957,825.7681,LL
15250,785069.9238,138529.1558,825.7126,LL
15251,785057.6318,138507.3865,825.6605,LL
15252,785045.3691,138485.6007,825.5923,LL
15253,785033.1248,138463.8045,825.5252,LL
15254,785020.8555,138442.0225,825.4731,LL
15255,785008.5663,138420.2516,825.4230,LL
15256,784996.2617,138398.4894,825.3817,LL
15257,784983.9317,138376.7416,825.3394,LL
15258,784971.6224,138354.9820,825.2803,LL
15259,784959.2988,138333.2305,825.2452,LL
15260,784947.0050,138311.4622,825.2073,LL
15261,784934.7326,138289.6818,825.1541,LL
15262,784922.4661,138267.8981,825.1046,LL
15263,784910.1706,138246.1309,825.0248,LL
15264,784897.8863,138224.3572,824.9603,LL
15265,784885.5614,138202.6066,824.9135,LL
15266,784873.2965,138180.8220,824.8675,LL
15267,784861.0473,138159.0286,824.8383,LL
15268,784848.7785,138137.2462,824.7925,LL
15269,784836.4679,138115.4873,824.7544,LL
15270,784824.2320,138093.6863,824.7406,LL
15271,784812.0079,138071.8787,824.7022,LL
15272,784799.7526,138050.0888,824.6603,LL
15273,784787.4200,138028.3424,824.6000,LL
15274,784775.0769,138006.6020,824.5484,LL
15275,784762.7904,137984.8296,824.5013,LL
15276,784750.5210,137963.0476,824.4595,LL
15277,784738.2168,137941.2851,824.3857,LL
15278,784725.9506,137919.5013,824.3361,LL
15279,784713.6814,137897.7191,824.2871,LL
15280,784701.4242,137875.9302,824.2243,LL
15281,784689.1919,137854.1273,824.1730,LL
15282,784676.9302,137832.3409,824.1136,LL
15283,784664.6581,137810.5603,824.0719,LL
15284,784652.3793,137788.7835,824.0354,LL
15285,784640.0806,137767.0179,823.9791,LL
15286,784627.7827,137745.2519,823.9446,LL
15287,784615.5051,137723.4745,823.8905,LL
15288,784603.2561,137701.6810,823.8334,LL
15289,784591.0143,137679.8835,823.7747,LL
15290,784578.6974,137658.1283,823.7148,LL
15291,784566.4679,137636.3238,823.6815,LL
15292,784554.1936,137614.5445,823.6461,LL
15293,784541.9189,137592.7653,823.5794,LL
15294,784529.6449,137570.9860,823.4992,LL
15295,784517.3059,137549.2435,823.4529,LL
15296,784505.0498,137527.4539,823.3819,LL
15297,784492.8245,137505.6471,823.3166,LL
15298,784480.5644,137483.8599,823.2371,LL
15299,784468.3600,137462.0414,823.1675,LL
15300,784456.1435,137440.2297,823.0885,LL
15301,784443.9253,137418.4189,823.0073,LL
15302,784431.7003,137396.6120,822.9410,LL
15303,784419.4595,137374.8139,822.8736,LL
15304,784407.1621,137353.0476,822.8023,LL
15305,784394.8483,137331.2907,822.7268,LL
15306,784382.5255,137309.5389,822.6387,LL
15307,784370.1942,137287.7920,822.5530,LL
15308,784357.8787,137266.0360,822.4664,LL
15309,784345.5593,137244.2823,822.3822,LL
15310,784333.2742,137222.5092,822.2927,LL
15311,784320.9988,137200.7306,822.1872,LL
15312,784308.7105,137178.9594,822.0775,LL
15313,784296.3638,137157.2214,821.9752,LL
15314,784284.0512,137135.4639,821.8662,LL
15315,784271.7743,137113.6863,821.7698,LL
15316,784259.4746,137091.9215,821.6458,LL
15317,784247.1634,137070.1633,821.5181,LL
15318,784234.8850,137048.3869,821.3691,LL
15319,784222.6280,137026.5981,821.2334,LL
15320,784210.3494,137004.8215,821.1065,LL
15321,784198.1114,136983.0220,821.0164,LL
15322,784185.8877,136961.2146,820.8862,LL
15323,784173.5706,136939.4598,820.7471,LL
15324,784161.2546,136917.7045,820.6040,LL
15325,784148.9455,136895.9454,820.4343,LL
15326,784136.6629,136874.1712,820.2793,LL
15327,784124.3777,136852.3986,820.1314,LL
15328,784112.1119,136830.6150,819.9637,LL
15329,784099.8686,136808.8189,819.8137,LL
15330,784087.6335,136787.0181,819.6296,LL
15331,784075.3799,136765.2278,819.4484,LL
15332,784063.1394,136743.4299,819.3042,LL
15333,784050.9049,136721.6285,819.1771,LL
15334,784038.6549,136699.8359,819.0587,LL
15335,784026.4182,136678.0358,818.8947,LL
15336,784014.2110,136656.2193,818.7430,LL
15337,784001.9616,136634.4264,818.6121,LL
15338,783989.7327,136612.6220,818.4547,LL
15339,783977.5334,136590.8011,818.3041,LL
15340,783965.2182,136569.0456,818.1559,LL
15341,783952.9709,136547.2515,818.0058,LL
15342,783940.7442,136525.4458,817.8616,LL
15343,783928.4933,136503.6538,817.7224,LL
15344,783916.1946,136481.8887,817.5619,LL
15345,783912.4528,136475.2602,817.5227,LL,E
15346,811113.8116,151224.8238,848.1104,LL,B
15347,811088.8177,151225.3618,848.0441,LL
15348,811063.8198,151225.6804,847.9991,LL
15349,811038.8217,151225.9938,847.9617,LL
15350,811013.8237,151226.3073,847.9008,LL
15351,810988.8259,151226.6383,847.8412,LL
15352,810963.8283,151226.9846,847.7788,LL
15353,810938.8307,151227.3341,847.7030,LL
15354,810913.8335,151227.7090,847.6463,LL
15355,810888.8364,151228.0840,847.5898,LL
15356,810863.8392,151228.4589,847.5253,LL
15357,810838.8418,151228.8177,847.4773,LL
15358,810813.8438,151229.1366,847.4243,LL
15359,810788.8458,151229.4555,847.3731,LL
15360,810763.8479,151229.7744,847.3003,LL
15361,810738.8507,151230.1469,847.2297,LL
15362,810713.8525,151230.4452,847.1811,LL
15363,810688.8543,151230.7435,847.1185,LL
15364,810663.8561,151231.0418,847.0695,LL
15365,810638.8579,151231.3401,847.0096,LL
15366,810613.8601,151231.6732,846.9407,LL
15367,810588.8626,151232.0256,846.8914,LL
15368,810563.8651,151232.3779,846.8250,LL
15369,810538.8675,151232.7303,846.7725,LL
15370,810513.8700,151233.0826,846.7094,LL
15371,810488.8725,151233.4350,846.6535,LL
15372,810463.8750,151233.7874,846.6015,LL
15373,810438.8775,151234.1397,846.5440,LL
15374,810413.8800,151234.4921,846.4682,LL
15375,810388.8824,151234.8444,846.3771,LL
15376,810363.8849,151235.1968,846.2893,LL
15377,810338.8874,151235.5491,846.2082,LL
15378,810313.8899,151235.9015,846.1374,LL
15379,810288.8924,151236.2538,846.1036,LL
15380,810263.8949,151236.6062,846.0601,LL
15381,810238.8969,151236.9281,845.9967,LL
15382,810213.8989,151237.2405,845.9063,LL
15383,810188.9011,151237.5715,845.8001,LL
15384,810163.9038,151237.9395,845.7360,LL
15385,810138.9065,151238.3076,845.6707,LL
15386,810113.9082,151238.5942,845.6194,LL
15387,810088.9098,151238.8761,845.5283,LL
15388,810063.9113,151239.1580,845.4136,LL
15389,810038.9249,151239.4386,845.3107,LL
15390,810013.9471,151239.7183,845.2449,LL
15391,809988.9694,151239.9980,845.1733,LL
15392,809980.8803,151240.0885,845.1588,LL,E
15393,806892.4448,150631.7918,833.9700,LL,B
15394,806869.4609,150621.9563,833.8928,LL
15395,806846.4872,150612.0969,833.7990,LL
15396,806823.5214,150602.2189,833.7530,LL
15397,806800.5557,150592.3408,833.7254,LL
15398,806777.6139,150582.4075,833.6724,LL
15399,806754.6826,150572.4499,833.6052,LL
15400,806731.7793,150562.4284,833.5305,LL
15401,806708.9435,150552.2536,833.4688,LL
15402,806686.1705,150541.9409,833.3977,LL
15403,806663.4976,150531.4080,833.2962,LL
15404,806640.8572,150520.8059,833.1975,LL
15405,806618.2537,150510.1249,833.1019,LL
15406,806595.6503,150499.4440,832.9894,LL
15407,806573.0520,150488.7521,832.9091,LL
15408,806550.5493,150477.8605,832.8126,LL
15409,806528.0466,150466.9689,832.7176,LL
15410,806505.5530,150456.0584,832.6214,LL
15411,806483.1086,150445.0471,832.5237,LL
15412,806460.6643,150434.0357,832.4358,LL
15413,806438.2199,150423.0244,832.3439,LL
15414,806415.9364,150411.6924,832.2486,LL
15415,806393.6910,150400.2843,832.1565,LL
15416,806371.4383,150388.8906,832.0749,LL
15417,806349.1745,150377.5185,831.9705,LL
15418,806326.9108,150366.1464,831.8710,LL
15419,806304.7604,150354.5550,831.7398,LL
15420,806282.6130,150342.9579,831.6401,LL
15421,806260.4787,150331.3362,831.5057,LL
15422,806238.4941,150319.4334,831.3702,LL
15423,806216.5095,150307.5306,831.2206,LL
15424,806194.5249,150295.6277,831.1081,LL
15425,806172.6294,150283.5625,831.0003,LL
15426,806150.7718,150271.4280,830.8123,LL
15427,806128.9141,150259.2935,830.7534,LL
15428,806107.1036,150247.0755,830.6320,LL
15429,806085.3829,150234.6975,830.4854,LL
15430,806063.6623,150222.3195,830.3569,LL
15431,806041.9417,150209.9416,830.2287,LL
15432,806020.3615,150197.3203,830.0951,LL
15433,805998.7870,150184.6895,829.9877,LL
15434,805977.2906,150172.0418,829.8826,LL
15435,805963.8525,150164.2594,829.7810,LL,E
15436,805116.9633,149751.8634,826.1871,LL,B
15437,805095.7223,149738.6795,826.1143,LL
15438,805090.4523,149735.4085,826.1043,LL,E
15439,805123.2197,149741.6823,826.0446,LL,B
15440,805102.0020,149728.4608,825.9574,LL
15441,805096.4460,149724.9987,825.9547,LL,E
15442,805123.4414,149728.0497,825.7683,LL,B
15443,805106.1181,149717.3134,825.7187,LL,E
15444,805172.7206,149686.9326,826.2474,LL,B
15445,805151.5218,149673.6811,826.1403,LL
15446,805146.0657,149670.2705,826.1263,LL,E
15447,805160.7567,149666.1067,825.9063,LL,B
15448,805154.6944,149662.2801,825.8934,LL,E
15449,805141.3599,149696.2860,825.7405,LL,B
15450,805125.8808,149686.5427,825.6951,LL,E
15451,805166.8009,149697.9637,826.0601,LL,B
15452,805145.5881,149684.7345,825.9667,LL
15453,805139.9654,149681.2279,825.9569,LL,E
15454,804377.7847,149276.6805,825.9720,LL,B
15455,804356.5874,149263.4263,826.0057,LL
15456,804348.1964,149258.1796,826.0289,LL,E
15457,804326.4227,149158.5761,826.1619,LL,B
15458,804305.2341,149145.3080,826.1610,LL
15459,804284.0570,149132.0217,826.1913,LL
15460,804262.8558,149118.7737,826.2232,LL
15461,804241.6473,149105.5375,826.2637,LL
15462,804220.4387,149092.3015,826.3113,LL
15463,804199.2523,149079.0297,826.3356,LL
15464,804178.0418,149065.7968,826.3663,LL
15465,804156.8317,149052.5631,826.4031,LL
15466,804135.6481,149039.2871,826.4262,LL
15467,804114.4553,149026.0258,826.4863,LL
15468,804093.2362,149012.8067,826.5606,LL
15469,804072.0388,148999.5527,826.5726,LL
15470,804050.8227,148986.3290,826.5849,LL
15471,804029.5750,148973.1558,826.5912,LL
15472,804008.3433,148959.9567,826.6371,LL
15473,803987.1245,148946.7370,826.6747,LL
15474,803965.9324,148933.4746,826.6848,LL
15475,803944.7072,148920.2653,826.7360,LL
15476,803923.4863,148907.0488,826.7607,LL
15477,803902.2953,148893.7846,826.7512,LL
15478,803881.0838,148880.5532,826.7356,LL
15479,803859.8840,148867.3030,826.7108,LL
15480,803838.6817,148854.0568,826.7061,LL
15481,803817.4626,148840.8376,826.7111,LL
15482,803796.2523,148827.6042,826.6759,LL
15483,803775.0472,148814.3626,826.6483,LL
15484,803753.8370,148801.1290,826.6442,LL
15485,803732.6210,148787.9047,826.6378,LL
15486,803711.3999,148774.6887,826.6280,LL
15487,803690.1933,148761.4494,826.6154,LL
15488,803668.9872,148748.2093,826.6081,LL
15489,803647.7878,148734.9585,826.5988,LL
15490,803626.6202,148721.6568,826.6018,LL
15491,803605.3856,148708.4628,826.6191,LL
15492,803584.1388,148695.2881,826.6600,LL
15493,803562.9126,148682.0803,826.6981,LL
15494,803541.7055,148668.8419,826.7294,LL
15495,803520.5295,148655.5538,826.7824,LL
15496,803499.3074,148642.3395,826.8211,LL
15497,803478.0902,148629.1172,826.8897,LL
15498,803456.9044,148615.8448,826.9316,LL
15499,803435.6978,148602.6058,826.9972,LL
15500,803414.4497,148589.4333,827.0686,LL
15501,803393.2884,148576.1220,827.1009,LL
15502,803372.0932,148562.8646,827.1665,LL
15503,803350.8897,148549.6204,827.2221,LL
15504,803329.6593,148536.4194,827.2894,LL
15505,803308.4458,148523.1913,827.3413,LL
15506,803287.2820,148509.8837,827.3737,LL
15507,803266.1155,148496.5811,827.4579,LL
15508,803244.8783,148483.3915,827.5733,LL
15509,803223.6206,148470.2347,827.6567,LL
15510,803202.4028,148457.0136,827.6731,LL
15511,803181.1881,148443.7872,827.7319,LL
15512,803159.9789,148430.5522,827.8035,LL
15513,803138.7786,148417.3029,827.8684,LL
15514,803117.6089,148404.0048,827.9069,LL
15515,803096.3682,148390.8208,827.9572,LL
15516,803075.1554,148377.5914,828.0035,LL
15517,803053.9537,148364.3443,828.0358,LL
15518,803032.7431,148351.1115,828.0767,LL
15519,803011.5235,148337.8930,828.1039,LL
15520,802990.3313,148324.6306,828.1140,LL
15521,802969.1291,148311.3845,828.1340,LL
15522,802947.9330,148298.1283,828.1484,LL
15523,802926.7887,148284.7897,828.1773,LL
15524,802905.6330,148271.4694,828.2207,LL
15525,802884.3710,148258.3198,828.2505,LL
15526,802863.1239,148245.1458,828.2928,LL
15527,802841.8387,148232.0333,828.3508,LL
15528,802820.5749,148218.8861,828.3697,LL
15529,802799.3481,148205.6792,828.3764,LL
15530,802778.1897,148192.3630,828.4169,LL
15531,802757.0388,148179.0351,828.4467,LL
15532,802735.8616,148165.7487,828.4919,LL
15533,802714.6579,148152.5049,828.5129,LL
15534,802693.4453,148139.2751,828.5568,LL
15535,802672.2504,148126.0172,828.5913,LL
15536,802651.0152,148112.8238,828.6232,LL
15537,802629.7854,148099.6218,828.6518,LL
15538,802608.5539,148086.4226,828.6792,LL
15539,802587.3486,148073.1814,828.6973,LL
15540,802566.1754,148059.8886,828.7184,LL
15541,802544.9576,148046.6672,828.7101,LL
15542,802523.7586,148033.4161,828.7400,LL
15543,802502.5376,148020.1998,828.7662,LL
15544,802481.3772,148006.8869,828.8036,LL
15545,802460.2194,147993.5699,828.8338,LL
15546,802439.0011,147980.3494,828.8689,LL
15547,802417.7572,147967.1703,828.9054,LL
15548,802396.5506,147953.9309,828.9372,LL
15549,802375.3446,147940.6907,828.9589,LL
15550,802354.1448,147927.4405,828.9837,LL
15551,802332.9438,147914.1923,828.9967,LL
15552,802311.7555,147900.9237,829.0316,LL
15553,802290.5657,147887.6577,829.0731,LL
15554,802269.3404,147874.4485,829.1045,LL
15555,802248.1228,147861.2268,829.1450,LL
15556,802226.9094,147847.9984,829.2012,LL
15557,802205.7288,147834.7176,829.2259,LL
15558,802184.5360,147821.4563,829.2466,LL
15559,802163.3304,147808.2152,829.2769,LL
15560,802142.1291,147794.9675,829.2979,LL
15561,802120.9146,147781.7409,829.2968,LL
15562,802099.6881,147768.5335,829.3025,LL
15563,802078.4734,147755.3071,829.3291,LL
15564,802057.2635,147742.0731,829.3711,LL
15565,802036.0785,147728.7993,829.4059,LL
15566,802014.8801,147715.5469,829.4379,LL
15567,801993.6505,147702.3446,829.4754,LL
15568,801972.4446,147689.1042,829.4863,LL
15569,801951.2334,147675.8722,829.5163,LL
15570,801930.0430,147662.6082,829.5554,LL
15571,801908.8603,147649.3310,829.5666,LL
15572,801887.6749,147636.0579,829.5921,LL
15573,801866.4373,147622.8685,829.6366,LL
15574,801845.2262,147609.6366,829.7120,LL
15575,801824.0336,147596.3750,829.7781,LL
15576,801802.9107,147583.0026,829.8088,LL
15577,801781.7396,147569.7067,829.8410,LL
15578,801760.5378,147556.4599,829.8801,LL
15579,801739.3122,147543.2512,829.8951,LL
15580,801718.1221,147529.9854,829.9098,LL
15581,801696.9306,147516.7220,829.9283,LL
15582,801675.7250,147503.4812,829.9555,LL
15583,801654.4921,147490.2842,829.9962,LL
15584,801633.2796,147477.0543,830.0208,LL
15585,801612.0723,147463.8162,830.0683,LL
15586,801590.8648,147450.5785,830.1101,LL
15587,801569.6996,147437.2730,830.1319,LL
15588,801548.5016,147424.0201,830.1494,LL
15589,801527.3100,147410.7567,830.1649,LL
15590,801506.0821,147397.5518,830.1925,LL
15591,801484.8738,147384.3153,830.2332,LL
15592,801463.6213,147371.1498,830.2669,LL
15593,801442.4092,147357.9196,830.2853,LL
15594,801421.1716,147344.7300,830.3033,LL
15595,801399.9457,147331.5216,830.3135,LL
15596,801378.7225,147318.3090,830.3408,LL
15597,801357.5212,147305.0612,830.3646,LL
15598,801336.3322,147291.7937,830.4106,LL
15599,801315.1521,147278.5121,830.4496,LL
15600,801293.9569,147265.2546,830.4771,LL
15601,801272.7407,147252.0308,830.5303,LL
15602,801251.5289,147238.7999,830.5775,LL
15603,801230.3017,147225.5936,830.6078,LL
15604,801209.0869,147212.3675,830.6272,LL
15605,801187.9269,147199.0539,830.6331,LL
15606,801166.7235,147185.8096,830.6690,LL
15607,801145.5046,147172.5901,830.7125,LL
15608,801124.3072,147159.3360,830.7444,LL
15609,801103.0647,147146.1547,830.7898,LL
15610,801081.8177,147132.9804,830.8325,LL
15611,801060.5988,147119.7608,830.8358,LL
15612,801039.3874,147106.5293,830.8674,LL
15613,801018.1570,147093.3281,830.8899,LL
15614,800996.9154,147080.1451,830.9174,LL
15615,800975.6963,147066.9259,830.9653,LL
15616,800954.5092,147053.6554,830.9774,LL
15617,800933.3143,147040.3973,831.0068,LL
15618,800912.1260,147027.1287,831.0350,LL
15619,800890.8987,147013.9227,831.0403,LL
15620,800869.6762,147000.7088,831.0752,LL
15621,800848.4762,146987.4590,831.1009,LL
15622,800827.2645,146974.2279,831.1176,LL
15623,800806.0766,146960.9588,831.1761,LL
15624,800784.9001,146947.6714,831.1714,LL
15625,800763.6825,146934.4499,831.1999,LL
15626,800742.4275,146921.2884,831.2263,LL
15627,800721.2087,146908.0686,831.2379,LL
15628,800700.0280,146894.7881,831.2626,LL
15629,800678.8545,146881.4959,831.2888,LL
15630,800657.7206,146868.1408,831.3019,LL
15631,800636.5661,146854.8186,831.3513,LL
15632,800615.3271,146841.6314,831.3962,LL
15633,800594.0541,146828.4998,831.4444,LL
15634,800572.8332,146815.2834,831.4758,LL
15635,800551.6392,146802.0241,831.4968,LL
15636,800530.4394,146788.7739,831.5206,LL
15637,800509.2468,146775.5121,831.5579,LL
15638,800488.0527,146762.2529,831.5945,LL
15639,800466.8429,146749.0189,831.6321,LL
15640,800445.6366,146735.7792,831.6571,LL
15641,800424.4444,146722.5167,831.6782,LL
15642,800403.2399,146709.2742,831.7020,LL
15643,800382.0208,146696.0550,831.7489,LL
15644,800360.8068,146682.8276,831.8069,LL
15645,800339.5926,146669.6006,831.8471,LL
15646,800318.3928,146656.3503,831.8784,LL
15647,800297.2011,146643.0872,831.9113,LL
15648,800275.9959,146629.8457,831.9198,LL
15649,800254.8036,146616.5834,831.9352,LL
15650,800233.6024,146603.3354,831.9686,LL
15651,800212.4547,146590.0024,831.9984,LL
15652,800191.2615,146576.7420,832.0156,LL
15653,800170.0080,146563.5782,832.0442,LL
15654,800148.7632,146550.4002,832.0662,LL
15655,800127.5359,146537.1942,832.1011,LL
15656,800106.3510,146523.9203,832.1339,LL
15657,800085.1716,146510.6375,832.1893,LL
15658,800063.9785,146497.3768,832.2445,LL
15659,800042.7663,146484.1464,832.2758,LL
15660,800021.5489,146470.9245,832.3214,LL
15661,800000.3504,146457.6724,832.3631,LL
15662,799979.1196,146444.4720,832.3809,LL
15663,799957.9085,146431.2399,832.4021,LL
15664,799936.6973,146418.0079,832.4362,LL
15665,799915.4720,146404.7988,832.4763,LL
15666,799894.2886,146391.5226,832.5139,LL
15667,799873.0662,146378.3089,832.5245,LL
15668,799851.8339,146365.1108,832.5500,LL
15669,799830.6215,146351.8808,832.5878,LL
15670,799809.4145,146338.6425,832.6115,LL
15671,799788.2149,146325.3920,832.6295,LL
15672,799767.0417,146312.0993,832.6623,LL
15673,799745.8238,146298.8782,832.6785,LL
15674,799724.6164,146285.6402,832.7212,LL
15675,799703.4233,146272.3793,832.7530,LL
15676,799682.2436,146259.0971,832.7952,LL
15677,799661.0648,146245.8135,832.8360,LL
15678,799639.8907,146232.5223,832.8544,LL
15679,799618.7112,146219.2398,832.8853,LL
15680,799597.4870,146206.0287,832.9039,LL
15681,799576.2748,146192.7984,832.9361,LL
15682,799555.0543,146179.5815,832.9855,LL
15683,799533.8656,146166.3135,832.9860,LL
15684,799512.6848,146153.0330,832.9999,LL
15685,799491.5070,146139.7477,833.0535,LL
15686,799470.3219,146126.4741,833.1000,LL
15687,799449.1340,146113.2049,833.1078,LL
15688,799427.9660,146099.9040,833.0996,LL
15689,799406.7593,146086.6649,833.1221,LL
15690,799385.5553,146073.4214,833.1840,LL
15691,799364.3497,146060.1805,833.2034,LL
15692,799343.1416,146046.9438,833.2464,LL
15693,799321.9204,146033.7279,833.3092,LL
15694,799300.6887,146020.5289,833.3345,LL
15695,799279.4482,146007.3440,833.3682,LL
15696,799258.2258,145994.1302,833.4064,LL
15697,799236.9849,145980.9459,833.4489,LL
15698,799215.7545,145967.7449,833.4875,LL
15699,799194.5431,145954.5133,833.5071,LL
15700,799173.3438,145941.2624,833.5553,LL
15701,799152.1349,145928.0269,833.5893,LL
15702,799130.9936,145914.6835,833.5911,LL
15703,799109.8216,145901.3891,833.5957,LL
15704,799088.6521,145888.0905,833.6123,LL
15705,799067.4198,145874.8925,833.6297,LL
15706,799046.1745,145861.7154,833.6866,LL
15707,799024.9413,145848.5188,833.7061,LL
15708,799003.7161,145835.3094,833.7395,LL
15709,798982.5040,145822.0790,833.7856,LL
15710,798961.3004,145808.8350,833.7769,LL
15711,798940.1322,145795.5344,833.8012,LL
15712,798918.9442,145782.2654,833.8377,LL
15713,798897.7652,145768.9820,833.8764,LL
15714,798876.5783,145755.7112,833.9089,LL
15715,798855.3605,145742.4899,833.9482,LL
15716,798834.1164,145729.3108,833.9735,LL
15717,798812.8690,145716.1372,834.0081,LL
15718,798791.6467,145702.9230,834.0275,LL
15719,798770.4470,145689.6728,834.0669,LL
15720,798749.2390,145676.4357,834.0975,LL
15721,798728.0419,145663.1812,834.1434,LL
15722,798706.8381,145649.9374,834.1700,LL
15723,798685.6712,145636.6348,834.1810,LL
15724,798664.4968,145623.3440,834.2021,LL
15725,798643.3287,145610.0433,834.2506,LL
15726,798622.0912,145596.8537,834.2845,LL
15727,798600.8696,145583.6385,834.3195,LL
15728,798579.6511,145570.4183,834.3553,LL
15729,798558.4277,145557.2061,834.3773,LL
15730,798537.2516,145543.9184,834.4121,LL
15731,798516.0259,145530.7097,834.4363,LL
15732,798494.8279,145517.4573,834.4649,LL
15733,798473.5960,145504.2591,834.5140,LL
15734,798452.4019,145491.0006,834.5354,LL
15735,798431.1732,145477.7967,834.5562,LL
15736,798409.9329,145464.6116,834.5672,LL
15737,798388.7208,145451.3811,834.5811,LL
15738,798367.4907,145438.1795,834.5826,LL
15739,798346.2484,145424.9976,834.5769,LL
15740,798325.0043,145411.8186,834.5736,LL
15741,798303.7900,145398.5917,834.5683,LL
15742,798282.6068,145385.3149,834.5880,LL
15743,798261.4465,145372.0017,834.6101,LL
15744,798240.3064,145358.6565,834.6236,LL
15745,798219.0633,145345.4764,834.6229,LL
15746,798197.8968,145332.1736,834.5953,LL
15747,798176.6333,145319.0259,834.5688,LL
15748,798155.3964,145305.8355,834.5364,LL
15749,798134.1976,145292.5837,834.5192,LL
15750,798113.0123,145279.3103,834.4947,LL
15751,798091.8256,145266.0391,834.4925,LL
15752,798070.5942,145252.8396,834.4938,LL
15753,798049.4164,145239.5547,834.4668,LL
15754,798028.2428,145226.2630,834.4406,LL
15755,798007.0253,145213.0412,834.4053,LL
15756,797985.7902,145199.8483,834.3850,LL
15757,797964.6178,145186.5544,834.3685,LL
15758,797943.3799,145173.3653,834.3239,LL
15759,797922.1259,145160.2023,834.2940,LL
15760,797900.8791,145147.0277,834.2560,LL
15761,797879.6459,145133.8312,834.2263,LL
15762,797858.4327,145120.6025,834.1814,LL
15763,797837.2476,145107.3288,834.1321,LL
15764,797816.0506,145094.0742,834.0837,LL
15765,797794.8529,145080.8210,834.0142,LL
15766,797773.6821,145067.5246,833.9591,LL
15767,797752.4975,145054.2503,833.9005,LL
15768,797731.3280,145040.9519,833.8455,LL
15769,797710.0923,145027.7596,833.7544,LL
15770,797688.8685,145014.5480,833.6888,LL
15771,797667.6566,145001.3174,833.6314,LL
15772,797646.4447,144988.0867,833.5681,LL
15773,797625.2441,144974.8380,833.4963,LL
15774,797604.1185,144961.4699,833.4156,LL
15775,797582.9526,144948.1660,833.3399,LL
15776,797561.7702,144934.8883,833.2727,LL
15777,797540.5195,144921.7202,833.1831,LL
15778,797519.2665,144908.5557,833.1141,LL
15779,797498.0172,144895.3852,833.0424,LL
15780,797476.8054,144882.1547,832.9511,LL
15781,797455.6051,144868.9056,832.8622,LL
15782,797434.4015,144855.6618,832.7413,LL
15783,797413.1929,144842.4262,832.6358,LL
15784,797391.9989,144829.1670,832.5466,LL
15785,797370.7822,144815.9442,832.4368,LL
15786,797349.5733,144802.7090,832.3357,LL
15787,797328.3532,144789.4917,832.2401,LL
15788,797307.1704,144776.2149,832.1438,LL
15789,797285.9787,144762.9522,832.0564,LL
15790,797264.8113,144749.6506,831.9642,LL
15791,797243.6188,144736.3889,831.8938,LL
15792,797222.3967,144723.1746,831.8318,LL
15793,797201.1598,144709.9841,831.7662,LL
15794,797179.9367,144696.7716,831.6713,LL
15795,797158.6981,144683.5840,831.5750,LL
15796,797137.5137,144670.3103,831.4606,LL
15797,797116.2914,144657.0966,831.3681,LL
15798,797095.1151,144643.8092,831.2473,LL
15799,797073.9064,144630.5739,831.1262,LL
15800,797052.6744,144617.3759,831.0186,LL
15801,797031.4549,144604.1576,830.9002,LL
15802,797014.1785,144593.3871,830.8141,LL,E
15803,804354.7939,149176.2589,826.1404,LL,B
15804,804333.5774,149163.0354,826.1586,LL
15805,804326.4227,149158.5761,826.1619,LL,E
15806,794094.6148,143390.1460,808.0009,LL,B
15807,794080.5387,143388.7043,808.0202,LL,E
15808,790359.0904,142842.8739,833.4710,LL,B
15809,790334.3421,142839.3363,833.3811,LL
15810,790320.6394,142837.3777,833.3461,LL,E
15811,788189.2339,142529.5663,828.7232,LL,B
15812,788164.7457,142524.5337,828.6322,LL
15813,788153.4745,142522.2173,828.6347,LL,E
15814,787882.6464,142376.7361,825.8473,LL,B
15815,787859.1241,142368.2685,825.7847,LL
15816,787835.6620,142359.6378,825.7290,LL
15817,787812.2828,142350.7827,825.6835,LL
15818,787789.0513,142341.5510,825.6166,LL
15819,787773.3510,142335.2269,825.5766,LL,E
15820,787505.4404,142190.1370,824.1701,LL,B
15821,787483.8072,142177.6070,824.1383,LL
15822,787462.2672,142164.9179,824.1131,LL
15823,787440.9338,142151.8843,824.0711,LL
15824,787419.7755,142138.5687,824.0295,LL
15825,787398.8255,142124.9275,823.9823,LL
15826,787378.0644,142111.0005,823.9542,LL
15827,787357.4602,142096.8421,823.9423,LL
15828,787336.9590,142082.5350,823.9467,LL
15829,787316.6058,142068.0180,823.9745,LL
15830,787296.4230,142053.2652,824.0110,LL
15831,787276.3875,142038.3129,824.0057,LL
15832,787256.3742,142023.3311,824.0198,LL
15833,787236.5423,142008.1097,824.0346,LL
15834,787216.9426,141992.5907,824.0521,LL
15835,787197.6178,141976.7319,824.0735,LL
15836,787178.5539,141960.5595,824.1054,LL
15837,787159.6171,141944.2380,824.1466,LL
15838,787140.7921,141927.7878,824.2015,LL
15839,787122.2082,141911.0660,824.2574,LL
15840,787103.8233,141894.1259,824.3182,LL
15841,787085.3790,141877.2499,824.4044,LL
15842,787066.9965,141860.3066,824.4983,LL
15843,787048.7980,141843.1660,824.5890,LL
15844,787030.8411,141825.7729,824.6509,LL
15845,787013.3706,141807.8964,824.7136,LL
15846,786996.5028,141789.4453,824.7414,LL
15847,786979.1954,141771.4070,824.8764,LL
15848,786962.4990,141752.8067,824.9457,LL
15849,786946.1549,141733.8895,824.9432,LL
15850,786929.8204,141714.9638,824.9849,LL
15851,786913.5402,141695.9917,825.0080,LL
15852,786897.4784,141676.8351,824.9957,LL
15853,786881.7353,141657.4145,824.9984,LL
15854,786866.2122,141637.8183,825.0075,LL
15855,786850.9798,141617.9952,825.0005,LL
15856,786835.7584,141598.1633,825.0066,LL
15857,786821.0282,141577.9644,825.0143,LL
15858,786806.5873,141557.5572,825.0370,LL
15859,786792.1316,141537.1605,825.1036,LL
15860,786777.8510,141516.6408,825.1930,LL
15861,786763.8433,141495.9351,825.3027,LL
15862,786750.1975,141474.9881,825.4042,LL
15863,786736.7487,141453.9143,825.5243,LL
15864,786723.5188,141432.7023,825.6381,LL
15865,786710.5023,141411.3586,825.7478,LL
15866,786697.6604,141389.9094,825.8696,LL
15867,786684.9224,141368.3987,826.0286,LL
15868,786672.2264,141346.8634,826.2269,LL
15869,786659.6742,141325.2441,826.4293,LL
15870,786647.3543,141303.4910,826.5531,LL
15871,786635.0072,141281.7534,826.6670,LL
15872,786622.8299,141259.9201,826.7990,LL
15873,786610.5679,141238.1346,826.9856,LL
15874,786598.2442,141216.3836,827.1227,LL
15875,786585.9528,141194.6144,827.2742,LL
15876,786573.7492,141172.7959,827.4185,LL
15877,786561.4809,141151.0139,827.5732,LL
15878,786549.2019,141129.2379,827.7506,LL
15879,786536.9049,141107.4717,827.8627,LL
15880,786524.6025,141085.7086,827.9850,LL
15881,786512.2964,141063.9476,828.0847,LL
15882,786500.0058,141042.1776,828.1362,LL
15883,786487.6245,141020.4590,828.2350,LL
15884,786475.2365,140998.7443,828.2874,LL
15885,786462.9161,140976.9911,828.3405,LL
15886,786450.6396,140955.2131,828.4026,LL
15887,786438.3297,140933.4539,828.4739,LL
15888,786426.0180,140911.6958,828.5606,LL
15889,786413.7627,140889.9059,828.6409,LL
15890,786401.4341,140868.1574,828.7292,LL
15891,786389.1121,140846.4052,828.8100,LL
15892,786376.7319,140824.6861,828.9046,LL
15893,786364.4163,140802.9305,828.9933,LL
15894,786352.0930,140781.1790,829.0514,LL
15895,786339.8557,140759.3790,829.1043,LL
15896,786327.6124,140737.5823,829.1768,LL
15897,786315.3357,140715.8044,829.1938,LL
15898,786303.0290,140694.0434,829.2604,LL
15899,786290.8741,140672.1973,829.3164,LL
15900,786278.7014,140650.3615,829.4004,LL
15901,786266.5234,140628.5282,829.4267,LL
15902,786254.3182,140606.7101,829.4710,LL
15903,786242.1933,140584.8473,829.5379,LL
15904,786230.0926,140562.9710,829.5828,LL
15905,786218.0336,140541.0717,829.5992,LL
15906,786205.9746,140519.1725,829.6164,LL
15907,786193.8152,140497.3288,829.6289,LL
15908,786181.6140,140475.5085,829.6392,LL
15909,786169.3304,140453.7344,829.6421,LL
15910,786157.0333,140431.9679,829.6380,LL
15911,786144.6592,140410.2452,829.6336,LL
15912,786132.3232,140388.5007,829.6274,LL
15913,786120.0313,140366.7312,829.6233,LL
15914,786107.7744,140344.9421,829.6238,LL
15915,786095.5318,140323.1449,829.6138,LL
15916,786083.2516,140301.3689,829.6024,LL
15917,786070.9418,140279.6096,829.5941,LL
15918,786058.6594,140257.8348,829.6099,LL
15919,786046.4260,140236.0324,829.5971,LL
15920,786034.1899,140214.2316,829.5924,LL
15921,786021.8769,140192.4741,829.5756,LL
15922,786009.5858,140170.7043,829.5492,LL
15923,785997.3464,140148.9052,829.5125,LL
15924,785985.0628,140127.1312,829.4614,LL
15925,785972.7744,140105.3599,829.4104,LL
15926,785960.5152,140083.5721,829.3516,LL
15927,785948.2856,140061.7677,829.2789,LL
15928,785936.0425,140039.9708,829.2130,LL
15929,785923.7994,140018.1740,829.1465,LL
15930,785911.5516,139996.3798,829.0904,LL
15931,785899.2899,139974.5935,829.0267,LL
15932,785887.0449,139952.7976,828.9824,LL
15933,785874.8316,139930.9841,828.9482,LL
15934,785862.5708,139909.1971,828.9251,LL
15935,785850.3033,139887.4140,828.8912,LL
15936,785837.9749,139865.6653,828.8193,LL
15937,785825.6614,139843.9082,828.7656,LL
15938,785813.3987,139822.1224,828.6976,LL
15939,785801.1239,139800.3435,828.6227,LL
15940,785788.8681,139778.5538,828.5548,LL
15941,785776.6168,139756.7616,828.4917,LL
15942,785764.3618,139734.9714,828.4392,LL
15943,785752.0722,139713.2007,828.4172,LL
15944,785739.7712,139691.4366,828.3286,LL
15945,785727.4616,139669.6773,828.2748,LL
15946,785715.1899,139647.8965,828.2219,LL
15947,785702.9094,139626.1207,828.1669,LL
15948,785690.5946,139604.3643,828.1170,LL
15949,785678.2782,139582.6088,828.0536,LL
15950,785665.9682,139560.8497,828.0185,LL
15951,785653.6756,139539.0807,827.9802,LL
15952,785641.3479,139517.3317,827.9121,LL
15953,785629.0911,139495.5424,827.8671,LL
15954,785616.8401,139473.7500,827.8291,LL
15955,785604.5939,139451.9549,827.7769,LL
15956,785592.3416,139430.1633,827.7298,LL
15957,785580.0782,139408.3778,827.6820,LL
15958,785567.8376,139386.5796,827.6233,LL
15959,785555.5852,139364.7880,827.5600,LL
15960,785543.2816,139343.0252,827.4861,LL
15961,785530.9732,139321.2652,827.4315,LL
15962,785518.6560,139299.5102,827.3666,LL
15963,785506.3253,139277.7628,827.3009,LL
15964,785494.0893,139255.9620,827.2363,LL
15965,785481.8609,139234.1570,827.1718,LL
15966,785469.5805,139212.3811,827.1095,LL
15967,785457.3017,139190.6043,827.0646,LL
15968,785445.0377,139168.8192,827.0148,LL
15969,785432.8324,139147.0012,826.9615,LL
15970,785420.5967,139125.2003,826.8760,LL
15971,785408.3617,139103.3990,826.7852,LL
15972,785396.1637,139081.5770,826.7134,LL
15973,785384.0050,139059.7331,826.6580,LL
15974,785371.7091,139037.9660,826.6144,LL
15975,785359.4442,139016.1814,826.5675,LL
15976,785347.1730,138994.4004,826.5171,LL
15977,785334.8120,138972.6701,826.4596,LL
15978,785322.5185,138950.9017,826.3937,LL
15979,785310.2127,138929.1403,826.3314,LL
15980,785297.9176,138907.3727,826.2630,LL
15981,785285.5797,138885.6294,826.2115,LL
15982,785273.2742,138863.8677,826.1734,LL
15983,785260.9620,138842.1098,826.1394,LL
15984,785248.6485,138820.3526,826.1142,LL
15985,785236.4189,138798.5482,826.0615,LL
15986,785224.1042,138776.7917,826.0071,LL
15987,785211.8355,138755.0093,825.9468,LL
15988,785199.5806,138733.2191,825.9100,LL
15989,785187.3433,138711.4190,825.8889,LL
15990,785175.0516,138689.6494,825.8826,LL
15991,785162.7525,138667.8841,825.8267,LL
15992,785150.4574,138646.1165,825.7747,LL
15993,785138.1283,138624.3682,825.7060,LL
15994,785125.7655,138602.6391,825.6343,LL
15995,785113.4653,138580.8744,825.5836,LL
15996,785101.1406,138559.1236,825.5465,LL
15997,785088.8313,138537.3641,825.4958,LL
15998,785076.5193,138515.6060,825.4472,LL
15999,785064.2208,138493.8404,825.3947,LL
16000,785051.9371,138472.0665,825.3250,LL
16001,785039.6307,138450.3053,825.2725,LL
16002,785027.3505,138428.5292,825.2269,LL
16003,785015.0527,138406.7632,825.1857,LL
16004,785002.7146,138385.0200,825.1378,LL
16005,784990.4218,138363.2511,825.0919,LL
16006,784978.1022,138341.4973,825.0520,LL
16007,784965.8073,138319.7296,825.0155,LL
16008,784953.5108,138297.9629,824.9672,LL
16009,784941.2109,138276.1980,824.9125,LL
16010,784928.9184,138254.4290,824.8451,LL
16011,784916.6045,138232.6720,824.7841,LL
16012,784904.3364,138210.8893,824.7287,LL
16013,784892.0428,138189.1209,824.6778,LL
16014,784879.7697,138167.3409,824.6388,LL
16015,784867.5070,138145.5550,824.6071,LL
16016,784855.2432,138123.7698,824.5684,LL
16017,784842.9672,138101.9915,824.5273,LL
16018,784830.7352,138080.1883,824.4895,LL
16019,784818.4744,138058.4014,824.4559,LL
16020,784806.2444,138036.5971,824.4189,LL
16021,784793.9664,138014.8199,824.3664,LL
16022,784781.7019,137993.0351,824.3116,LL
16023,784769.4194,137971.2604,824.2562,LL
16024,784757.1598,137949.4728,824.2100,LL
16025,784744.9270,137927.6701,824.1484,LL
16026,784732.6570,137905.8884,824.0973,LL
16027,784720.4070,137884.0955,824.0430,LL
16028,784708.1803,137862.2896,823.9916,LL
16029,784695.9149,137840.5055,823.9162,LL
16030,784683.6605,137818.7150,823.8616,LL
16031,784671.3540,137796.9539,823.8189,LL
16032,784659.1016,137775.1623,823.7781,LL
16033,784646.8514,137753.3694,823.7273,LL
16034,784634.5998,137731.5773,823.6799,LL
16035,784622.3073,137709.8083,823.6158,LL
16036,784609.9858,137688.0557,823.5585,LL
16037,784597.7263,137666.2681,823.5076,LL
16038,784585.4674,137644.4801,823.4622,LL
16039,784573.2075,137622.6926,823.4368,LL
16040,784560.9476,137600.9052,823.3694,LL
16041,784548.6624,137579.1322,823.3006,LL
16042,784536.4093,137557.3410,823.2345,LL
16043,784524.1618,137535.5467,823.1707,LL
16044,784511.8867,137513.7678,823.1216,LL
16045,784499.6119,137491.9888,823.0583,LL
16046,784487.3414,137470.2074,822.9835,LL
16047,784475.0305,137448.4488,822.9154,LL
16048,784462.7544,137426.6707,822.8435,LL
16049,784450.4554,137404.9054,822.7674,LL
16050,784438.1823,137383.1254,822.7049,LL
16051,784425.8742,137361.3653,822.6337,LL
16052,784413.5686,137339.6038,822.5650,LL
16053,784401.3026,137317.8199,822.4850,LL
16054,784388.9718,137296.0726,822.3964,LL
16055,784376.6567,137274.3165,822.3079,LL
16056,784364.3508,137252.5552,822.2263,LL
16057,784352.0635,137230.7833,822.1290,LL
16058,784339.8380,137208.9770,822.0275,LL
16059,784327.5661,137187.1965,821.9387,LL
16060,784315.2816,137165.4232,821.8117,LL
16061,784302.9793,137143.6599,821.7007,LL
16062,784290.7160,137121.8747,821.5947,LL
16063,784278.4164,137100.1099,821.4842,LL
16064,784266.1296,137078.3379,821.3680,LL
16065,784253.7899,137056.5960,821.2327,LL
16066,784241.4954,137034.8285,821.0854,LL
16067,784229.2303,137013.0443,820.9623,LL
16068,784216.9782,136991.2526,820.8630,LL
16069,784204.7160,136969.4668,820.7483,LL
16070,784192.4524,136947.6817,820.6224,LL
16071,784180.1694,136925.9077,820.4940,LL
16072,784167.8724,136904.1420,820.3296,LL
16073,784155.5407,136882.3959,820.1690,LL
16074,784143.2650,136860.6181,820.0268,LL
16075,784130.9991,136838.8344,819.8795,LL
16076,784118.7353,136817.0498,819.7166,LL
16077,784106.4748,136795.2634,819.5395,LL
16078,784094.1830,136773.4947,819.3527,LL
16079,784081.8992,136751.7213,819.1800,LL
16080,784069.5600,136729.9790,819.0561,LL
16081,784057.2018,136708.2486,818.9454,LL
16082,784044.9981,136686.4300,818.8081,LL
16083,784032.8119,136664.6018,818.6443,LL
16084,784020.6051,136642.7851,818.4935,LL
16085,784008.3763,136620.9807,818.3470,LL
16086,783996.0536,136599.2293,818.1923,LL
16087,783983.7029,136577.4938,818.0460,LL
16088,783971.3596,136555.7540,817.8960,LL
16089,783959.0261,136534.0087,817.7419,LL
16090,783946.6773,136512.2719,817.6107,LL
16091,783934.3667,136490.5138,817.4700,LL
16092,783922.1256,136468.7165,817.3255,LL
16093,783909.8729,136446.9259,817.1946,LL
16094,783909.7927,136446.7782,817.2173,LL,E
16095,787377.2507,142232.3149,828.4761,LL,B
16096,787356.0461,142219.0726,828.5073,LL
16097,787335.0819,142205.4542,828.4758,LL
16098,787314.4835,142191.2882,828.4372,LL
16099,787293.8062,142177.2365,828.4636,LL
16100,787273.3309,142162.8941,828.4606,LL
16101,787253.1339,142148.1610,828.4236,LL
16102,787232.9961,142133.3477,828.4362,LL
16103,787212.9797,142118.3696,828.4536,LL
16104,787193.1399,142103.1587,828.4482,LL
16105,787173.5388,142087.6418,828.4326,LL
16106,787154.0845,142071.9407,828.4363,LL
16107,787134.8413,142055.9816,828.4642,LL
16108,787115.7223,142039.8740,828.4995,LL
16109,787096.7560,142023.5867,828.5323,LL
16110,787078.0058,142007.0516,828.5670,LL
16111,787059.3014,141990.4643,828.6192,LL
16112,787040.7098,141973.7512,828.6495,LL
16113,787022.4219,141956.7113,828.6903,LL
16114,787004.2844,141939.5059,828.7622,LL
16115,786986.2931,141922.1484,828.8397,LL
16116,786968.5591,141904.5275,828.8956,LL
16117,786951.1283,141886.6069,828.9350,LL
16118,786933.8844,141868.5065,828.9929,LL
16119,786917.0245,141850.0477,829.0440,LL
16120,786900.3256,141831.4429,829.0339,LL
16121,786883.7095,141812.7642,829.0589,LL
16122,786867.0396,141794.1338,829.1589,LL
16123,786850.5041,141775.3838,829.2619,LL
16124,786834.2986,141756.3482,829.3102,LL
16125,786818.3870,141737.0663,829.3050,LL
16126,786802.7379,141717.5702,829.2347,LL
16127,786787.1302,141698.0412,829.3567,LL
16128,786771.5955,141678.4542,829.4413,LL
16129,786756.5417,141658.4948,829.5015,LL
16130,786741.6404,141638.4213,829.5595,LL
16131,786726.9528,141618.1910,829.6067,LL
16132,786712.4772,141597.8084,829.6255,LL
16133,786698.1948,141577.2900,829.6120,LL
16134,786684.0674,141556.6644,829.5815,LL
16135,786670.2381,141535.8382,829.5222,LL
16136,786656.6570,141514.8491,829.4577,LL
16137,786643.2848,141493.7261,829.4148,LL
16138,786630.1563,141472.4511,829.3586,LL
16139,786617.2029,141451.0689,829.2949,LL
16140,786604.4959,141429.5395,829.2134,LL
16141,786592.0548,141407.8554,829.1656,LL
16142,786579.7398,141386.0990,829.1690,LL
16143,786567.4934,141364.3040,829.1429,LL
16144,786555.2624,141342.5005,829.0937,LL
16145,786543.1849,141320.6115,829.0435,LL
16146,786531.3139,141298.6101,828.9683,LL
16147,786519.5429,141276.5551,828.8816,LL
16148,786507.7050,141254.5358,828.7977,LL
16149,786495.9023,141232.4974,828.7425,LL
16150,786484.1571,141210.4283,828.6866,LL
16151,786472.5456,141188.2886,828.6311,LL
16152,786460.8408,141166.1980,828.5878,LL
16153,786449.0773,141144.1387,828.5351,LL
16154,786437.2934,141122.0905,828.4895,LL
16155,786425.3247,141100.1423,828.4417,LL
16156,786413.1805,141078.2901,828.4114,LL
16157,786400.8720,141056.5302,828.4249,LL
16158,786388.5926,141034.7537,828.4511,LL
16159,786376.3669,141012.9471,828.4417,LL
16160,786364.0491,140991.1924,828.4484,LL
16161,786351.7735,140969.4139,828.5135,LL
16162,786339.4838,140947.6434,828.5128,LL
16163,786327.2123,140925.8624,828.5214,LL
16164,786314.9153,140904.0959,828.5621,LL
16165,786302.6004,140882.3396,828.6231,LL
16166,786290.2460,140860.6057,828.6938,LL
16167,786277.8509,140838.8951,828.7646,LL
16168,786265.4942,140817.1626,828.8382,LL
16169,786253.1228,140795.4383,828.9044,LL
16170,786240.8257,140773.6719,828.9895,LL
16171,786228.5220,140751.9094,829.0793,LL
16172,786216.2204,140730.1457,829.1723,LL
16173,786203.8894,140708.3985,829.2464,LL
16174,786191.5246,140686.6705,829.3179,LL
16175,786179.1466,140664.9499,829.3590,LL
16176,786166.8707,140643.1717,829.3962,LL
16177,786154.5981,140621.3913,829.4290,LL
16178,786142.2840,140599.6345,829.4610,LL
16179,786130.0038,140577.8586,829.5192,LL
16180,786117.7711,140556.0560,829.5962,LL
16181,786105.5230,140534.2619,829.6496,LL
16182,786093.2896,140512.4596,829.6692,LL
16183,786081.0758,140490.6462,829.6695,LL
16184,786068.8219,140468.8554,829.6833,LL
16185,786056.6136,140447.0390,829.7113,LL
16186,786044.3846,140425.2342,829.7099,LL
16187,786032.1137,140403.4530,829.6971,LL
16188,786019.8688,140381.6571,829.7084,LL
16189,786007.6544,140359.8442,829.7516,LL
16190,785995.4257,140338.0392,829.8028,LL
16191,785983.1744,140316.2469,829.8330,LL
16192,785970.8995,140294.4679,829.8563,LL
16193,785958.5780,140272.7154,829.9056,LL
16194,785946.2255,140250.9803,829.9058,LL
16195,785933.8700,140229.2470,829.8243,LL
16196,785921.5474,140207.4951,829.7531,LL
16197,785909.2858,140185.7086,829.7050,LL
16198,785897.1256,140163.8654,829.6610,LL
16199,785884.9300,140142.0419,829.6334,LL
16200,785872.7484,140120.2106,829.5904,LL
16201,785860.5802,140098.3719,829.5470,LL
16202,785848.3872,140076.5469,829.4895,LL
16203,785836.1636,140054.7391,829.4419,LL
16204,785823.9211,140032.9419,829.3907,LL
16205,785811.6593,140011.1556,829.3443,LL
16206,785799.5003,139989.3119,829.2888,LL
16207,785787.2871,139967.4983,829.2208,LL
16208,785775.0445,139945.7012,829.1607,LL
16209,785762.8052,139923.9022,829.1058,LL
16210,785750.6577,139902.0522,829.0519,LL
16211,785738.5837,139880.1612,828.9953,LL
16212,785726.4817,139858.2858,828.9308,LL
16213,785714.3406,139836.4319,828.8825,LL
16214,785702.1766,139814.5908,828.8447,LL
16215,785690.0004,139792.7565,828.8032,LL
16216,785677.8332,139770.9172,828.7502,LL
16217,785665.7042,139749.0567,828.6921,LL
16218,785653.6373,139727.1618,828.6457,LL
16219,785641.5763,139705.2637,828.5782,LL
16220,785629.5326,139683.3561,828.5268,LL
16221,785617.4304,139661.4807,828.4771,LL
16222,785605.2940,139639.6243,828.4203,LL
16223,785593.1947,139617.7473,828.3738,LL
16224,785581.1040,139595.8655,828.3209,LL
16225,785568.9776,139574.0036,828.2526,LL
16226,785556.8631,139552.1350,828.2062,LL
16227,785544.7682,139530.2556,828.1600,LL
16228,785532.6531,139508.3873,828.1133,LL
16229,785520.4637,139486.5603,828.0650,LL
16230,785508.2743,139464.7334,828.0255,LL
16231,785496.0829,139442.9077,827.9768,LL
16232,785484.0190,139421.0112,827.9286,LL
16233,785472.0538,139399.0606,827.8742,LL
16234,785459.9747,139377.1725,827.8066,LL
16235,785447.7652,139355.3569,827.7311,LL
16236,785435.6097,139333.5111,827.6891,LL
16237,785423.5304,139311.6230,827.6398,LL
16238,785411.3430,139289.7949,827.5955,LL
16239,785399.2091,139267.9371,827.5487,LL
16240,785387.1156,139246.0570,827.4898,LL
16241,785375.1220,139224.1218,827.4420,LL
16242,785363.1844,139202.1562,827.3788,LL
16243,785351.2088,139180.2114,827.2715,LL
16244,785339.1961,139158.2870,827.1511,LL
16245,785327.1475,139136.3821,827.0647,LL
16246,785315.0604,139114.4985,826.9795,LL
16247,785303.0086,139092.5955,826.8632,LL
16248,785290.9340,139070.7051,826.7601,LL
16249,785278.8352,139048.8280,826.6753,LL
16250,785266.7411,139026.9482,826.6077,LL
16251,785254.6305,139005.0775,826.5450,LL
16252,785242.5313,138983.2005,826.4750,LL
16253,785230.3947,138961.3442,826.3966,LL
16254,785218.2815,138939.4751,826.3042,LL
16255,785206.2441,138917.5640,826.2375,LL
16256,785194.1327,138895.6936,826.2158,LL
16257,785181.9598,138873.8575,826.1721,LL
16258,785169.7651,138852.0335,826.1387,LL
16259,785157.5107,138830.2430,826.1157,LL
16260,785145.2705,138808.4444,826.0965,LL
16261,785133.0514,138786.6340,826.0787,LL
16262,785120.8480,138764.8149,826.0461,LL
16263,785108.6298,138743.0040,826.0156,LL
16264,785096.3084,138721.2513,826.0217,LL
16265,785084.0609,138699.4571,826.0194,LL
16266,785071.6441,138677.7590,826.0306,LL
16267,785059.3525,138655.9894,826.0285,LL
16268,785047.2705,138634.1030,826.0224,LL
16269,785035.0155,138612.3133,825.9925,LL
16270,785022.6070,138590.6105,825.9530,LL
16271,785010.2398,138568.8838,825.9327,LL
16272,784997.9014,138547.1407,825.9033,LL
16273,784985.6033,138525.3748,825.8797,LL
16274,784973.3641,138503.5757,825.8240,LL
16275,784961.1504,138481.7625,825.7398,LL
16276,784948.9048,138459.9672,825.6775,LL
16277,784936.5873,138438.2124,825.6053,LL
16278,784924.2767,138416.4537,825.5423,LL
16279,784911.9153,138394.7237,825.5021,LL
16280,784899.4979,138373.0257,825.4394,LL
16281,784887.2382,138351.2383,825.3858,LL
16282,784875.1021,138329.3817,825.3308,LL
16283,784862.9330,138307.5436,825.2625,LL
16284,784850.6749,138285.7552,825.1904,LL
16285,784838.3880,138263.9830,825.1485,LL
16286,784826.1465,138242.1853,825.0872,LL
16287,784813.9119,138220.3838,825.0204,LL
16288,784801.6832,138198.5789,824.9346,LL
16289,784789.4321,138176.7867,824.8567,LL
16290,784777.1375,138155.0189,824.7878,LL
16291,784764.8038,138133.2732,824.7507,LL
16292,784752.4909,138111.5157,824.7195,LL
16293,784740.2547,138089.7150,824.6543,LL
16294,784727.9824,138067.9347,824.5769,LL
16295,784715.6796,138046.1716,824.5255,LL
16296,784703.3460,138024.4258,824.4799,LL
16297,784691.0086,138002.6823,824.4434,LL
16298,784678.7696,137980.8832,824.3957,LL
16299,784666.5441,137959.0765,824.3422,LL
16300,784654.2732,137937.2953,824.2994,LL
16301,784641.9988,137915.5161,824.2454,LL
16302,784629.7217,137893.7384,824.1834,LL
16303,784617.4639,137871.9498,824.1243,LL
16304,784605.2147,137850.1567,823.9957,LL
16305,784593.0327,137828.3257,823.9384,LL
16306,784580.7991,137806.5236,823.9690,LL
16307,784568.5285,137784.7427,823.9322,LL
16308,784556.0377,137763.0881,823.8486,LL
16309,784552.5489,137757.0674,823.8461,LL,E
16310,786896.9976,141793.5871,827.6144,LL,B
16311,786880.4640,141774.8352,827.6903,LL
16312,786872.4316,141765.7252,827.7351,LL,E
16313,787035.6637,141846.6512,825.4971,LL,B
16314,787017.8329,141829.1281,825.5868,LL
16315,787000.4900,141811.1280,825.6434,LL
16316,786983.4023,141792.8798,825.7029,LL
16317,786966.5591,141774.4062,825.7570,LL
16318,786957.9567,141764.9709,825.7940,LL,E
16319,786288.4633,140716.3201,829.4222,LL,B
16320,786276.1691,140694.5521,829.4401,LL
16321,786264.0227,140672.7015,829.4318,LL
16322,786251.9471,140650.8113,829.4428,LL
16323,786239.7558,140628.9858,829.4828,LL
16324,786227.4126,140607.2458,829.5390,LL
16325,786215.2281,140585.4169,829.5901,LL
16326,786202.9247,140563.6540,829.6351,LL
16327,786190.6566,140541.8712,829.6752,LL
16328,786178.3564,140520.1065,829.6818,LL
16329,786166.0884,140498.3236,829.6824,LL
16330,786153.7568,140476.5766,829.6963,LL
16331,786141.4246,140454.8300,829.7296,LL
16332,786129.1105,140433.0731,829.7123,LL
16333,786116.8071,140411.3103,829.7063,LL
16334,786104.4939,140389.5529,829.6868,LL
16335,786092.2100,140367.7790,829.6548,LL
16336,786079.8976,140346.0211,829.6566,LL
16337,786067.5808,140324.2658,829.6527,LL
16338,786055.3618,140302.4554,829.6540,LL
16339,786043.1086,140280.6641,829.6466,LL
16340,786030.8443,140258.8791,829.6444,LL
16341,786018.5308,140237.1218,829.6426,LL
16342,786006.2131,140215.3670,829.6304,LL
16343,785993.9013,140193.6088,829.6044,LL
16344,785981.5639,140171.8652,829.5729,LL
16345,785969.2895,140150.0860,829.5372,LL
16346,785957.0086,140128.3104,829.4966,LL
16347,785944.7696,140106.5112,829.4519,LL
16348,785932.5759,140084.6866,829.3891,LL
16349,785920.3638,140062.8725,829.3470,LL
16350,785908.1331,140041.0687,829.2647,LL
16351,785895.8988,140019.2668,829.2080,LL
16352,785883.6456,139997.4757,829.1417,LL
16353,785871.4106,139975.6744,829.0865,LL
16354,785859.1324,139953.8972,829.0557,LL
16355,785846.8833,139932.1038,829.0377,LL
16356,785834.5774,139910.3423,828.9781,LL
16357,785822.3227,139888.5519,828.9279,LL
16358,785810.0384,139866.7783,828.8617,LL
16359,785797.7877,139844.9857,828.7937,LL
16360,785785.5763,139823.1711,828.7430,LL
16361,785773.3488,139801.3655,828.6589,LL
16362,785761.1324,139779.5537,828.6075,LL
16363,785748.8911,139757.7559,828.5545,LL
16364,785736.6173,139735.9763,828.4877,LL
16365,785724.3682,139714.1829,828.4276,LL
16366,785712.0767,139692.4133,828.3691,LL
16367,785699.8028,139670.6338,828.3165,LL
16368,785687.5536,139648.8404,828.2488,LL
16369,785675.3131,139627.0420,828.1860,LL
16370,785663.0298,139605.2678,828.1426,LL
16371,785650.7131,139583.5125,828.0892,LL
16372,785638.3430,139561.7876,828.0328,LL
16373,785626.2813,139539.8910,828.0018,LL
16374,785613.9475,139518.1463,827.9761,LL
16375,785601.8156,139496.2880,827.9829,LL
16376,785589.6516,139474.4471,827.9293,LL
16377,785577.3775,139452.6677,827.8488,LL
16378,785565.0380,139430.9253,827.8107,LL
16379,785552.7227,139409.1692,827.7660,LL
16380,785540.4702,139387.3777,827.6855,LL
16381,785528.1685,139365.6139,827.6045,LL
16382,785515.8541,139343.8574,827.5052,LL
16383,785503.5433,139322.0987,827.4511,LL
16384,785490.9771,139300.4893,827.3989,LL
16385,785490.9670,139300.4726,827.3981,LL,E
16386,786305.2646,140746.1879,829.3332,LL,B
16387,786293.0077,140724.3988,829.3946,LL
16388,786288.4633,140716.3201,829.4222,LL,E
16389,785490.9670,139300.4726,827.3981,LL,B
16390,785466.5864,139256.8364,827.2821,LL
16391,785454.3260,139235.0494,827.2131,LL
16392,785442.0164,139213.2900,827.1747,LL
16393,785429.7733,139191.4932,827.1217,LL
16394,785417.5596,139169.6799,827.0487,LL
16395,785405.2972,139147.8940,826.9703,LL
16396,785393.0174,139126.1178,826.8843,LL
16397,785380.7266,139104.3478,826.8237,LL
16398,785368.4633,139082.5623,826.7804,LL
16399,785356.2102,139060.7711,826.7339,LL
16400,785343.9337,139038.9930,826.6905,LL
16401,785331.6520,139017.2179,826.6347,LL
16402,785319.3478,138995.4554,826.5822,LL
16403,785307.0399,138973.6950,826.5438,LL
16404,785294.7303,138951.9357,826.4931,LL
16405,785282.4226,138930.1753,826.3953,LL
16406,785270.0947,138908.4263,826.3344,LL
16407,785257.7214,138886.7031,826.2890,LL
16408,785245.3878,138864.9573,826.2505,LL
16409,785233.0915,138843.1904,826.2252,LL
16410,785220.8262,138821.4060,826.1749,LL
16411,785208.5378,138799.6346,826.1447,LL
16412,785196.2543,138777.8605,826.1088,LL
16413,785183.9545,138756.0956,826.0335,LL
16414,785171.6600,138734.3277,825.9812,LL
16415,785159.3520,138712.5677,825.9644,LL
16416,785147.0809,138690.7873,825.9306,LL
16417,785134.8214,138668.9997,825.8947,LL
16418,785122.5367,138647.2263,825.8028,LL
16419,785110.2602,138625.4483,825.7258,LL
16420,785097.9869,138603.6685,825.6672,LL
16421,785085.6725,138581.9118,825.6193,LL
16422,785073.3894,138560.1374,825.5907,LL
16423,785061.0914,138538.3715,825.5437,LL
16424,785048.8266,138516.5869,825.4765,LL
16425,785036.5140,138494.8292,825.4038,LL
16426,785024.2263,138473.0575,825.3311,LL
16427,785011.8713,138451.3239,825.2925,LL
16428,784999.5849,138429.5515,825.2405,LL
16429,784987.3030,138407.7764,825.2025,LL
16430,784975.0125,138386.0062,825.1576,LL
16431,784962.7405,138364.2257,825.1126,LL
16432,784950.4278,138342.4680,825.0628,LL
16433,784938.1138,138320.7111,825.0180,LL
16434,784925.8070,138298.9501,824.9805,LL
16435,784913.5039,138277.1870,824.9468,LL
16436,784901.2442,138255.3996,824.8638,LL
16437,784888.9703,138233.6202,824.7664,LL
16438,784876.6616,138211.8603,824.7181,LL
16439,784864.3693,138190.0911,824.6937,LL
16440,784852.1131,138168.3015,824.6543,LL
16441,784839.8546,138146.5134,824.6116,LL
16442,784827.5857,138124.7310,824.5424,LL
16443,784815.3064,138102.9544,824.5311,LL
16444,784803.0399,138081.1707,824.5095,LL
16445,784790.7566,138059.3964,824.4516,LL
16446,784778.4738,138037.6220,824.4035,LL
16447,784766.1873,138015.8495,824.3579,LL
16448,784753.9212,137994.0656,824.2996,LL
16449,784741.6587,137972.2796,824.2422,LL
16450,784729.3982,137950.4925,824.1986,LL
16451,784717.1411,137928.7035,824.1490,LL
16452,784704.8900,137906.9112,824.0930,LL
16453,784692.6411,137885.1176,824.0247,LL
16454,784680.3614,137863.3414,823.9893,LL
16455,784668.1038,137841.5526,823.9298,LL
16456,784655.8560,137819.7584,823.8819,LL
16457,784643.5028,137798.0238,823.8498,LL
16458,784631.1844,137776.2693,823.7970,LL
16459,784618.9201,137754.4844,823.7550,LL
16460,784606.6782,137732.6869,823.7325,LL
16461,784594.3875,137710.9169,823.6498,LL
16462,784582.0746,137689.1594,823.5755,LL
16463,784569.7680,137667.3983,823.5483,LL
16464,784557.4882,137645.6221,823.5007,LL
16465,784545.2013,137623.8499,823.4648,LL
16466,784532.9137,137602.0781,823.3944,LL
16467,784520.6569,137580.2889,823.3362,LL
16468,784508.4413,137558.4767,823.2834,LL
16469,784496.2492,137536.6513,823.2095,LL
16470,784484.0353,137514.8381,823.1444,LL
16471,784471.7807,137493.0479,823.0714,LL
16472,784459.5574,137471.2400,823.0014,LL
16473,784447.3248,137449.4372,822.9339,LL
16474,784435.0539,137427.6561,822.8373,LL
16475,784422.7942,137405.8686,822.7812,LL
16476,784410.5419,137384.0770,822.7007,LL
16477,784398.2729,137362.2948,822.6238,LL
16478,784385.9604,137340.5370,822.5583,LL
16479,784373.6316,137318.7887,822.4754,LL
16480,784361.2863,137297.0497,822.3781,LL
16481,784349.0122,137275.2704,822.2914,LL
16482,784336.7269,137253.4974,822.1977,LL
16483,784324.3712,137231.7643,822.1114,LL
16484,784312.0575,137210.0073,822.0397,LL
16485,784299.7652,137188.2384,821.9192,LL
16486,784287.4657,137166.4736,821.8024,LL
16487,784275.1685,137144.7074,821.7007,LL
16488,784262.8332,137122.9627,821.6026,LL
16489,784250.5492,137101.1891,821.4946,LL
16490,784238.2714,137079.4120,821.3728,LL
16491,784226.0018,137057.6305,821.2237,LL
16492,784213.7201,137035.8558,821.0838,LL
16493,784201.4661,137014.0654,820.9535,LL
16494,784189.2290,136992.2653,820.8612,LL
16495,784176.9822,136970.4707,820.7571,LL
16496,784164.7031,136948.6943,820.6374,LL
16497,784152.4037,136926.9297,820.4848,LL
16498,784140.0917,136905.1722,820.3146,LL
16499,784127.8372,136883.3823,820.1648,LL
16500,784115.5765,136861.5958,820.0017,LL
16501,784103.3276,136839.8029,819.8136,LL
16502,784091.0556,136818.0228,819.6584,LL
16503,784078.7945,136796.2366,819.4957,LL
16504,784066.5145,136774.4611,819.3315,LL
16505,784054.2478,136752.6780,819.1621,LL
16506,784041.9759,136730.8976,819.0373,LL
16507,784029.7560,136709.0880,818.9237,LL
16508,784017.5171,136687.2892,818.7927,LL
16509,784005.3029,136665.4766,818.6264,LL
16510,783993.0946,136643.6607,818.4706,LL
16511,783980.8722,136621.8527,818.3173,LL
16512,783968.6054,136600.0698,818.1521,LL
16513,783956.3733,136578.2671,817.9899,LL
16514,783944.1412,136556.4645,817.8587,LL
16515,783931.9252,136534.6528,817.7253,LL
16516,783919.6615,136512.8680,817.5834,LL
16517,783907.3607,136491.1042,817.4437,LL
16518,783904.9640,136486.9532,817.4224,LL,E
16519,784552.5489,137757.0674,823.8461,LL,B
16520,784540.1049,137735.3846,823.7949,LL
16521,784527.6900,137713.6851,823.6974,LL
16522,784515.3372,137691.9502,823.6769,LL
16523,784502.8896,137670.2694,823.5965,LL
16524,784490.4175,137648.6027,823.5083,LL
16525,784477.9455,137626.9359,823.4575,LL
16526,784465.5786,137605.2092,823.3646,LL
16527,784453.2790,137583.4441,823.2545,LL
16528,784440.9793,137561.6790,823.2029,LL
16529,784428.6797,137539.9139,823.1526,LL
16530,784416.3801,137518.1488,823.1120,LL
16531,784404.1283,137496.3568,823.0557,LL
16532,784391.8882,137474.5582,822.9701,LL
16533,784379.6481,137452.7595,822.8942,LL
16534,784367.4081,137430.9609,822.8060,LL
16535,784355.1680,137409.1623,822.6964,LL
16536,784342.9279,137387.3636,822.5676,LL
16537,784330.6878,137365.5650,822.4691,LL
16538,784318.4477,137343.7664,822.4001,LL
16539,784306.2239,137321.9586,822.3213,LL
16540,784294.0031,137300.1492,822.2510,LL
16541,784281.7823,137278.3397,822.1747,LL
16542,784269.4989,137256.5655,822.0748,LL
16543,784257.1670,137234.8187,821.9626,LL
16544,784244.8351,137213.0719,821.8452,LL
16545,784232.5031,137191.3251,821.7317,LL
16546,784220.1712,137169.5783,821.6080,LL
16547,784207.8393,137147.8315,821.4924,LL
16548,784195.5139,137126.0810,821.3954,LL
16549,784183.2213,137104.3120,821.2685,LL
16550,784170.9287,137082.5429,821.1298,LL
16551,784158.6361,137060.7738,821.0290,LL
16552,784146.3435,137039.0048,820.9155,LL
16553,784134.0509,137017.2357,820.7846,LL
16554,784121.7583,136995.4666,820.6443,LL
16555,784109.5026,136973.6768,820.5082,LL
16556,784097.2588,136951.8803,820.3884,LL
16557,784085.0149,136930.0838,820.2742,LL
16558,784072.7711,136908.2872,820.1463,LL
16559,784060.5273,136886.4907,820.0225,LL
16560,784059.7807,136885.1617,820.0121,LL,E
16561,810699.4907,151217.8744,846.7230,LL,B
16562,810674.4920,151218.1313,846.6716,LL
16563,810649.4930,151218.3542,846.6294,LL
16564,810624.4939,151218.5678,846.5828,LL
16565,810599.4948,151218.7813,846.5251,LL
16566,810574.4957,151218.9949,846.4555,LL
16567,810549.4966,151219.2084,846.3728,LL
16568,810524.4975,151219.4220,846.2976,LL
16569,810499.4988,151219.6697,846.2369,LL
16570,810474.5001,151219.9250,846.1825,LL
16571,810449.5014,151220.1802,846.1084,LL
16572,810424.5027,151220.4355,846.0074,LL
16573,810399.5036,151220.6513,845.9278,LL
16574,810374.5045,151220.8624,845.8630,LL
16575,810349.5054,151221.0736,845.7717,LL
16576,810324.5063,151221.2847,845.7084,LL
16577,810299.5072,151221.4959,845.6464,LL
16578,810274.5085,151221.7514,845.6080,LL
16579,810249.5101,151222.0294,845.5487,LL
16580,810224.5116,151222.3074,845.4789,LL
16581,810199.5132,151222.5853,845.3486,LL
16582,810174.5147,151222.8633,845.2802,LL
16583,810149.5161,151223.1263,845.2326,LL
16584,810124.5174,151223.3816,845.2099,LL
16585,810099.5187,151223.6370,845.1842,LL
16586,810074.5200,151223.8924,845.2692,LL
16587,810049.5211,151224.1222,844.9713,LL
16588,810024.5214,151224.2529,844.8640,LL
16589,809999.5218,151224.3836,844.7874,LL
16590,809974.5245,151224.1175,844.7027,LL
16591,809949.5283,151223.6819,844.5670,LL
16592,809924.5362,151223.1128,844.5098,LL
16593,809899.5594,151222.0347,844.4533,LL
16594,809874.6050,151220.5737,844.3721,LL
16595,809849.6724,151218.7391,844.2974,LL
16596,809824.7778,151216.4467,844.1478,LL
16597,809799.8836,151214.1497,844.0324,LL
16598,809774.9893,151211.8527,843.9679,LL
16599,809750.1521,151209.0146,843.8668,LL
16600,809737.1005,151207.4670,843.8437,LL,E
16601,809984.9248,151240.0433,845.1605,LL,B
16602,809959.9306,151239.5074,845.0827,LL
16603,809934.9381,151238.9122,845.0039,LL
16604,809909.9574,151237.9319,844.9026,LL
16605,809884.9842,151236.7844,844.8341,LL
16606,809860.0430,151235.0718,844.7586,LL
16607,809835.1174,151233.1529,844.7096,LL
16608,809810.2057,151231.0548,844.6736,LL
16609,809785.3278,151228.5870,844.6538,LL
16610,809760.4709,151225.9310,844.6109,LL
16611,809735.6620,151222.8459,844.5669,LL
16612,809710.8927,151219.4629,844.4543,LL
16613,809686.1416,151215.9456,844.4512,LL
16614,809661.5068,151211.6878,844.4209,LL
16615,809644.4808,151208.7450,844.4450,LL,E
16616,810382.7385,151367.1593,845.9257,LL,B
16617,810357.7404,151366.8490,845.8745,LL
16618,810332.7424,151366.5387,845.8231,LL
16619,810307.7443,151366.2283,845.7615,LL
16620,810282.7462,151365.9180,845.6842,LL
16621,810257.7481,151365.6077,845.6110,LL
16622,810232.7498,151365.6147,845.5650,LL
16623,810207.7514,151365.8901,845.4973,LL
16624,810182.7535,151366.2096,845.4158,LL
16625,810157.7566,151366.6042,845.3666,LL
16626,810132.7606,151367.0418,845.3203,LL
16627,810107.7681,151367.6558,845.2295,LL
16628,810082.7756,151368.2699,845.1096,LL
16629,810057.7832,151368.8839,844.9953,LL
16630,810032.7940,151369.6187,844.9006,LL
16631,810007.8051,151370.3621,844.8330,LL
16632,809982.8161,151371.1055,844.7177,LL
16633,809957.8272,151371.8489,844.6644,LL
16634,809932.8382,151372.5924,844.6480,LL
16635,809907.8493,151373.3358,844.6437,LL
16636,809882.8603,151374.0792,844.6166,LL
16637,809857.8723,151374.8515,844.6054,LL
16638,809832.8872,151375.7128,844.5928,LL
16639,809807.9020,151376.5741,844.5009,LL
16640,809782.9169,151377.4354,844.3499,LL
16641,809757.9317,151378.2966,844.1946,LL
16642,809732.9465,151379.1579,844.0809,LL
16643,809707.9614,151380.0192,843.9808,LL
16644,809682.9956,151381.2642,843.8523,LL
16645,809658.0511,151382.9288,843.6993,LL
16646,809633.1066,151384.5935,843.5780,LL
16647,809608.1621,151386.2581,843.4565,LL
16648,809603.4686,151386.5714,843.4384,LL,E
16649,810096.3008,151351.3335,845.7320,LL,B
16650,810071.3171,151352.2375,845.6056,LL
16651,810046.3325,151353.1147,845.5071,LL
16652,810021.3466,151353.9541,845.4036,LL
16653,809996.3607,151354.7934,845.2871,LL
16654,809971.3759,151355.6627,845.2025,LL
16655,809946.3933,151356.5956,845.1229,LL
16656,809921.4099,151357.5061,845.0779,LL
16657,809896.4236,151358.3322,845.0660,LL
16658,809871.4372,151359.1583,845.0418,LL
16659,809846.4509,151359.9844,845.0003,LL
16660,809821.4645,151360.8105,844.9568,LL
16661,809796.4782,151361.6366,844.8996,LL
16662,809771.4918,151362.4627,844.7764,LL
16663,809746.5055,151363.2887,844.6553,LL
16664,809721.5346,151364.4713,844.5224,LL
16665,809696.5709,151365.8181,844.4273,LL
16666,809671.6072,151367.1648,844.3821,LL
16667,809646.6435,151368.5116,844.3415,LL
16668,809621.6878,151369.9696,844.2496,LL
16669,809596.7876,151372.2006,844.0707,LL
16670,809571.8873,151374.4316,843.8965,LL
16671,809546.9871,151376.6626,843.8005,LL
16672,809546.3016,151376.7240,843.7952,LL,E
16673,807530.5324,151006.3143,836.0283,LL,B
16674,807507.9899,150995.5064,835.9521,LL
16675,807485.3372,150984.9301,835.9384,LL
16676,807462.7266,150974.2643,835.9941,LL
16677,807440.1248,150963.5799,836.0239,LL
16678,807417.3714,150953.2267,835.9969,LL
16679,807394.5069,150943.1166,835.9787,LL
16680,807371.6139,150933.0726,836.0050,LL
16681,807348.5647,150923.3910,835.9060,LL
16682,807325.3939,150914.0108,835.8064,LL
16683,807308.3448,150907.2321,835.7647,LL,E
16684,807355.3781,150946.0788,835.2863,LL,B
16685,807332.2008,150936.7079,835.2146,LL
16686,807308.9753,150927.4571,835.1922,LL
16687,807285.7498,150918.2063,835.1922,LL
16688,807262.4962,150909.0267,835.1824,LL
16689,807239.2235,150899.8955,835.1437,LL
16690,807215.9734,150890.7067,835.0792,LL
16691,807192.7249,150881.5139,835.0378,LL
16692,807169.5018,150872.2572,835.0018,LL
16693,807146.2936,150862.9633,834.9759,LL
16694,807123.0854,150853.6693,834.9088,LL
16695,807099.8771,150844.3753,834.8636,LL
16696,807076.6689,150835.0813,834.8478,LL
16697,807053.4650,150825.7766,834.8212,LL
16698,807030.2714,150816.4461,834.7934,LL
16699,807007.0779,150807.1155,834.7468,LL
16700,806983.8897,150797.7716,834.7007,LL
16701,806960.7126,150788.4002,834.6351,LL
16702,806937.5355,150779.0289,834.5700,LL
16703,806914.3584,150769.6576,834.5157,LL
16704,806891.1813,150760.2863,834.4628,LL
16705,806868.0780,150750.7347,834.4080,LL
16706,806844.9972,150741.1292,834.3394,LL
16707,806822.0184,150731.2817,834.2564,LL
16708,806799.0395,150721.4342,834.2223,LL
16709,806776.0607,150711.5867,834.2320,LL
16710,806753.0818,150701.7392,834.2063,LL
16711,806730.2413,150691.5768,834.1562,LL
16712,806707.4397,150681.3256,834.1100,LL
16713,806684.6381,150671.0744,834.0528,LL
16714,806661.8365,150660.8232,833.9871,LL
16715,806639.0738,150650.4858,833.9081,LL
16716,806616.3171,150640.1355,833.8230,LL
16717,806593.5603,150629.7852,833.7391,LL
16718,806570.8631,150619.3072,833.6605,LL
16719,806548.3176,150608.5045,833.5742,LL
16720,806525.7721,150597.7017,833.4831,LL
16721,806503.2265,150586.8990,833.3766,LL
16722,806480.8606,150575.7357,833.2813,LL
16723,806458.9278,150563.7393,833.1998,LL
16724,806437.0877,150551.5744,833.1339,LL
16725,806415.3519,150539.2232,833.1015,LL
16726,806393.5638,150526.9643,833.0534,LL
16727,806371.7713,150514.7134,832.9662,LL
16728,806349.9546,150502.5056,832.9206,LL
16729,806328.1288,150490.3140,832.7767,LL
16730,806306.3816,150477.9836,832.6948,LL
16731,806284.5443,150465.8167,832.5896,LL
16732,806265.3804,150455.5683,832.4737,LL,E
16733,807555.3048,150844.0589,835.4531,LL,B
16734,807530.8556,150838.8449,835.4330,LL
16735,807506.5236,150833.1076,835.3872,LL
16736,807482.2441,150827.1523,835.3667,LL
16737,807458.0728,150820.7696,835.3395,LL
16738,807433.9389,150814.2461,835.2765,LL
16739,807409.8638,150807.5117,835.1796,LL
16740,807385.8318,150800.6224,835.0657,LL
16741,807361.8466,150793.5720,834.9488,LL
16742,807337.9490,150786.2305,834.9007,LL
16743,807314.0872,150778.7739,834.8167,LL
16744,807290.2606,150771.2047,834.7511,LL
16745,807266.4616,150763.5499,834.6946,LL
16746,807242.7021,150755.7725,834.6905,LL
16747,807218.9426,150747.9951,834.6370,LL
16748,807195.1832,150740.2177,834.5929,LL
16749,807171.4237,150732.4404,834.5476,LL
16750,807147.6642,150724.6630,834.4794,LL
16751,807123.9047,150716.8856,834.3922,LL
16752,807100.1453,150709.1082,834.3461,LL
16753,807076.3850,150701.3332,834.3088,LL
16754,807052.6047,150693.6198,834.2920,LL
16755,807028.8244,150685.9064,834.2685,LL
16756,807005.3324,150678.4266,834.2486,LL
16757,807003.0779,150677.7142,834.2521,LL,E
16758,806274.7476,150324.5845,831.2298,LL,B
16759,806296.9744,150336.0277,831.3466,LL
16760,806319.0830,150347.6985,831.4932,LL
16761,806341.2134,150359.3279,831.6214,LL
16762,806363.3878,150370.8733,831.7271,LL
16763,806385.6442,150382.2596,831.7884,LL
16764,806407.9114,150393.6250,831.8582,LL
16765,806430.1786,150404.9903,831.9509,LL
16766,806452.5345,150416.1802,832.0060,LL
16767,806474.8976,150427.3557,832.0972,LL
16768,806497.2606,150438.5312,832.2078,LL
16769,806519.7971,150449.3527,832.3397,LL
16770,806542.3379,150460.1654,832.4301,LL
16771,806564.8786,150470.9781,832.5186,LL
16772,806587.4194,150481.7908,832.5930,LL
16773,806610.0240,150492.4688,832.6782,LL
16774,806632.6677,150503.0641,832.7559,LL
16775,806655.3809,150513.5096,832.8739,LL
16776,806678.0941,150523.9552,832.9499,LL
16777,806700.9253,150534.1394,832.9867,LL
16778,806723.7810,150544.2694,833.0222,LL
16779,806746.6432,150554.3848,833.1059,LL
16780,806769.5153,150564.4777,833.2187,LL
16781,806792.3874,150574.5707,833.2775,LL
16782,806815.3155,150584.5355,833.3456,LL
16783,806838.2530,150594.4789,833.3914,LL
16784,806861.1993,150604.4016,833.4721,LL
16785,806884.3117,150613.9314,833.5548,LL
16786,806907.4241,150623.4611,833.6565,LL
16787,806930.5365,150632.9909,833.7347,LL
16788,806953.7206,150642.3446,833.7791,LL
16789,806977.1687,150651.0037,833.8085,LL
16790,807000.7213,150659.3866,833.8272,LL
16791,807024.3576,150667.5308,833.8133,LL
16792,807048.0548,150675.4938,833.8480,LL
16793,807071.8057,150683.2971,833.9234,LL
16794,807095.5567,150691.1004,834.0065,LL
16795,807119.3077,150698.9037,834.0465,LL
16796,807143.0586,150706.7070,834.1271,LL
16797,807166.8096,150714.5103,834.1868,LL
16798,807190.5715,150722.2801,834.2049,LL
16799,807214.3390,150730.0331,834.2683,LL
16800,807238.1064,150737.7861,834.2937,LL
16801,807261.8739,150745.5391,834.3490,LL
16802,807262.6401,150745.7891,834.3604,LL,E
16803,806258.5981,150452.0470,832.4297,LL,B
16804,806254.9029,150449.5815,832.4107,LL,E
16805,786925.4545,141859.2771,829.0267,LL,B
16806,786907.3376,141842.0499,829.1600,LL
16807,786889.3441,141824.6938,829.2267,LL
16808,786871.3506,141807.3377,829.3756,LL
16809,786853.1860,141790.1612,829.5548,LL
16810,786835.2076,141772.7897,829.7206,LL
16811,786817.1162,141755.5358,829.7439,LL
16812,786799.0652,141738.2398,829.7120,LL
16813,786781.0947,141720.8599,829.6433,LL
16814,786762.9917,141703.6181,829.6104,LL
16815,786744.8655,141686.4006,829.6341,LL
16816,786726.6742,141669.2520,829.6356,LL
16817,786708.4802,141652.1062,829.6499,LL
16818,786690.2296,141635.0207,829.5611,LL
16819,786671.9569,141617.9588,829.4106,LL
16820,786653.6452,141600.9388,829.2700,LL
16821,786635.3679,141583.8818,829.0830,LL
16822,786617.1097,141566.8045,828.7883,LL
16823,786605.2311,141555.6941,828.5509,LL,E
16824,785026.5222,138660.5640,825.6180,LL,B
16825,785014.3912,138638.7048,825.6747,LL
16826,785002.0424,138616.9677,825.7409,LL
16827,784989.8148,138595.1621,825.7274,LL
16828,784977.6200,138573.3381,825.7007,LL
16829,784965.4418,138551.5048,825.6444,LL
16830,784953.2635,138529.6716,825.5762,LL
16831,784941.2964,138507.7222,825.5166,LL
16832,784929.3761,138485.7471,825.4597,LL
16833,784917.4558,138463.7720,825.3460,LL
16834,784905.5355,138441.7968,825.2879,LL
16835,784893.6153,138419.8217,825.2711,LL
16836,784881.6950,138397.8465,825.2411,LL
16837,784869.9750,138375.7658,825.2247,LL
16838,784858.5787,138353.5144,825.1636,LL
16839,784847.1380,138331.2859,825.1130,LL
16840,784835.6973,138309.0573,825.0117,LL
16841,784824.2723,138286.8206,824.9132,LL
16842,784812.8725,138264.5710,824.8502,LL
16843,784801.4576,138242.3292,824.8039,LL
16844,784790.0002,138220.1092,824.7041,LL
16845,784778.5427,138197.8892,824.6194,LL
16846,784767.1851,138175.6183,824.5354,LL
16847,784755.8471,138153.3372,824.5070,LL
16848,784744.4542,138131.0840,824.4845,LL
16849,784733.1813,138108.7699,824.4249,LL
16850,784721.8550,138086.4828,824.3597,LL
16851,784710.5259,138064.1971,824.3403,LL
16852,784699.2393,138041.8899,824.3283,LL
16853,784687.9249,138019.5968,824.3124,LL
16854,784676.6697,137997.2738,824.3201,LL
16855,784665.3721,137974.9722,824.2787,LL
16856,784654.1101,137952.6526,824.2385,LL
16857,784642.8993,137930.3072,824.1996,LL
16858,784631.7532,137907.9295,824.1203,LL
16859,784620.5313,137885.5896,824.0983,LL
16860,784609.2896,137863.2598,824.0362,LL
16861,784597.8901,137841.0101,823.9451,LL
16862,784586.3837,137818.8155,823.9391,LL
16863,784574.9015,137796.6502,823.9638,LL
16864,784568.5285,137784.7427,823.9315,LL,E
16865,787301.2986,142041.8817,823.2896,LL,B
16866,787281.2141,142026.9954,823.2986,LL
16867,787261.3261,142011.8477,823.2838,LL
16868,787241.5195,141996.5936,823.2970,LL
16869,787221.9878,141980.9888,823.3101,LL
16870,787202.6483,141965.1464,823.3497,LL
16871,787183.4852,141949.0912,823.4006,LL
16872,787164.5520,141932.7672,823.4303,LL
16873,787146.0503,141915.9545,823.4423,LL
16874,787127.7624,141898.9094,823.4513,LL
16875,787109.6581,141881.6694,823.4668,LL
16876,787091.7051,141864.2713,823.5185,LL
16877,787073.9418,141846.6798,823.5586,LL
16878,787056.2407,141829.0256,823.6089,LL
16879,787038.5653,141811.3456,823.6667,LL
16880,787021.0671,141793.4919,823.7277,LL
16881,787004.6371,141774.6494,823.7478,LL
16882,786988.4788,141755.5747,823.7319,LL
16883,786972.5926,141736.2713,823.7549,LL
16884,786957.0798,141716.6675,823.6880,LL
16885,786941.8392,141696.8505,823.5904,LL
16886,786926.9930,141676.7376,823.4322,LL
16887,786912.7538,141656.1914,823.2936,LL
16888,786910.9744,141653.5880,823.2803,LL,E
16889,787004.9367,141798.6708,824.7533,LL,B
16890,786988.7880,141779.5863,824.7352,LL
16891,786972.7634,141760.3979,824.7419,LL
16892,786956.9748,141741.0149,824.7192,LL
16893,786941.4617,141721.4112,824.6592,LL
16894,786926.1647,141701.6375,824.5345,LL
16895,786911.3449,141681.5042,824.4329,LL
16896,786897.1850,141660.9017,824.3421,LL
16897,786883.8137,141639.7800,824.2758,LL
16898,786870.8417,141618.4091,824.1928,LL
16899,786858.1301,141596.8820,824.3117,LL
16900,786846.0302,141575.0189,824.4739,LL
16901,786834.6808,141552.7435,824.6116,LL
16902,786823.6168,141530.3288,824.8773,LL
16903,786813.0491,141507.6725,825.3524,LL
16904,786803.0570,141484.7562,825.8648,LL
16905,786797.9901,141473.1354,826.1270,LL,E
16906,784085.5317,136719.2754,818.6863,LL,B
16907,784072.6587,136697.8445,818.5435,LL
16908,784059.8669,136676.3654,818.3920,LL
16909,784047.2072,136654.8078,818.2288,LL
16910,784034.4238,136633.3233,818.1157,LL
16911,784021.6403,136611.8388,818.0286,LL
16912,784008.8569,136590.3543,817.8854,LL
16913,783996.0735,136568.8698,817.7155,LL
16914,783983.3187,136547.3683,817.5671,LL
16915,783970.5926,136525.8498,817.4287,LL
16916,783957.8664,136504.3314,817.3119,LL
16917,783945.1402,136482.8129,817.1736,LL
16918,783932.4140,136461.2944,817.0308,LL
16919,783919.6878,136439.7760,816.9114,LL
16920,783918.9523,136438.5323,816.9108,LL,E
